source,source_id,title,authors,year,venue,doi,url,query,matched_queries
arXiv,2607.14047v3,"Zero2Skill: Bootstrapping Robot Skills through Autonomous Data Collection, Training, and Deployment",Boyuan Wang; Zhenyuan Zhang; Zhiqin Yang; Peijun Gu; Shuya Wang; Xiaofeng Wang; Xianghui Ze; Yifan Chang; Guosheng Zhao; Jiangnan Shao; Guan Huang; Hengyu Liu; Yonggang Zhang; Wei Xue; Chunyuan Guan; Chenglin Pu; Yike Guo; Xingang Wang; Zheng Zhu,2026,arXiv,,http://arxiv.org/abs/2607.14047v3,"cat:cs.RO AND all:""autonomous data collection""","cat:cs.RO AND all:""autonomous data collection"""
arXiv,2607.11643v1,Xiaomi-Robotics-U0: Unified Embodied Synthesis with World Foundation Model,Xinghang Li; Jun Guo; Qiwei Li; Long Qian; Hang Lai; Yueze Wang; Hongyu Yan; Jiahang Cao; Xi Chen; Jingen Qu; Jiaxi Song; Nan Sun; Hanye Zhao; Futeng Liu; Wanli Peng; Heyun Wang; Yunhong Wang; Caoyu Xia; Jack Zhao; Diyun Xiang; Hangjun Ye; Heng Qu; Huaping Liu; Jason Li,2026,arXiv,,http://arxiv.org/abs/2607.11643v1,"cat:cs.RO AND all:""data engine""","cat:cs.RO AND all:""data engine"""
arXiv,2607.28560v1,X-NavDP: Generalizing Navigation Diffusion Policy to Novel Behavior and Embodiments with Group Q-score Reweighted Matching,Tianyu Yang; Yiming Zeng; Wenzhe Cai; Yuqiang Yang; Jiaqi Peng; Hui Cheng; Jiangmiao Pang; Tai Wang,2026,arXiv,,http://arxiv.org/abs/2607.28560v1,"cat:cs.RO AND (all:""cross-embodiment"" OR all:""action alignment"")","cat:cs.RO AND (all:""cross-embodiment"" OR all:""action alignment"")"
arXiv,2607.13154v2,Worlds in One Demo: A Synthetic Data Engine for Learning Open-World Mobile Manipulation,Lingxiao Guo; Huanyu Li; Guanya Shi,2026,arXiv,,http://arxiv.org/abs/2607.13154v2,"cat:cs.RO AND (all:""automatic annotation"" OR all:relabeling OR all:segmentation)","cat:cs.RO AND (all:""automatic annotation"" OR all:relabeling OR all:segmentation) || cat:cs.RO AND (all:""cross-embodiment"" OR all:""action alignment"") || cat:cs.RO AND all:""data engine"""
arXiv,2607.18840v1,WorldScape Policy 2.0: Empowering Steerable World Action Modeling with Reasoning-Augmented Memory,Haisheng Su; Zongdai Liu; Xin Jin; Haoxuan Dou; Chengming Hu; Baorun Li; Zhanwang Liu; Ruiyan Xu; Jianjie Fang; Xin Zhang; Zhenjie Yang; Xue Yang; Chen Gao; Junchi Yan; Yong Li; Wei Wu,2026,arXiv,,http://arxiv.org/abs/2607.18840v1,"cat:cs.RO AND (all:""automatic annotation"" OR all:relabeling OR all:segmentation)","cat:cs.RO AND (all:""automatic annotation"" OR all:relabeling OR all:segmentation) || cat:cs.RO AND (all:""cross-embodiment"" OR all:""action alignment"")"
arXiv,2607.02431v1,WorldSample: Closed-loop Real-robot RL with World Modelling,Yuquan Xue; Le Xu; Zeyi Liu; Zhenyu Wu; Zhengyi Gu; Xinyang Song; Bofang Jia; Ziwei Wang,2026,arXiv,,http://arxiv.org/abs/2607.02431v1,"cat:cs.RO AND (all:""data augmentation"" OR all:""synthetic demonstrations"")","cat:cs.RO AND (all:""data augmentation"" OR all:""synthetic demonstrations"")"
arXiv,2602.08971v2,WorldArena: A Unified Benchmark for Evaluating Perception and Functional Utility of Embodied World Models,Yu Shang; Zhuohang Li; Yiding Ma; Weikang Su; Xin Jin; Ziyou Wang; Lei Jin; Xin Zhang; Yinzhou Tang; Haisheng Su; Chen Gao; Wei Wu; Xihui Liu; Dhruv Shah; Zhaoxiang Zhang; Zhibo Chen; Jun Zhu; Yonghong Tian; Tat-Seng Chua; Wenwu Zhu; Yong Li,2026,arXiv,,http://arxiv.org/abs/2602.08971v2,"cat:cs.RO AND all:""data engine""","cat:cs.RO AND all:""data engine"""
arXiv,2606.02027v1,World-Task Factorization for Robot Learning,Eduardo Sebastián; Adrian Pfisterer; Vito Mengers; Oliver Brock; Amanda Prorok,2026,arXiv,,http://arxiv.org/abs/2606.02027v1,"cat:cs.RO AND (all:""world model"" AND all:""data generation"")","cat:cs.RO AND (all:""world model"" AND all:""data generation"")"
arXiv,2605.00080v1,World Model for Robot Learning: A Comprehensive Survey,Bohan Hou; Gen Li; Jindou Jia; Tuo An; Xinying Guo; Sicong Leng; Haoran Geng; Yanjie Ze; Tatsuya Harada; Philip Torr; Oier Mees; Marc Pollefeys; Zhuang Liu; Jiajun Wu; Pieter Abbeel; Jitendra Malik; Yilun Du; Jianfei Yang,2026,arXiv,,http://arxiv.org/abs/2605.00080v1,"cat:cs.RO AND (all:""world model"" AND all:""data generation"")","cat:cs.RO AND (all:""world model"" AND all:""data generation"")"
arXiv,2604.01985v2,World Action Verifier: Self-Improving World Models via Forward-Inverse Asymmetry,Yuejiang Liu; Fan Feng; Lingjing Kong; Weifeng Lu; Jinzhou Tang; Kun Zhang; Kevin Murphy; Chelsea Finn; Yilun Du,2026,arXiv,,http://arxiv.org/abs/2604.01985v2,"cat:cs.RO AND (all:""self-improvement"" OR all:""online post-training"")","cat:cs.RO AND (all:""self-improvement"" OR all:""online post-training"")"
arXiv,2607.10999v1,Wearing A Coat: Dual-Arm Robot-Assisted Dressing with Differentiable Clothing Simulation,Yiming Liu; Lijun Han; Hesheng Wang,2026,arXiv,,http://arxiv.org/abs/2607.10999v1,"cat:cs.RO AND (all:""automatic annotation"" OR all:relabeling OR all:segmentation)","cat:cs.RO AND (all:""automatic annotation"" OR all:relabeling OR all:segmentation)"
arXiv,2607.11603v1,WarpMPC: Large-Batch MPC on GPU via ADMM with Unrolled $LDL^\top$ Factorization,Henrik Hose; Se Hwan Jeon; Charles Khazoom; Sangbae Kim; Sebastian Trimpe,2026,arXiv,,http://arxiv.org/abs/2607.11603v1,"cat:cs.RO AND (all:""automatic annotation"" OR all:relabeling OR all:segmentation)","cat:cs.RO AND (all:""automatic annotation"" OR all:relabeling OR all:segmentation)"
arXiv,2604.08958v3,WOMBET: World Model-Based Experience Transfer for Robust and Sample-efficient Reinforcement Learning,Mintae Kim; Koushil Sreenath,2026,arXiv,,http://arxiv.org/abs/2604.08958v3,"cat:cs.RO AND (all:""world model"" AND all:""data generation"")","cat:cs.RO AND (all:""world model"" AND all:""data generation"")"
arXiv,2607.13405v1,WNOJ-LIO: A White-Noise-on-Jerk Motion-Prior EKF for High-Dynamic LiDAR-IMU Fusion,Junning Lyu; Qizhi Guo; Xia Ning; Tao Song; Shaoming He,2026,arXiv,,http://arxiv.org/abs/2607.13405v1,"cat:cs.RO AND (all:""automatic annotation"" OR all:relabeling OR all:segmentation)","cat:cs.RO AND (all:""automatic annotation"" OR all:relabeling OR all:segmentation)"
arXiv,2606.28320v3,WARP-RM: A Warp-Augmented Relative Progress Reward Model for Data Curation,Justin Yu; Andrew Goldberg; Kavish Kondap; Karim El-Refai; Ethan Ransing; Qianzhong Chen; Mac Schwager; Fred Shentu; Philipp Wu; Ken Goldberg,2026,arXiv,,http://arxiv.org/abs/2606.28320v3,"cat:cs.RO AND all:""data curation""","cat:cs.RO AND all:""data curation"""
arXiv,2607.21400v1,"VoLN: Vision-Only Long-Horizon Navigation---Paradigm, Benchmark, and Method",Jiabin Lou; Haopeng Wang; Yuanshuai Wang; Xinyu Liu; Xuxin Lv; Yuxin Guo; Lei Huang; Rongye Shi; Wenjun Wu,2026,arXiv,,http://arxiv.org/abs/2607.21400v1,"cat:cs.RO AND (all:""automatic annotation"" OR all:relabeling OR all:segmentation)","cat:cs.RO AND (all:""automatic annotation"" OR all:relabeling OR all:segmentation)"
arXiv,2606.18247v1,Visual Verification Enables Inference-time Steering and Autonomous Policy Improvement,Mingtong Zhang; Dhruv Shah,2026,arXiv,,http://arxiv.org/abs/2606.18247v1,"cat:cs.RO AND (all:""self-improvement"" OR all:""online post-training"")","cat:cs.RO AND (all:""self-improvement"" OR all:""online post-training"")"
arXiv,2604.23001v1,"Vision-Language-Action in Robotics: A Survey of Datasets, Benchmarks, and Data Engines",Ziyao Wang; Bingying Wang; Hanrong Zhang; Tingting Du; Tianyang Chen; Guoheng Sun; Yexiao He; Zheyu Shen; Wanghao Ye; Ang Li,2026,arXiv,,http://arxiv.org/abs/2604.23001v1,"cat:cs.RO AND all:""data engine""","cat:cs.RO AND all:""data engine"""
arXiv,2601.07823v1,"Video Generation Models in Robotics -- Applications, Research Challenges, Future Directions",Zhiting Mei; Tenny Yin; Ola Shorinwa; Apurva Badithela; Zhonghe Zheng; Joseph Bruno; Madison Bland; Lihan Zha; Asher Hancock; Jaime Fernández Fisac; Philip Dames; Anirudha Majumdar,2026,arXiv,,http://arxiv.org/abs/2601.07823v1,"cat:cs.RO AND all:""data curation""","cat:cs.RO AND (all:""world model"" AND all:""data generation"") || cat:cs.RO AND all:""data curation"""
arXiv,2607.22530v1,ViTacWorld: Scaling Visuo-Tactile World Models for Contact-Rich Robot Manipulation,Yunao Huang; Shiyu Sang; Haotao Lu; Suting Ni; Shijie Wu; Ziyang Guo; Ye Shi; Jingya Wang,2026,arXiv,,http://arxiv.org/abs/2607.22530v1,"cat:cs.RO AND (all:""data augmentation"" OR all:""synthetic demonstrations"")","cat:cs.RO AND (all:""data augmentation"" OR all:""synthetic demonstrations"")"
arXiv,2603.14887v2,ViSA: Visited-State Augmentation for Generalized Goal-Space Contrastive Reinforcement Learning,Issa Nakamura; Tomoya Yamanokuchi; Yuki Kadokawa; Jia Qu; Shun Otsub; Ken Miyamoto; Shotaro Miwa; Takamitsu Matsubara,2026,arXiv,,http://arxiv.org/abs/2603.14887v2,"cat:cs.RO AND (all:""data augmentation"" OR all:""synthetic demonstrations"")","cat:cs.RO AND (all:""data augmentation"" OR all:""synthetic demonstrations"")"
arXiv,2606.28804v1,ViPSim: Collaborating Visual and Parameter Spaces for Consistent Long-Horizon Embodied World Models,Longyu Chen; Heng Li; Wei Yang; Manqi Zhao; Dongsheng Jiang,2026,arXiv,,http://arxiv.org/abs/2606.28804v1,"cat:cs.RO AND (all:""cross-embodiment"" OR all:""action alignment"")","cat:cs.RO AND (all:""cross-embodiment"" OR all:""action alignment"")"
arXiv,2605.30506v1,VLM-GLoc: Vision-Language Model Enhanced Monte Carlo Localization for Robust Semantic Global Localization in Cluttered Quasi-Static Environments,Shivendra Agrawal; Bradley Hayes,2026,arXiv,,http://arxiv.org/abs/2605.30506v1,"cat:cs.RO AND (all:""data augmentation"" OR all:""synthetic demonstrations"")","cat:cs.RO AND (all:""data augmentation"" OR all:""synthetic demonstrations"")"
arXiv,2606.16696v1,VENOM: Versatile Embodied Network for Omni-bodied Motion tracking,Siddharth Padmanabhan; Kazuki Miyazawa; Takato Horii,2026,arXiv,,http://arxiv.org/abs/2606.16696v1,"cat:cs.RO AND (all:""cross-embodiment"" OR all:""action alignment"")","cat:cs.RO AND (all:""cross-embodiment"" OR all:""action alignment"")"
arXiv,2605.29564v1,VE2VF: Vision-Enabled to Vision-Free Distillation via Real-world Reinforcement Learning for Robust Contact-Rich Manipulation,Victor Kowalski; Chengxi Li; Dongheui Lee,2026,arXiv,,http://arxiv.org/abs/2605.29564v1,"cat:cs.RO AND (all:""data augmentation"" OR all:""synthetic demonstrations"")","cat:cs.RO AND (all:""data augmentation"" OR all:""synthetic demonstrations"")"
arXiv,2607.19804v1,V2F: Vision-Informed Grasp Force Prediction for Damage-Aware Robotic Handling of Date Fruits,Shahd Shami; Obadah Wali; Eric Feron; Shinkyu Park,2026,arXiv,,http://arxiv.org/abs/2607.19804v1,"cat:cs.RO AND (all:""automatic annotation"" OR all:relabeling OR all:segmentation)","cat:cs.RO AND (all:""automatic annotation"" OR all:relabeling OR all:segmentation)"
arXiv,2607.00351v1,Unleashing More Actions via Action Compositional Training for VLA Models,Kai Peng; Jie Lu; Xiaojiang Peng,2026,arXiv,,http://arxiv.org/abs/2607.00351v1,"cat:cs.RO AND (all:""data augmentation"" OR all:""synthetic demonstrations"")","cat:cs.RO AND (all:""data augmentation"" OR all:""synthetic demonstrations"")"
arXiv,2607.25731v2,Tri-Manual Visuomotor Imitation Learning of Robot Policies,James Zhao; Mingyuan Ba; Weiming Zhi,2026,arXiv,,http://arxiv.org/abs/2607.25731v2,"cat:cs.RO AND (all:""automatic annotation"" OR all:relabeling OR all:segmentation)","cat:cs.RO AND (all:""automatic annotation"" OR all:relabeling OR all:segmentation)"
arXiv,2607.25798v1,Transformer Transformer: A Unified Model for Motion-Conditioned Robot Co-design,Huy Ha; C. Karen Liu; Shuran Song,2026,arXiv,,http://arxiv.org/abs/2607.25798v1,"cat:cs.RO AND (all:""cross-embodiment"" OR all:""action alignment"")","cat:cs.RO AND (all:""cross-embodiment"" OR all:""action alignment"")"
arXiv,2606.15516v2,"Transferring Contact, Not Just Motion: Compliant Grasping Across Dexterous Hands",Soofiyan Atar; Yao-Ting Huang; Michael Yip,2026,arXiv,,http://arxiv.org/abs/2606.15516v2,"cat:cs.RO AND (all:""cross-embodiment"" OR all:""action alignment"")","cat:cs.RO AND (all:""cross-embodiment"" OR all:""action alignment"")"
arXiv,2607.21071v1,TransBiolab: A Real-World Multi-View Dataset of Cluttered Transparent Biomedical Objects,Ke Ma; Yifei Wang; Meng Wang; Tian Xia,2026,arXiv,,http://arxiv.org/abs/2607.21071v1,"cat:cs.RO AND (all:""automatic annotation"" OR all:relabeling OR all:segmentation)","cat:cs.RO AND (all:""automatic annotation"" OR all:relabeling OR all:segmentation)"
arXiv,2605.13401v1,Trajectory-Level Data Augmentation for Offline Reinforcement Learning,Tobias Schmähling; Matthias Burkhardt; Tobias Windisch,2026,arXiv,,http://arxiv.org/abs/2605.13401v1,"cat:cs.RO AND (all:""data augmentation"" OR all:""synthetic demonstrations"")","cat:cs.RO AND (all:""data augmentation"" OR all:""synthetic demonstrations"")"
arXiv,2607.11657v1,Trajectory Planning and Certification for 3-DOF Robot Manipulators Using Real Quantifier Elimination Based on Comprehensive Gröbner Systems,Yu Nakai; Akira Terui; Masahiko Mikawa,2026,arXiv,,http://arxiv.org/abs/2607.11657v1,"cat:cs.RO AND (all:""automatic annotation"" OR all:relabeling OR all:segmentation)","cat:cs.RO AND (all:""automatic annotation"" OR all:relabeling OR all:segmentation)"
arXiv,2606.30552v2,Training Vision-Language-Action Models with Dense Embodied Chain-of-Thought Supervision,Haoyang Li; Guanlin Li; Youhe Feng; Chen Zhao; Zhuoran Wang; Yang Li; Qizhe Wei; Shifeng Bao; Haitao Shen; Yihan Zhao; Tong Yang; Jing Zhang,2026,arXiv,,http://arxiv.org/abs/2606.30552v2,"cat:cs.RO AND (all:""cross-embodiment"" OR all:""action alignment"")","cat:cs.RO AND (all:""cross-embodiment"" OR all:""action alignment"")"
arXiv,2603.23052v1,Tightly-Coupled Radar-Visual-Inertial Odometry,Morten Nissov; Mohit Singh; Kostas Alexis,2026,arXiv,,http://arxiv.org/abs/2603.23052v1,"cat:cs.RO AND (all:""data augmentation"" OR all:""synthetic demonstrations"")","cat:cs.RO AND (all:""data augmentation"" OR all:""synthetic demonstrations"")"
arXiv,2606.21792v1,THREAD: Trajectory Planning for Hybrid Rigid-Soft Manipulators with Environment-Aware Diffusion,Shivani Kamtikar; Pranav Asthana; Naveen Kumar Uppalapati; Girish Krishnan; Girish Chowdhary,2026,arXiv,,http://arxiv.org/abs/2606.21792v1,"cat:cs.RO AND (all:""cross-embodiment"" OR all:""action alignment"")","cat:cs.RO AND (all:""cross-embodiment"" OR all:""action alignment"")"
arXiv,2606.14767v1,Synthetic-to-Real Pipeline for Safe Landing Zone Detection,Shrikant Banerjee; Reza Faieghi,2026,arXiv,,http://arxiv.org/abs/2606.14767v1,"cat:cs.RO AND all:""data engine""","cat:cs.RO AND all:""data engine"""
arXiv,2607.12604v1,Streamlining stereo differentiable rendering for marker-free real-time tracking of surgical robots,Yanghe Hao; Martin Huber; Christos Bergeles; Tom Vercauteren,2026,arXiv,,http://arxiv.org/abs/2607.12604v1,"cat:cs.RO AND (all:""automatic annotation"" OR all:relabeling OR all:segmentation)","cat:cs.RO AND (all:""automatic annotation"" OR all:relabeling OR all:segmentation)"
arXiv,2607.11204v2,Stop to Decide: Latency-Aware Proprioceptive Navigation Primitives for Mapping-Free Quadruped Inspection,Hanting Suo; Haonan Yan; Liang Wang; Aiguo Song,2026,arXiv,,http://arxiv.org/abs/2607.11204v2,"cat:cs.RO AND (all:""automatic annotation"" OR all:relabeling OR all:segmentation)","cat:cs.RO AND (all:""automatic annotation"" OR all:relabeling OR all:segmentation)"
arXiv,2604.05014v1,StarVLA: A Lego-like Codebase for Vision-Language-Action Model Developing,StarVLA Community,2026,arXiv,,http://arxiv.org/abs/2604.05014v1,"cat:cs.RO AND all:""data engine""","cat:cs.RO AND all:""data engine"""
arXiv,2606.12759v1,Sparse2Act: Learning Action-Aligned Sparse 3D Representations for Cross-Domain Robot Manipulation,Yu Guo; Chang Yu; Siyu Ma; Yunuo Chen; Yin Yang; Ying Nian Wu; Chenfanfu Jiang,2026,arXiv,,http://arxiv.org/abs/2606.12759v1,"cat:cs.RO AND (all:""cross-embodiment"" OR all:""action alignment"")","cat:cs.RO AND (all:""cross-embodiment"" OR all:""action alignment"")"
arXiv,2603.11653v3,Simple Recipe Works: Vision-Language-Action Models are Natural Continual Learners with Reinforcement Learning,Jiaheng Hu; Jay Shim; Chen Tang; Yoonchang Sung; Bo Liu; Peter Stone; Roberto Martin-Martin,2026,arXiv,,http://arxiv.org/abs/2603.11653v3,"cat:cs.RO AND (all:""self-improvement"" OR all:""online post-training"")","cat:cs.RO AND (all:""self-improvement"" OR all:""online post-training"")"
arXiv,2607.23910v1,SimBEV2X: A Large-Scale Dataset and Data Generation Tool for Multi-Task Vehicle-to-Everything Cooperative Perception,Goodarz Mehr; Sepideh Gohari; Montasir Abbas; Azim Eskandarian,2026,arXiv,,http://arxiv.org/abs/2607.23910v1,"cat:cs.RO AND (all:""automatic annotation"" OR all:relabeling OR all:segmentation)","cat:cs.RO AND (all:""automatic annotation"" OR all:relabeling OR all:segmentation)"
arXiv,2607.14182v1,Semantic Audio-driven Understanding for Dynamic Humanoid Whole Body Control,J. M. A. Marcelo; M. Brienza; E. Bugli; L. Comito; D. Nardi; D. D. Bloisi; V. Suriani,2026,arXiv,,http://arxiv.org/abs/2607.14182v1,"cat:cs.RO AND (all:""automatic annotation"" OR all:relabeling OR all:segmentation)","cat:cs.RO AND (all:""automatic annotation"" OR all:relabeling OR all:segmentation)"
arXiv,2606.14084v1,Self-Improving VLA Policies: Selected Diffusion Noise for Spurious-Robust Action Smoothing,Duc Minh Nguyen; Bao-Ngoc Dao; Tung M. Luu; Binh Gia Nguyen; Vinh Tong; Anji Liu; Vu N. Duong; Dung D. Le; Daniel Sonntag; Trung Le; Ngan Le; Jan Peter; An Thai Le; Minh Nhat Vu; Mathias Niepert; Khoa D. Doan; Duy M. H. Nguyen; Vien Anh Ngo,2026,arXiv,,http://arxiv.org/abs/2606.14084v1,"cat:cs.RO AND (all:""self-improvement"" OR all:""online post-training"")","cat:cs.RO AND (all:""self-improvement"" OR all:""online post-training"")"
arXiv,2602.21633v1,Self-Correcting VLA: Online Action Refinement via Sparse World Imagination,Chenyv Liu; Wentao Tan; Lei Zhu; Fengling Li; Jingjing Li; Guoli Yang; Heng Tao Shen,2026,arXiv,,http://arxiv.org/abs/2602.21633v1,"cat:cs.RO AND (all:""self-improvement"" OR all:""online post-training"")","cat:cs.RO AND (all:""self-improvement"" OR all:""online post-training"")"
arXiv,2607.11027v1,SegDiff: Segmented Trajectory Diffusion for Consistent and Adaptive Robot Manipulation,Haidong Cao; Wenjun Cao; Quanhao Li; Sicheng Xie; Zhiying Du; Jiaqi Leng; Zuxuan Wu; Yu-Gang Jiang,2026,arXiv,,http://arxiv.org/abs/2607.11027v1,"cat:cs.RO AND (all:""automatic annotation"" OR all:relabeling OR all:segmentation)","cat:cs.RO AND (all:""automatic annotation"" OR all:relabeling OR all:segmentation)"
arXiv,2607.17757v1,Seg2Grasp: A Robust Modular Suction Grasping in Bin Picking,Hye-Jung Yoon; Juno Kim; Yesol Park; Jun-Ki Lee; Byoung-Tak Zhang,2026,arXiv,,http://arxiv.org/abs/2607.17757v1,"cat:cs.RO AND (all:""automatic annotation"" OR all:relabeling OR all:segmentation)","cat:cs.RO AND (all:""automatic annotation"" OR all:relabeling OR all:segmentation)"
arXiv,2605.02757v1,Seeing Realism from Simulation: Efficient Video Transfer for Vision-Language-Action Data Augmentation,Chenyu Hui; Xiaodi Huang; Siyu Xu; Yunke Wang; Shan You; Fei Wang; Tao Huang; Chang Xu,2026,arXiv,,http://arxiv.org/abs/2605.02757v1,"cat:cs.RO AND (all:""data augmentation"" OR all:""synthetic demonstrations"")","cat:cs.RO AND (all:""data augmentation"" OR all:""synthetic demonstrations"")"
arXiv,2603.08260v1,Seed2Scale: A Self-Evolving Data Engine for Embodied AI via Small to Large Model Synergy and Multimodal Evaluation,Cong Tai; Zhaoyu Zheng; Haixu Long; Hansheng Wu; Zhengbin Long; Haodong Xiang; Rong Shi; Zhuo Cui; Shizhuang Zhang; Gang Qiu; He Wang; Ruifeng Li; Biao Liu; Zhenzhe Sun; Tao Shen,2026,arXiv,,http://arxiv.org/abs/2603.08260v1,"cat:cs.RO AND (all:""data augmentation"" OR all:""synthetic demonstrations"")","cat:cs.RO AND (all:""data augmentation"" OR all:""synthetic demonstrations"") || cat:cs.RO AND all:""data engine"""
arXiv,2606.26800v2,SSI-Policy: Learning Structured Scene Interfaces for Vision-Language Robotic Manipulation,Kaijun Wang; Zikai Ouyang; Xuping Wu; Jinyi Hong; Wei Pan; Haibo Lu; Jia Pan; Wei Zhang; Linfang Zheng,2026,arXiv,,http://arxiv.org/abs/2606.26800v2,"cat:cs.RO AND (all:""cross-embodiment"" OR all:""action alignment"")","cat:cs.RO AND (all:""cross-embodiment"" OR all:""action alignment"")"
arXiv,2601.03044v1,SOP: A Scalable Online Post-Training System for Vision-Language-Action Models,Mingjie Pan; Siyuan Feng; Qinglin Zhang; Xinchen Li; Jianheng Song; Chendi Qu; Yi Wang; Chuankang Li; Ziyu Xiong; Zhi Chen; Yi Liu; Jianlan Luo,2026,arXiv,,http://arxiv.org/abs/2601.03044v1,"cat:cs.RO AND (all:""self-improvement"" OR all:""online post-training"")","cat:cs.RO AND (all:""self-improvement"" OR all:""online post-training"")"
arXiv,2604.08544v2,SIM1: Physics-Aligned Simulator as Zero-Shot Data Scaler in Deformable Worlds,Yunsong Zhou; Hangxu Liu; Xuekun Jiang; Xing Shen; Yuanzhen Zhou; Hui Wang; Baole Fang; Yang Tian; Mulin Yu; Qiaojun Yu; Li Ma; Hengjie Li; Hanqing Wang; Jia Zeng; Jiangmiao Pang,2026,arXiv,,http://arxiv.org/abs/2604.08544v2,"cat:cs.RO AND all:""data engine""","cat:cs.RO AND all:""data engine"""
arXiv,2607.24249v1,SILICA: Repurposing Diffusion Priors for Joint Glass Segmentation and Depth Estimation,Tarun R; Anuj Verma; Laksh Nanwani; Sourav Garg; K. Madhava Krishna,2026,arXiv,,http://arxiv.org/abs/2607.24249v1,"cat:cs.RO AND (all:""automatic annotation"" OR all:relabeling OR all:segmentation)","cat:cs.RO AND (all:""automatic annotation"" OR all:relabeling OR all:segmentation)"
arXiv,2604.11734v3,SCORP: Scene-Consistent Multi-agent Diffusion Planning with Stable Online Reinforcement Post-Training for Cooperative Driving,Haojie Bai; Aimin Li; Ruoyu Yao; Xiongwei Zhao; Tingting Zhang; Xing Zhang; Lin Gao; and Jun Ma,2026,arXiv,,http://arxiv.org/abs/2604.11734v3,"cat:cs.RO AND (all:""self-improvement"" OR all:""online post-training"")","cat:cs.RO AND (all:""self-improvement"" OR all:""online post-training"")"
arXiv,2606.10305v1,SARM2: Multi-Task Stage Aware Reward Modeling for Self Improving Robotic Manipulation,Qianzhong Chen; Hau Zheng; Justin Yu; Suning Huang; Jiankai Sun; Ken Goldberg; Chuan Wen; Pieter Abbeel; Yide Shentu; Philipp Wu; Mac Schwager,2026,arXiv,,http://arxiv.org/abs/2606.10305v1,"cat:cs.RO AND (all:""self-improvement"" OR all:""online post-training"")","cat:cs.RO AND (all:""self-improvement"" OR all:""online post-training"")"
arXiv,2606.01332v1,S2M-Trek: From Single to Multi-Sphere Transport via Per-Frame Deep Sets on a Wheel-Legged Robot,Zong Chen; Xuebin Li; Jinpeng Xiao; Shaoyang Li; Ben Liu; Min Li; Zhouping Yin; Yiqun Li,2026,arXiv,,http://arxiv.org/abs/2606.01332v1,"cat:cs.RO AND (all:""data augmentation"" OR all:""synthetic demonstrations"")","cat:cs.RO AND (all:""data augmentation"" OR all:""synthetic demonstrations"")"
arXiv,2607.06558v2,RynnWorld-Teleop: An Action-Conditioned World Model for Digital Teleoperation,Haoyu Zhao; Xingyue Zhao; Hangyu Li; Biao Gong; Kehan Li; Siteng Huang; Xin Li; Deli Zhao; Zhongyu Li,2026,arXiv,,http://arxiv.org/abs/2607.06558v2,"cat:cs.RO AND all:""data engine""","cat:cs.RO AND all:""data engine"""
arXiv,2607.17977v1,RynnBrain 1.1: Towards More Capable and Generalizable Embodied Foundation Model,Kehan Li; Bohan Hou; Minghao Zhu; Tianyi Zhang; Zesen Cheng; Zhikai Wang; Sicong Leng; Xin Li; Xiao Lin; Biying Yao; Minghua Zeng; Jiangpin Liu; Ronghao Dang; Jiayan Guo; Siteng Huang; Haoyu Zhao; Heng Ping; Yaxi Zhao; Kexiang Wang; Tong Lu; Shengke Xue; Jiahao Tang; Yulei Wang; Zejing Wang; Jianwei Gao; Shijian Lu; Chengju Liu; Jianfei Yang; Mingxiu Chen; Deli Zhao,2026,arXiv,,http://arxiv.org/abs/2607.17977v1,"cat:cs.RO AND (all:""cross-embodiment"" OR all:""action alignment"")","cat:cs.RO AND (all:""cross-embodiment"" OR all:""action alignment"")"
arXiv,2606.21406v1,Robot Self-Improvement via Human-Video Dynamics Models,Hanzhi Chen; Anran Zhang; Simon Schaefer; Kejia Chen; Shi Chen; Daniel Cremers; Oier Mees; Stefan Leutenegger,2026,arXiv,,http://arxiv.org/abs/2606.21406v1,"cat:cs.RO AND (all:""self-improvement"" OR all:""online post-training"")","cat:cs.RO AND (all:""cross-embodiment"" OR all:""action alignment"") || cat:cs.RO AND (all:""self-improvement"" OR all:""online post-training"")"
arXiv,2603.07691v1,RoboPCA: Pose-centered Affordance Learning from Human Demonstrations for Robot Manipulation,Zhanqi Xiao; Ruiping Wang; Xilin Chen,2026,arXiv,,http://arxiv.org/abs/2603.07691v1,"cat:cs.RO AND all:""data curation""","cat:cs.RO AND all:""data curation"""
arXiv,2607.18709v2,RoboInter1.5: A Holistic Intermediate Representation Suite for Embodied World Modeling and Robotic Manipulation,Ziqin Wang; Hao Li; Weijun Wang; Junhao Cai; Jia Zeng; Yilun Chen; Jiangmiao Pang; Si Liu,2026,arXiv,,http://arxiv.org/abs/2607.18709v2,"cat:cs.RO AND (all:""automatic annotation"" OR all:relabeling OR all:segmentation)","cat:cs.RO AND (all:""automatic annotation"" OR all:relabeling OR all:segmentation)"
arXiv,2603.17927v2,RoboForge: Physically Optimized Text-guided Whole-Body Locomotion for Humanoids,Xichen Yuan; Zhe Li; Bofan Lyu; Kuangji Zuo; Yanshuo Lu; Gen Li; Jianfei Yang,2026,arXiv,,http://arxiv.org/abs/2603.17927v2,"cat:cs.RO AND (all:""self-improvement"" OR all:""online post-training"")","cat:cs.RO AND (all:""self-improvement"" OR all:""online post-training"")"
arXiv,2606.02577v1,RoboDream: Compositional World Models for Scalable Robot Data Synthesis,Junjie Ye; Rong Xue; Basile Van Hoorick; Runhao Li; Harshitha Rajaprakash; Pavel Tokmakov; Muhammad Zubair Irshad; Vitor Guizilini; Yue Wang,2026,arXiv,,http://arxiv.org/abs/2606.02577v1,"cat:cs.RO AND (all:""world model"" AND all:""data generation"")","cat:cs.RO AND (all:""world model"" AND all:""data generation"")"
arXiv,2603.11558v3,RoboClaw: An Agentic Framework for Scalable Long-Horizon Robotic Tasks,Ruiying Li; Yunlang Zhou; YuYao Zhu; Kylin Chen; Jingyuan Wang; Sukai Wang; Kongtao Hu; Minhui Yu; Bowen Jiang; Zhan Su; Jiayao Ma; Xin He; Yongjian Shen; Yang Yang; Guanghui Ren; Maoqing Yao; Wenhao Wang; Yao Mu,2026,arXiv,,http://arxiv.org/abs/2603.11558v3,"cat:cs.RO AND all:""autonomous data collection""","cat:cs.RO AND all:""autonomous data collection"""
arXiv,2606.15631v1,"Retrieve, Don't Retrain: Extending Vision Language Action Models to New Tasks at Test Time",Jeongeun Park; Juhan Park; Taekyung Kim; Sungjoon Choi; Dongyoon Han; Sangdoo Yun,2026,arXiv,,http://arxiv.org/abs/2606.15631v1,"cat:cs.RO AND (all:""cross-embodiment"" OR all:""action alignment"")","cat:cs.RO AND (all:""cross-embodiment"" OR all:""action alignment"")"
arXiv,2607.16310v1,Real-Time sEMG-Based Telecontrol of an Assistive Robotic Arm Using a 1D Convolutional Neural Network,Edgar Manacorda; Mena Samir Kama Abouseffien; Olivier Lecompte; Amandine Gesta; Abolfazl Mohebbi,2026,arXiv,,http://arxiv.org/abs/2607.16310v1,"cat:cs.RO AND (all:""automatic annotation"" OR all:relabeling OR all:segmentation)","cat:cs.RO AND (all:""automatic annotation"" OR all:relabeling OR all:segmentation)"
arXiv,2605.09410v1,RePO-VLA: Recovery-Driven Policy Optimization for Vision-Language-Action Models,Weijia Liufu; Xiaoyu Guo; Ruiyi Chen; Jingzhi Liu; Kaidong Zhang; Xiwen Liang; Jianqi Lin; Dawei Sun; Yuze Wang; Rongtao Xu; Bingqian Lin; Bowen Yang; Tongtong Cao; Bowen Peng; Dongyu Zhang; Guangrun Wang; Min Wang; Liang Lin; Xiaodan Liang,2026,arXiv,,http://arxiv.org/abs/2605.09410v1,"cat:cs.RO AND all:""data engine""","cat:cs.RO AND all:""data engine"""
arXiv,2606.28939v1,ReGuide: From Test-Time Guidance to Self-Improving Diffusion Policies,Tzu-Hsiang Lin; Srinivas Shakkottai; Dileep Kalathil; P. R. Kumar,2026,arXiv,,http://arxiv.org/abs/2606.28939v1,"cat:cs.RO AND (all:""self-improvement"" OR all:""online post-training"")","cat:cs.RO AND (all:""self-improvement"" OR all:""online post-training"")"
arXiv,2607.23669v1,RRTrack: Robust and Recoverable Object 6D Pose Tracking for Dynamic Scenes,Junyue Li; Ye Zheng; Yifan Chen; Zhe Sun; Xuelong Li,2026,arXiv,,http://arxiv.org/abs/2607.23669v1,"cat:cs.RO AND (all:""automatic annotation"" OR all:relabeling OR all:segmentation)","cat:cs.RO AND (all:""automatic annotation"" OR all:relabeling OR all:segmentation)"
arXiv,2606.17011v1,ROVE: Unlocking Human Interventions for Humanoid Manipulation via Reinforcement Learning,Wei Xiao; Weiliang Tang; Yuying Ge; Hui Zhou; Yao Mu; Li Zhang; Yixiao Ge,2026,arXiv,,http://arxiv.org/abs/2606.17011v1,"cat:cs.RO AND (all:""cross-embodiment"" OR all:""action alignment"")","cat:cs.RO AND (all:""cross-embodiment"" OR all:""action alignment"")"
arXiv,2603.01474v2,ROSER: Few-Shot Robotic Sequence Retrieval for Scalable Robot Learning,Zillur Rahman; Eddison Pham; Alejandro Daniel Noel; Cristian Meo,2026,arXiv,,http://arxiv.org/abs/2603.01474v2,"cat:cs.RO AND all:""data curation""","cat:cs.RO AND all:""data curation"""
arXiv,2602.11075v2,RISE: Self-Improving Robot Policy with Compositional World Model,Jiazhi Yang; Kunyang Lin; Jinwei Li; Wencong Zhang; Tianwei Lin; Longyan Wu; Zhizhong Su; Hao Zhao; Ya-Qin Zhang; Li Chen; Ping Luo; Xiangyu Yue; Hongyang Li,2026,arXiv,,http://arxiv.org/abs/2602.11075v2,"cat:cs.RO AND (all:""self-improvement"" OR all:""online post-training"")","cat:cs.RO AND (all:""self-improvement"" OR all:""online post-training"")"
arXiv,2604.15281v1,R3D: Revisiting 3D Policy Learning,Zhengdong Hong; Shenrui Wu; Haozhe Cui; Boyi Zhao; Ran Ji; Yiyang He; Hangxing Zhang; Zundong Ke; Jun Wang; Guofeng Zhang; Jiayuan Gu,2026,arXiv,,http://arxiv.org/abs/2604.15281v1,"cat:cs.RO AND (all:""data augmentation"" OR all:""synthetic demonstrations"")","cat:cs.RO AND (all:""data augmentation"" OR all:""synthetic demonstrations"")"
arXiv,2606.17040v1,R2RDreamer: 3D-aware Data Augmentation for Spatially-generalized 2D Manipulation Policies,Xiuwei Xu; Haowen Sun; Angyuan Ma; Yiwei Zhang; Zhenyu Wu; Xiaofeng Wang; Bingyao Yu; Zheng Zhu; Jie Zhou; Jiwen Lu,2026,arXiv,,http://arxiv.org/abs/2606.17040v1,"cat:cs.RO AND (all:""data augmentation"" OR all:""synthetic demonstrations"")","cat:cs.RO AND (all:""data augmentation"" OR all:""synthetic demonstrations"")"
arXiv,2603.18202v2,R2-Dreamer: Redundancy-Reduced World Models without Decoders or Augmentation,Naoki Morihira; Amal Nahar; Kartik Bharadwaj; Yasuhiro Kato; Akinobu Hayashi; Tatsuya Harada,2026,arXiv,,http://arxiv.org/abs/2603.18202v2,"cat:cs.RO AND (all:""data augmentation"" OR all:""synthetic demonstrations"")","cat:cs.RO AND (all:""data augmentation"" OR all:""synthetic demonstrations"")"
arXiv,2606.17846v2,Qwen-RobotManip Technical Report: Alignment Unlocks Scale for Robotic Manipulation Foundation Models,Haoqi Yuan; Zhixuan Liang; Anzhe Chen; Ye Wang; Haoyang Li; Pei Lin; Yiyang Huang; Zixing Lei; Tong Zhang; Jiazhao Zhang; Jie Zhang; Jingyang Fan; Gengze Zhou; Qihang Peng; Chenxu Lv; Xiaoyue Chen; An Yang; Fei Huang; Junyang Lin; Dayiheng Liu; Jingren Zhou; Chenfei Wu; Xiong-Hui Chen,2026,arXiv,,http://arxiv.org/abs/2606.17846v2,"cat:cs.RO AND (all:""cross-embodiment"" OR all:""action alignment"")","cat:cs.RO AND (all:""cross-embodiment"" OR all:""action alignment"")"
arXiv,2605.18407v1,Qumus: Realization of An Embodied AI Quantum Material Experimentalist,Lihan Shi; Zhaoyi Joy Zheng; Xinzhe Juan; Yimin Wang; Ming Yin; Mayank Sengupta; Kristina Wolinski; Yanyu Jia; Jingzhi Shi; Derek Saucedo; Neill Saggi; Haosen Guan; Kenji Watanabe; Takashi Taniguchi; Ali Yazdani; Mengdi Wang; Sanfeng Wu,2026,arXiv,,http://arxiv.org/abs/2605.18407v1,"cat:cs.RO AND (all:""self-improvement"" OR all:""online post-training"")","cat:cs.RO AND (all:""self-improvement"" OR all:""online post-training"")"
arXiv,2603.09056v1,Quality over Quantity: Demonstration Curation via Influence Functions for Data-Centric Robot Learning,Haeone Lee; Taywon Min; Junsu Kim; Sinjae Kang; Fangchen Liu; Lerrel Pinto; Kimin Lee,2026,arXiv,,http://arxiv.org/abs/2603.09056v1,"cat:cs.RO AND all:""data curation""","cat:cs.RO AND all:""data curation"""
arXiv,2607.26809v1,Practice Makes Policies: Bootstrapping and Consolidating Robotic Capabilities from Zero Human Demonstrations,Jialiang Li; Yuhan Wang; Haojun Li; Gaojing Zhang; Yangtian Ye; Qipeng Liu; Haotian Liang; Wenzhao Lian,2026,arXiv,,http://arxiv.org/abs/2607.26809v1,"cat:cs.RO AND (all:""self-improvement"" OR all:""online post-training"")","cat:cs.RO AND (all:""self-improvement"" OR all:""online post-training"") || cat:cs.RO AND all:""autonomous data collection"""
arXiv,2606.20118v2,Pose6DAug: Physically Plausible Multi-view Object Swapping for Robot Data Augmentation,Jonghoon Lee; Seong Hyeon Park; Byungwoo Jeon; Minha Lee; Jinwoo Shin,2026,arXiv,,http://arxiv.org/abs/2606.20118v2,"cat:cs.RO AND (all:""data augmentation"" OR all:""synthetic demonstrations"")","cat:cs.RO AND (all:""data augmentation"" OR all:""synthetic demonstrations"")"
arXiv,2607.18855v1,Pose-Parameterized Motion Planning and CBF-QP Self-Collision Filtering for a Long-Reach Drilling Boom,Mehdi Heydari Shahna; Tuomo Kivelä; Jouni Mattila,2026,arXiv,,http://arxiv.org/abs/2607.18855v1,"cat:cs.RO AND (all:""automatic annotation"" OR all:relabeling OR all:segmentation)","cat:cs.RO AND (all:""automatic annotation"" OR all:relabeling OR all:segmentation)"
arXiv,2606.12048v1,Point Cloud Segmentation for Autonomous Clip Positioning in Laparoscopic Cholecystectomy on a Phantom,Balázs Gyenes; Nikolai Franke; Paul Maria Scheikl; Pit Henrich; Rayan Younis; Gerhard Neumann; Martin Wagner; Franziska Mathis-Ullrich,2026,arXiv,,http://arxiv.org/abs/2606.12048v1,"cat:cs.RO AND (all:""data augmentation"" OR all:""synthetic demonstrations"")","cat:cs.RO AND (all:""data augmentation"" OR all:""synthetic demonstrations"")"
arXiv,2606.12936v3,"Pipette: An Embodied Simulation Platform, Benchmark, and Data-Efficient Augmentation Framework for Wet-Lab Robotics",Zhe Liu; Huanbo Jin; Zhaohui Du; Zhe Wang; Dongzhan Zhou; Minting Pan; He Xu; Peijia Li; Jiaming Gu; Quan Lu; Qi Wang; Bin Ji; Ting Xiao,2026,arXiv,,http://arxiv.org/abs/2606.12936v3,"cat:cs.RO AND (all:""data augmentation"" OR all:""synthetic demonstrations"")","cat:cs.RO AND (all:""data augmentation"" OR all:""synthetic demonstrations"")"
arXiv,2605.15298v1,PhysBrain 1.0 Technical Report,Shijie Lian; Bin Yu; Xiaopeng Lin; Changti Wu; Hang Yuan; Xiaolin Hu; Zhaolong Shen; Yuzhuo Miao; Haishan Liu; Yuxuan Tian; Yukun Shi; Cong Huang; Kai Chen,2026,arXiv,,http://arxiv.org/abs/2605.15298v1,"cat:cs.RO AND all:""data engine""","cat:cs.RO AND all:""data engine"""
arXiv,2607.13312v1,Parsimonious disturbance-aware minimum-time planning with parametric uncertainty,Martino Gulisano; Matteo Masoni; Marco Gabiccini,2026,arXiv,,http://arxiv.org/abs/2607.13312v1,"cat:cs.RO AND (all:""automatic annotation"" OR all:relabeling OR all:segmentation)","cat:cs.RO AND (all:""automatic annotation"" OR all:relabeling OR all:segmentation)"
arXiv,2607.16366v1,PRISM: Multimodal Terrain Mapping for Rover Navigation in Unstructured Environments,Raul Castilla-Arquillo; Carlos Perez-del-Pulgar; Levin Gerdes; Alfonso Garcia-Cerezo; Miguel A. Olivares-Mendez,2026,arXiv,,http://arxiv.org/abs/2607.16366v1,"cat:cs.RO AND (all:""automatic annotation"" OR all:relabeling OR all:segmentation)","cat:cs.RO AND (all:""automatic annotation"" OR all:relabeling OR all:segmentation)"
arXiv,2607.28623v1,PAC-MAN: Perception-Aware CBF-RL for Whole-Body Safety in Humanoid Dodgeball,Lizhi Yang; Junheng Li; Aaron D. Ames,2026,arXiv,,http://arxiv.org/abs/2607.28623v1,"cat:cs.RO AND (all:""automatic annotation"" OR all:relabeling OR all:segmentation)","cat:cs.RO AND (all:""automatic annotation"" OR all:relabeling OR all:segmentation)"
arXiv,2604.21017v3,Open-H-Embodiment: A Large-Scale Dataset for Enabling Foundation Models in Medical Robotics,Open-H-Embodiment Consortium; :; Nigel Nelson; Juo-Tung Chen; Jesse Haworth; Xinhao Chen; Lukas Zbinden; Dianye Huang; Alaa Eldin Abdelaal; Alberto Arezzo; Ayberk Acar; Farshid Alambeigi; Carlo Alberto Ammirati; Yunke Ao; Pablo David Aranda Rodriguez; Soofiyan Atar; Mattia Ballo; Noah Barnes; Federica Barontini; Filip Binkiewicz; Peter Black; Sebastian Bodenstedt; Leonardo Borgioli; Nikola Budjak; Benjamin Calmé; Fabio Carrillo; Nicola Cavalcanti; Changwei Chen; Haoxin Chen; Sihang Chen; Qihan Chen; Zhongyu Chen; Ziyang Chen; Shing Shin Cheng; Meiqing Cheng; Min Cheng; Zih-Yun Sarah Chiu; Xiangyu Chu; Camilo Correa-Gallego; Giulio Dagnino; Anton Deguet; Jacob Delgado; Jonathan C. DeLong; Kaizhong Deng; Alexander Dimitrakakis; Qingpeng Ding; Hao Ding; Giovanni Distefano; Daniel Donoho; Anqing Duan; Marco Esposito; Shane Farritor; Jad Fayad; Zahi Fayad; Mario Ferradosa; Filippo Filicori; Chelsea Finn; Philipp Fürnstahl; Jiawei Ge; Stamatia Giannarou; Xavier Giralt Ludevid; Frederic Giraud; Aditya Amit Godbole; Ken Goldberg; Antony Goldenberg; Diego Granero Marana; Xiaoqing Guo; Tamás Haidegger; Evan Hailey; Pascal Hansen; Ziyi Hao; Kush Hari; Kengo Hayashi; Jonathon Hawkins; Shelby Haworth; Ortrun Hellig; S. Duke Herrell; Zhouyang Hong; Andrew Howe; Junlei Hu; Zhaoyang Jacopo Hu; Ria Jain; Mohammad Rafiee Javazm; Howard Ji; Rui Ji; Jianmin Ji; Zhongliang Jiang; Dominic Jones; Jeffrey Jopling; Britton Jordan; Ran Ju; Michael Kam; Luoyao Kang; Fausto Kang; Siddhartha Kapuria; Peter Kazanzides; Sonika Kiehler; Ethan Kilmer; Ji Woong Kim; Przemysław Korzeniowski; Chandra Kuchi; Nithesh Kumar; Alan Kuntz; Federico Lavagno; Yu Chung Lee; Hao-Chih Lee; Hang Li; Zhen Li; Xiao Liang; Xinxin Lin; Jinsong Lin; Chang Liu; Fei Liu; Pei Liu; Yun-hui Liu; Wanli Liuchen; Eszter Lukács; Sareena Mann; Miles Mannas; Brett Marinelli; Sabina Martyniak; Francesco Marzola; Lorenzo Mazza; Xueyan Mei; Maria Clara Morais; Luigi Muratore; Chetan Reddy Narayanaswamy; Michał Naskręt; David Navarro-Alarcon; Cyrus Neary; Chi Kit Ng; Christopher Nguan; David Noonan; Ki Hwan Oh; Tom Christian Olesch; Allison M. Okamura; Justin Opfermann; Matteo Pescio; Doan Xuan Viet Pham; Tito Porras; Hongliang Ren; Ariel Rodriguez Jimenez; Ferdinando Rodriguez y Baena; Septimiu E. Salcudean; Asmitha Sathya; Preethi Satish; Lalithkumar Seenivasan; Jiaqi Shao; Yiqing Shen; Yu Sheng; Lucy XiaoYang Shi; Zoe Soulé; Stefanie Speidel; Mingwu Su; Jianhao Su; Idris Sunmola; Kristóf Takács; Yunxi Tang; Patrick Thornycroft; Yu Tian; Jordan Thompson; Mehmet K. Turkcan; Mathias Unberath; Pietro Valdastri; Carlos Vives; Quan Vuong; Martin Wagner; Farong Wang; Wei Wang; Lidian Wang; Chung-Pang Wang; Guankun Wang; Junyi Wang; Erqi Wang; Ziyi Wang; Tanner Watts; Wolfgang Wein; Yimeng Wu; Zijian Wu; Hongjun Wu; Luohong Wu; Jie Ying Wu; Junlin Wu; Victoria Wu; Kaixuan Wu; Mateusz Wójcikowski; Yunye Xiao; Nan Xiao; Wenxuan Xie; Hao Yang; Tianqi Yang; Yinuo Yang; Menglong Ye; Ryan S. Yeung; Nural Yilmaz; Chim Ho Yin; Michael Yip; Rayan Younis; Chenhao Yu; Sayem Nazmuz Zaman; Milos Zefran; Han Zhang; Yuelin Zhang; Yidong Zhang; Yanyong Zhang; Xuyang Zhang; Yameng Zhang; Joyce Zhang; Ning Zhong; Peng Zhou; Haoying Zhou; Xiuli Zuo; Nassir Navab; Mahdi Azizian; Sean D. Huver; Axel Krieger,2026,arXiv,,http://arxiv.org/abs/2604.21017v3,"cat:cs.RO AND (all:""world model"" AND all:""data generation"")","cat:cs.RO AND (all:""world model"" AND all:""data generation"")"
arXiv,2607.14183v2,Open-AoE: An Open Egocentric Manipulation Dataset and Toolchain for Embodied Learning,Zishuo Li; Bowen Yang; Changtao Miao; Kai Zhu; Hao Chen; Qingze Guan; Zhengxing Wu; Wanke Zhan; Yang Sun; Zhiyi Huang; Zitong Shan; Zhenchao Jin; Jiadong Hong; Taowen Wang; Yushi Feng; You Liu; Yibo Wang; Yifan Yang; Zhaowen Zhou; Man Luo; Hao Cheng; Bo Zhang; Jianshu Li; Jiansheng Cai; Guocai Yao; Jize Zhang; Chenhao Lin; Renjing Xu; Lequan Yu; Chao Shen; Chunhua Shen; Zhe Li,2026,arXiv,,http://arxiv.org/abs/2607.14183v2,"cat:cs.RO AND (all:""automatic annotation"" OR all:relabeling OR all:segmentation)","cat:cs.RO AND (all:""automatic annotation"" OR all:relabeling OR all:segmentation) || cat:cs.RO AND (all:""cross-embodiment"" OR all:""action alignment"")"
arXiv,2606.19586v1,One Demo is Worth a Thousand Trajectories: Action-View Augmentation for Visuomotor Policies,Chuer Pan; Litian Liang; Dominik Bauer; Eric Cousineau; Benjamin Burchfiel; Siyuan Feng; Shuran Song,2026,arXiv,,http://arxiv.org/abs/2606.19586v1,"cat:cs.RO AND (all:""data augmentation"" OR all:""synthetic demonstrations"")","cat:cs.RO AND (all:""data augmentation"" OR all:""synthetic demonstrations"")"
arXiv,2601.06748v3,On-the-Fly VLA Adaptation via Test-Time Reinforcement Learning,Changyu Liu; Yiyang Liu; Taowen Wang; Qiao Zhuang; James Chenhao Liang; Wenhao Yang; Renjing Xu; Qifan Wang; Dongfang Liu; Cheng Han,2026,arXiv,,http://arxiv.org/abs/2601.06748v3,"cat:cs.RO AND (all:""self-improvement"" OR all:""online post-training"")","cat:cs.RO AND (all:""self-improvement"" OR all:""online post-training"")"
arXiv,2605.13815v1,OmniLiDAR: A Unified Diffusion Framework for Multi-Domain 3D LiDAR Generation,Youquan Liu; Weidong Yang; Ao Liang; Xiang Xu; Lingdong Kong; Yang Wu; Dekai Zhu; Xin Li; Runnan Chen; Ben Fei; Tongliang Liu; Wanli Ouyang,2026,arXiv,,http://arxiv.org/abs/2605.13815v1,"cat:cs.RO AND (all:""data augmentation"" OR all:""synthetic demonstrations"")","cat:cs.RO AND (all:""data augmentation"" OR all:""synthetic demonstrations"")"
arXiv,2607.22226v1,Offline Vision-Language Navigation with Geometric Goal Localization for Outdoor Environments,Ali Salmasi; Xianjia Yu; Tomi Westerlund,2026,arXiv,,http://arxiv.org/abs/2607.22226v1,"cat:cs.RO AND (all:""automatic annotation"" OR all:relabeling OR all:segmentation)","cat:cs.RO AND (all:""automatic annotation"" OR all:relabeling OR all:segmentation)"
arXiv,2604.20627v1,Occupancy Reward Shaping: Improving Credit Assignment for Offline Goal-Conditioned Reinforcement Learning,Aravind Venugopal; Jiayu Chen; Xudong Wu; Chongyi Zheng; Benjamin Eysenbach; Jeff Schneider,2026,arXiv,,http://arxiv.org/abs/2604.20627v1,"cat:cs.RO AND (all:""world model"" AND all:""data generation"")","cat:cs.RO AND (all:""world model"" AND all:""data generation"")"
arXiv,2606.18953v1,Object-Centric Residual RL for Zero-Shot Sim-to-Real VLA Enhancement,Kinam Kim; Namiko Saito; Heecheol Kim; Katsushi Ikeuchi; Jaegul Choo; Yasuyuki Matsushita,2026,arXiv,,http://arxiv.org/abs/2606.18953v1,"cat:cs.RO AND (all:""self-improvement"" OR all:""online post-training"")","cat:cs.RO AND (all:""self-improvement"" OR all:""online post-training"")"
arXiv,2606.10340v1,OMG: Omni-Modal Motion Generation for Generalist Humanoid Control,Siqiao Huang; Kun-Ying Lee; Dongming Qiao; Guanqi He; Zhenyu Wang; Yitang Li; Shaoting Zhu; Hang Zhao,2026,arXiv,,http://arxiv.org/abs/2606.10340v1,"cat:cs.RO AND all:""data curation""","cat:cs.RO AND all:""data curation"""
arXiv,2607.14899v1,OASIS-Map: Object-Level Change Detection in Multi-Session Mapping using Semantic Correspondence Matching,Haedam Oh; Yifu Tao; Nived Chebrolu; Maurice Fallon,2026,arXiv,,http://arxiv.org/abs/2607.14899v1,"cat:cs.RO AND (all:""automatic annotation"" OR all:relabeling OR all:segmentation)","cat:cs.RO AND (all:""automatic annotation"" OR all:relabeling OR all:segmentation)"
arXiv,2606.13840v1,Multi-Agent Embodied Autonomous Driving: From V2X Information Exchange to Shared World Models,Senkang Hu; Zhengru Fang; Yihang Tao; Zihan Fang; Sam Tak Wu Kwong; Yuguang Fang,2026,arXiv,,http://arxiv.org/abs/2606.13840v1,"cat:cs.RO AND all:""data engine""","cat:cs.RO AND all:""data engine"""
arXiv,2606.18955v2,Motion-Focused Latent Action Enables Cross-Embodiment VLA Training from Human EgoVideos,Runze Xu; Yiluo Zhang; Jian Wang; Yu Wang; Jincheng Yu,2026,arXiv,,http://arxiv.org/abs/2606.18955v2,"cat:cs.RO AND (all:""cross-embodiment"" OR all:""action alignment"")","cat:cs.RO AND (all:""cross-embodiment"" OR all:""action alignment"")"
arXiv,2601.08828v2,Motion Attribution for Video Generation,Xindi Wu; Despoina Paschalidou; Jun Gao; Antonio Torralba; Laura Leal-Taixé; Olga Russakovsky; Sanja Fidler; Jonathan Lorraine,2026,arXiv,,http://arxiv.org/abs/2601.08828v2,"cat:cs.RO AND all:""data curation""","cat:cs.RO AND all:""data curation"""
arXiv,2606.19122v1,Monocular 3D Occupancy Perception for Robots on Sidewalks via Hybrid 2D-3D Learning,Yukai Ma; Joe Lin; Liu Liu; Honglin He; Lulu Ricketts; Brad Squicciarini; Yong Liu; Bolei Zhou,2026,arXiv,,http://arxiv.org/abs/2606.19122v1,"cat:cs.RO AND (all:""cross-embodiment"" OR all:""action alignment"")","cat:cs.RO AND (all:""cross-embodiment"" OR all:""action alignment"")"
arXiv,2605.29298v1,MonoDuo: Using One Robot Arm to Learn Bimanual Policies,Sandeep Bajamahal; Lawrence Yunliang Chen; Toru Lin; Zehan Ma; Jitendra Malik; Ken Goldberg,2026,arXiv,,http://arxiv.org/abs/2605.29298v1,"cat:cs.RO AND (all:""data augmentation"" OR all:""synthetic demonstrations"")","cat:cs.RO AND (all:""data augmentation"" OR all:""synthetic demonstrations"")"
arXiv,2607.25807v1,Modular Robotic Catheters for Endovascular Aneurysm Repair,Alex Ranne; Jinshi Zhao; Ali Anil Demircali; Songli Moey; Ayhan Aktas; Burak Temelkuran; Nassir Navab; Ferdinando Rodriguez y Baena,2026,arXiv,,http://arxiv.org/abs/2607.25807v1,"cat:cs.RO AND (all:""automatic annotation"" OR all:relabeling OR all:segmentation)","cat:cs.RO AND (all:""automatic annotation"" OR all:relabeling OR all:segmentation)"
arXiv,2606.20048v1,MirrorDuo: Reflection-Consistent Visuomotor Learning from Mirrored Demonstration Pairs,Zheyu Zhuang; Ruiyu Wang; Giovanni Luca Marchetti; Florian T. Pokorny; Danica Kragic,2026,arXiv,,http://arxiv.org/abs/2606.20048v1,"cat:cs.RO AND (all:""data augmentation"" OR all:""synthetic demonstrations"")","cat:cs.RO AND (all:""data augmentation"" OR all:""synthetic demonstrations"")"
arXiv,2606.24078v1,MinInter: Minimizing Trajectory Interpolation During Data Augmentation for Imitation Learning,Qingyang Wang; Xingang Liu; Changwei Yao; Zikai Ouyang; Junwei Liu; Haibo Lu; Wei Zhang,2026,arXiv,,http://arxiv.org/abs/2606.24078v1,"cat:cs.RO AND (all:""data augmentation"" OR all:""synthetic demonstrations"")","cat:cs.RO AND (all:""data augmentation"" OR all:""synthetic demonstrations"")"
arXiv,2607.26345v1,MetaKoopman: Bayesian Meta-Learning of Koopman Operators for Modeling Structured Dynamics under Distribution Shifts,Mahmoud Selim; Sriharsha Bhat; Karl H. Johansson,2026,arXiv,,http://arxiv.org/abs/2607.26345v1,"cat:cs.RO AND (all:""automatic annotation"" OR all:relabeling OR all:segmentation)","cat:cs.RO AND (all:""automatic annotation"" OR all:relabeling OR all:segmentation)"
arXiv,2606.18960v2,Mem-World: Memory-Augmented Action-Conditioned World Models for Persistent Robot Manipulation,Zirui Zheng; Jiaqian Yu; Xiongfeng Peng; jun shi; Mingyi Li; Chao Zhang; Weiming Li; Dong Wang; Huchuan Lu; Xu Jia,2026,arXiv,,http://arxiv.org/abs/2606.18960v2,"cat:cs.RO AND (all:""world model"" AND all:""data generation"")","cat:cs.RO AND (all:""world model"" AND all:""data generation"")"
arXiv,2601.17895v1,Masked Depth Modeling for Spatial Perception,Bin Tan; Changjiang Sun; Xiage Qin; Hanat Adai; Zelin Fu; Tianxiang Zhou; Han Zhang; Yinghao Xu; Xing Zhu; Yujun Shen; Nan Xue,2026,arXiv,,http://arxiv.org/abs/2601.17895v1,"cat:cs.RO AND all:""data curation""","cat:cs.RO AND all:""data curation"""
arXiv,2607.04546v1,Mask2Real-WM: Segmentation Masks as a Sim-to-Real Bridge for Controllable Dexterous World Models,Riccardo O. Feingold; Davide Liconti; Chenyu Yang; Robert K. Katzschmann,2026,arXiv,,http://arxiv.org/abs/2607.04546v1,"cat:cs.RO AND (all:""data augmentation"" OR all:""synthetic demonstrations"")","cat:cs.RO AND (all:""data augmentation"" OR all:""synthetic demonstrations"")"
arXiv,2606.18243v1,MOCHI: Motion Enhancement of Collaborative Human-object Interactions,Jiye Lee; Yonghun Choi; Jungdam Won,2026,arXiv,,http://arxiv.org/abs/2606.18243v1,"cat:cs.RO AND (all:""data augmentation"" OR all:""synthetic demonstrations"")","cat:cs.RO AND (all:""data augmentation"" OR all:""synthetic demonstrations"")"
arXiv,2605.00244v1,Lucid-XR: An Extended-Reality Data Engine for Robotic Manipulation,Yajvan Ravan; Adam Rashid; Alan Yu; Kai McClennen; Gio Huh; Kevin Yang; Zhutian Yang; Qinxi Yu; Xiaolong Wang; Phillip Isola; Ge Yang,2026,arXiv,,http://arxiv.org/abs/2605.00244v1,"cat:cs.RO AND all:""data engine""","cat:cs.RO AND all:""data engine"""
arXiv,2605.27365v2,LocateAnything: Fast and High-Quality Vision-Language Grounding with Parallel Box Decoding,Shihao Wang; Shilong Liu; Yuanguo Kuang; Xinyu Wei; Yangzhou Liu; Zhiqi Li; Yunze Man; Guo Chen; Andrew Tao; Guilin Liu; Jan Kautz; Lei Zhang; Zhiding Yu,2026,arXiv,,http://arxiv.org/abs/2605.27365v2,"cat:cs.RO AND all:""data engine""","cat:cs.RO AND all:""data engine"""
arXiv,2607.14698v1,"Lights, Camera, Malfunction: When Illumination Robustness Leaves VLA Models Blind to Color",Marino Watanabe; Takami Sato; Kentaro Yoshioka,2026,arXiv,,http://arxiv.org/abs/2607.14698v1,"cat:cs.RO AND (all:""data augmentation"" OR all:""synthetic demonstrations"")","cat:cs.RO AND (all:""data augmentation"" OR all:""synthetic demonstrations"")"
arXiv,2607.22789v1,Learning-based Hierarchical Tracheal Anatomy Understanding from Sparse Surgical Demonstration Annotations for Ultrasound Robots,Hiu Ching Cheung; Wenchao Yue; Zhengran Han; Mingcong Chen; Guanglin Cao; Hongbin Liu; Hongliang Ren,2026,arXiv,,http://arxiv.org/abs/2607.22789v1,"cat:cs.RO AND (all:""automatic annotation"" OR all:relabeling OR all:segmentation)","cat:cs.RO AND (all:""automatic annotation"" OR all:relabeling OR all:segmentation)"
arXiv,2606.19186v2,Learning to Annotate Delayed and False AEB Events: A Practical System for Extreme Class Imbalance and Asymmetric Label Noise,Mengxiang Hao; Xin Jiang; Xinghao Huang; Wenliang Su; Zhiteng Wang; Junjie Rao; Xiaotian Yang; Wei Liao; Chengyu Han; Gen Liang; Yulun Song; Zhitao Xu; Xianpeng Lang,2026,arXiv,,http://arxiv.org/abs/2606.19186v2,"cat:cs.RO AND (all:""data augmentation"" OR all:""synthetic demonstrations"")","cat:cs.RO AND (all:""data augmentation"" OR all:""synthetic demonstrations"") || cat:cs.RO AND (all:""self-improvement"" OR all:""online post-training"")"
arXiv,2606.25179v1,Learning Perceptive Platform Adaptive Locomotion Controllers for Quadrupedal Robots,David Rytz; Kim Tien Ly; Ioannis Havoutis,2026,arXiv,,http://arxiv.org/abs/2606.25179v1,"cat:cs.RO AND (all:""cross-embodiment"" OR all:""action alignment"")","cat:cs.RO AND (all:""cross-embodiment"" OR all:""action alignment"")"
arXiv,2607.13882v1,Learning Forward & Reverse Skills from a Single Unfinished Demonstration for Constrained Manipulation Tasks,Yexin Hu; Haoyi Zheng; Johannes Heidersberger; Dongheui Lee,2026,arXiv,,http://arxiv.org/abs/2607.13882v1,"cat:cs.RO AND (all:""automatic annotation"" OR all:relabeling OR all:segmentation)","cat:cs.RO AND (all:""automatic annotation"" OR all:relabeling OR all:segmentation)"
arXiv,2607.21648v1,Learning Diverse Humanoid Tasks via Synthetic Video Scenarios without Real World Data,Yun-Hao Tsai; Cong-Thanh Vu; Yen-Chen Liu,2026,arXiv,,http://arxiv.org/abs/2607.21648v1,"cat:cs.RO AND (all:""data augmentation"" OR all:""synthetic demonstrations"")","cat:cs.RO AND (all:""data augmentation"" OR all:""synthetic demonstrations"")"
arXiv,2606.26095v1,Learning Action Priors for Cross-embodiment Robot Manipulation,Dong Jing; Tianqi Zhang; Jiaqi Liu; Jinman Zhao; Zelong Sun; Li Erran Li; Zhiwu Lu; Mingyu Ding,2026,arXiv,,http://arxiv.org/abs/2606.26095v1,"cat:cs.RO AND (all:""cross-embodiment"" OR all:""action alignment"")","cat:cs.RO AND (all:""cross-embodiment"" OR all:""action alignment"")"
arXiv,2607.10438v1,Large Language Model Enhanced Differentiable Trajectory Planning for IoT-Enabled Autonomous Driving,Shihao Zhang; Jing Yang; Ziyu Song; Zheng Lin; Sunil Prajapat; Zhaochen Xia; Hemant Ghayvat; Haitao Ding; Lip Yee Por; Ashok Kumar Das,2026,arXiv,,http://arxiv.org/abs/2607.10438v1,"cat:cs.RO AND (all:""data augmentation"" OR all:""synthetic demonstrations"")","cat:cs.RO AND (all:""data augmentation"" OR all:""synthetic demonstrations"")"
arXiv,2606.13578v2,LabVLA: Grounding Vision-Language-Action Models in Scientific Laboratories,Baochang Ren; Xinjie Liu; Xi Chen; Yanshuo Liu; Chenxi Li; Daqi Gao; Zeqin Su; Jintao Xing; Zirui Xue; Rui Li; Xiangyu Zhao; Shuofei Qiao; Minting Pan; Wangmeng Zuo; Lei Bai; Dongzhan Zhou; Ningyu Zhang; Huajun Chen,2026,arXiv,,http://arxiv.org/abs/2606.13578v2,"cat:cs.RO AND all:""data engine""","cat:cs.RO AND all:""data engine"""
arXiv,2606.23685v1,LaST-HD: Learning Latent Physical Reasoning from Scalable Human Data for Robot Manipulation,Jiaming Liu; Yinxi Wang; Chenyang Gu; Siyuan Qian; Xiangju Mi; Hao Chen; Jiawei Chen; Qingpo Wuwu; Xiaoqi Li; Nuowei Han; Yiming Zhang; Xuheng Zhang; Yang Yue; Yeqing Yang; Lei Wang; Peng Jia; Hao Tang; Shanghang Zhang,2026,arXiv,,http://arxiv.org/abs/2606.23685v1,"cat:cs.RO AND (all:""cross-embodiment"" OR all:""action alignment"")","cat:cs.RO AND (all:""cross-embodiment"" OR all:""action alignment"")"
arXiv,2606.29028v1,Keypose Exploration: Efficient Automatic Trajectory Labelling and Cross-Embodiment Policy Transfer,Yupu Lu; Hang Xu; Yizhou Chen; Jia Pan,2026,arXiv,,http://arxiv.org/abs/2606.29028v1,"cat:cs.RO AND (all:""cross-embodiment"" OR all:""action alignment"")","cat:cs.RO AND (all:""cross-embodiment"" OR all:""action alignment"")"
arXiv,2606.22113v1,KITE: Decoupling Kinematics and Interaction for Zero-Shot Cross-Embodiment Manipulation,Qianxu Wang; Kuan Fang,2026,arXiv,,http://arxiv.org/abs/2606.22113v1,"cat:cs.RO AND (all:""cross-embodiment"" OR all:""action alignment"")","cat:cs.RO AND (all:""cross-embodiment"" OR all:""action alignment"")"
arXiv,2603.08546v1,Interactive World Simulator for Robot Policy Training and Evaluation,Yixuan Wang; Rhythm Syed; Fangyu Wu; Mengchao Zhang; Aykut Onol; Jose Barreiros; Hooshang Nayyeri; Tony Dear; Huan Zhang; Yunzhu Li,2026,arXiv,,http://arxiv.org/abs/2603.08546v1,"cat:cs.RO AND (all:""world model"" AND all:""data generation"")","cat:cs.RO AND (all:""world model"" AND all:""data generation"")"
arXiv,2607.20939v1,Interaction Dynamics Modeling and Predictive Control for Safe Steerable Catheter--Tissue Interaction,Yongyan Cao,2026,arXiv,,http://arxiv.org/abs/2607.20939v1,"cat:cs.RO AND (all:""automatic annotation"" OR all:relabeling OR all:segmentation)","cat:cs.RO AND (all:""automatic annotation"" OR all:relabeling OR all:segmentation)"
arXiv,2603.07516v1,InterReal: A Unified Physics-Based Imitation Framework for Learning Human-Object Interaction Skills,Dayang Liang; Yuhang Lin; Xinzhe Liu; Jiyuan Shi; Yunlong Liu; Chenjia Bai,2026,arXiv,,http://arxiv.org/abs/2603.07516v1,"cat:cs.RO AND (all:""data augmentation"" OR all:""synthetic demonstrations"")","cat:cs.RO AND (all:""data augmentation"" OR all:""synthetic demonstrations"")"
arXiv,2603.22792v2,Instrument-Splatting++: Towards Controllable Surgical Instrument Digital Twin Using Gaussian Splatting,Shuojue Yang; Zijian Wu; Chengjiaao Liao; Qian Li; Daiyun Shen; Chang Han Low; Septimiu E. Salcudean; Yueming Jin,2026,arXiv,,http://arxiv.org/abs/2603.22792v2,"cat:cs.RO AND (all:""data augmentation"" OR all:""synthetic demonstrations"")","cat:cs.RO AND (all:""data augmentation"" OR all:""synthetic demonstrations"")"
arXiv,2607.12630v2,Instance-Enriched Semantic Maps for Visual Language Navigation,Jiho Hong; Eunae Kang; Sanghyun Kim; Young-Sik Shin,2026,arXiv,,http://arxiv.org/abs/2607.12630v2,"cat:cs.RO AND (all:""automatic annotation"" OR all:relabeling OR all:segmentation)","cat:cs.RO AND (all:""automatic annotation"" OR all:relabeling OR all:segmentation)"
arXiv,2604.17651v1,Infrastructure-Centric World Models: Bridging Temporal Depth and Spatial Breadth for Roadside Perception,Siyuan Meng; Chengbo Ai,2026,arXiv,,http://arxiv.org/abs/2604.17651v1,"cat:cs.RO AND all:""data engine""","cat:cs.RO AND all:""data engine"""
arXiv,2607.05765v1,Image2Sim: Scaling Embodied Navigation via Generative Neural Simulator,Zihan Wang; Seungjun Lee; Yinghao Xu; Gim Hee Lee,2026,arXiv,,http://arxiv.org/abs/2607.05765v1,"cat:cs.RO AND all:""data engine""","cat:cs.RO AND all:""data engine"""
arXiv,2605.06747v1,HumanNet: Scaling Human-centric Video Learning to One Million Hours,Yufan Deng; Daquan Zhou,2026,arXiv,,http://arxiv.org/abs/2605.06747v1,"cat:cs.RO AND all:""data curation""","cat:cs.RO AND all:""data curation"""
arXiv,2602.12062v1,HoloBrain-0 Technical Report,Xuewu Lin; Tianwei Lin; Yun Du; Hongyu Xie; Yiwei Jin; Jiawei Li; Shijie Wu; Qingze Wang; Mengdi Li; Mengao Zhao; Ziang Li; Chaodong Huang; Hongzhe Bi; Lichao Huang; Zhizhong Su,2026,arXiv,,http://arxiv.org/abs/2602.12062v1,"cat:cs.RO AND all:""data curation""","cat:cs.RO AND all:""data curation"""
arXiv,2606.29570v1,Hierarchical Policy Learning via Spectral Decomposition,Shuxin Cao; Liquan Wang; Walker Byrnes; Yiye Chen; Yilun Du; Animesh Garg,2026,arXiv,,http://arxiv.org/abs/2606.29570v1,"cat:cs.RO AND (all:""data augmentation"" OR all:""synthetic demonstrations"")","cat:cs.RO AND (all:""data augmentation"" OR all:""synthetic demonstrations"")"
arXiv,2604.21741v2,Hi-WM: Human-in-the-World-Model for Scalable Robot Post-Training,Yaxuan Li; Zhongyi Zhou; Yefei Chen; Yanjiang Guo; Jiaming Liu; Shanghang Zhang; Jianyu Chen; Yichen Zhu,2026,arXiv,,http://arxiv.org/abs/2604.21741v2,"cat:cs.RO AND (all:""world model"" AND all:""data generation"")","cat:cs.RO AND (all:""world model"" AND all:""data generation"")"
arXiv,2607.16187v1,Handroid: Bridging Dexterous Hand and Humanoid,Ruogu Li; Chenyang Ma; Sikai Li; Zhenyu Wei; Yunchao Yao; Haochen Shi; C. Karen Liu; Shuran Song; Mingyu Ding,2026,arXiv,,http://arxiv.org/abs/2607.16187v1,"cat:cs.RO AND (all:""cross-embodiment"" OR all:""action alignment"")","cat:cs.RO AND (all:""cross-embodiment"" OR all:""action alignment"")"
arXiv,2607.25389v1,HOME: Robust Hough-space Matching Method for Structured and Textureless Videos,Masaki Satoh,2026,arXiv,,http://arxiv.org/abs/2607.25389v1,"cat:cs.RO AND (all:""automatic annotation"" OR all:relabeling OR all:segmentation)","cat:cs.RO AND (all:""automatic annotation"" OR all:relabeling OR all:segmentation)"
arXiv,2607.21281v1,HGeo-TopoMap: Boosting Topological Mapping with Hierarchical Geometric Priors,Siyu Li; Kunyu Peng; Di Wen; Beiping Hou; Zhiyong Li; Kailun Yang,2026,arXiv,,http://arxiv.org/abs/2607.21281v1,"cat:cs.RO AND (all:""automatic annotation"" OR all:relabeling OR all:segmentation)","cat:cs.RO AND (all:""automatic annotation"" OR all:relabeling OR all:segmentation)"
arXiv,2604.08664v1,Generative Simulation for Policy Learning in Physical Human-Robot Interaction,Junxiang Wang; Xinwen Xu; Tiancheng Wu; Julian Millan; Nir Pechuk; Zackory Erickson,2026,arXiv,,http://arxiv.org/abs/2604.08664v1,"cat:cs.RO AND (all:""data augmentation"" OR all:""synthetic demonstrations"")","cat:cs.RO AND (all:""data augmentation"" OR all:""synthetic demonstrations"")"
arXiv,2601.05243v1,"Generate, Transfer, Adapt: Learning Functional Dexterous Grasping from a Single Human Demonstration",Xingyi He; Adhitya Polavaram; Yunhao Cao; Om Deshmukh; Tianrui Wang; Xiaowei Zhou; Kuan Fang,2026,arXiv,,http://arxiv.org/abs/2601.05243v1,"cat:cs.RO AND all:""data engine""","cat:cs.RO AND all:""data engine"""
arXiv,2607.13429v1,Generalizable VLA Finetuning via Representation Anchoring and Language-Action Alignment,Dwip Dalal; Shivansh Patel; Chahit Jain; Jeonghwan Kim; Utkarsh Mishra; Alex Baratian; Hyeonjeong Ha; Heng Ji; Svetlana Lazebnik; Unnat Jain,2026,arXiv,,http://arxiv.org/abs/2607.13429v1,"cat:cs.RO AND (all:""cross-embodiment"" OR all:""action alignment"")","cat:cs.RO AND (all:""cross-embodiment"" OR all:""action alignment"")"
arXiv,2607.06882v2,GemNav: Discrete-Token Visual Robot Navigation using a Multimodal Large Language Model,Peter Bohm; Saimunur Rahman; Abdelwahed Khamis; Sagun Man Singh Shrestha; Chris McCool; Peyman Moghadam,2026,arXiv,,http://arxiv.org/abs/2607.06882v2,"cat:cs.RO AND (all:""cross-embodiment"" OR all:""action alignment"")","cat:cs.RO AND (all:""cross-embodiment"" OR all:""action alignment"")"
arXiv,2604.22724v1,GCImOpt: Learning efficient goal-conditioned policies by imitating optimal trajectories,Jon Goikoetxea; Jesús F. Palacián,2026,arXiv,,http://arxiv.org/abs/2604.22724v1,"cat:cs.RO AND (all:""data augmentation"" OR all:""synthetic demonstrations"")","cat:cs.RO AND (all:""data augmentation"" OR all:""synthetic demonstrations"")"
arXiv,2606.17520v1,GASE: Gaussian Splatting-Based Automated System for Reconstructing Embodied-Simulation Environments,Jiawei Zhang; Yiming Yan; Chao Liang; Nuo Xu; Seson Sun; Qichen Zhang; Yuhao Xu; Yantai Yang; Yingqiao Wang; Qin Jin; Zhipeng Zhang,2026,arXiv,,http://arxiv.org/abs/2606.17520v1,"cat:cs.RO AND (all:""data augmentation"" OR all:""synthetic demonstrations"")","cat:cs.RO AND (all:""data augmentation"" OR all:""synthetic demonstrations"")"
arXiv,2607.11689v1,From World Action Models to Embodied Brains: A Roadmap for Open-World Physical Intelligence,Yuanzhi Liang; Xufeng Zhan; Haibin Huang; Chi Zhang; Xuelong Li,2026,arXiv,,http://arxiv.org/abs/2607.11689v1,"cat:cs.RO AND (all:""self-improvement"" OR all:""online post-training"")","cat:cs.RO AND (all:""self-improvement"" OR all:""online post-training"")"
arXiv,2604.15805v1,From Seeing to Simulating: Generative High-Fidelity Simulation with Digital Cousins for Generalizable Robot Learning and Evaluation,Jasper Lu; Zhenhao Shen; Yuanfei Wang; Shugao Liu; Shengqiang Xu; Shawn Xie; Jingkai Xu; Feng Jiang; Jade Yang; Chen Xie; Ruihai Wu,2026,arXiv,,http://arxiv.org/abs/2604.15805v1,"cat:cs.RO AND (all:""data augmentation"" OR all:""synthetic demonstrations"")","cat:cs.RO AND (all:""data augmentation"" OR all:""synthetic demonstrations"")"
arXiv,2607.17323v1,From Perception to Assistance: Open-Vocabulary Shared Autonomy for Robotic Manipulation,Murilo Vinicius da Silva; Ricardo V. Godoy; Juliano Negri; Gustavo J. G. Lahr; Ranulfo Bezerra; Marcelo Becker,2026,arXiv,,http://arxiv.org/abs/2607.17323v1,"cat:cs.RO AND (all:""automatic annotation"" OR all:relabeling OR all:segmentation)","cat:cs.RO AND (all:""automatic annotation"" OR all:relabeling OR all:segmentation)"
arXiv,2607.26903v1,From Passive Video to Editable Experience: Physically Grounded Experience Synthesis for Embodied Intelligence,Jia Luo,2026,arXiv,,http://arxiv.org/abs/2607.26903v1,"cat:cs.RO AND (all:""cross-embodiment"" OR all:""action alignment"")","cat:cs.RO AND (all:""cross-embodiment"" OR all:""action alignment"")"
arXiv,2607.06403v1,From Foundation to Application: Improving VLA Models in Practice,Wei Wu; Fangjing Wang; Fan Lu; He Sun; Shi Liu; Yunnan Wang; Yibin Yan; Yong Wang; Shuailei Ma; Xinyang Wang; Yibin Liu; Shuai Yang; Tianxiang Zhou; Kejia Zhang; Lei Zhou; Cheng Su; Nan Xue; Bin Tan; Han Zhang; Youchao Zhang; Fei Liao; Xing Zhu; Yujun Shen; Kecheng Zheng,2026,arXiv,,http://arxiv.org/abs/2607.06403v1,"cat:cs.RO AND (all:""cross-embodiment"" OR all:""action alignment"")","cat:cs.RO AND (all:""cross-embodiment"" OR all:""action alignment"")"
arXiv,2605.19600v1,FlyMirage: A Fully Automated Generation Pipeline for Diverse and Scalable UAV Flight Data via Generative World Model,Jinhan Li; Xijie Huang; Zhaoqi Wang; Yijin Wang; Weiqi Ge; Qiyi He; Mo Zhu; Fei Gao; Yuze Wu; Xin Zhou,2026,arXiv,,http://arxiv.org/abs/2605.19600v1,"cat:cs.RO AND (all:""world model"" AND all:""data generation"")","cat:cs.RO AND (all:""world model"" AND all:""data generation"")"
arXiv,2606.23090v2,Flow as Flow: Modeling Robot Velocity Fields as Probability Velocity Fields for Flow-Based Object Manipulation,Koki Seno; Daichi Yashima; Yusuke Takagi; Kento Tokura; Komei Sugiura,2026,arXiv,,http://arxiv.org/abs/2606.23090v2,"cat:cs.RO AND (all:""cross-embodiment"" OR all:""action alignment"")","cat:cs.RO AND (all:""cross-embodiment"" OR all:""action alignment"")"
arXiv,2606.19408v1,FlexLAM: Resolving the Bottleneck Trade-off in Latent Action Learning,Takanori Yoshimoto; Yang Hu; Naruya Kondo; Tatsuya Matsushima,2026,arXiv,,http://arxiv.org/abs/2606.19408v1,"cat:cs.RO AND (all:""cross-embodiment"" OR all:""action alignment"")","cat:cs.RO AND (all:""cross-embodiment"" OR all:""action alignment"")"
arXiv,2607.28293v1,Filling the Pareto-Optimal Front for Affordance Segmentation on Embedded Devices Using RGB-D Cameras,Edoardo Ragusa; Giovanni Paolo Canuti; Simone Lugani; Rodolfo Zunino; Paolo Gastaldo,2026,arXiv,,http://arxiv.org/abs/2607.28293v1,"cat:cs.RO AND (all:""automatic annotation"" OR all:relabeling OR all:segmentation)","cat:cs.RO AND (all:""automatic annotation"" OR all:relabeling OR all:segmentation)"
arXiv,2603.10451v1,FAR-Dex: Few-shot Data Augmentation and Adaptive Residual Policy Refinement for Dexterous Manipulation,Yushan Bai; Fulin Chen; Hongzheng Sun; Yuchuang Tong; En Li; Zhengtao Zhang,2026,arXiv,,http://arxiv.org/abs/2603.10451v1,"cat:cs.RO AND (all:""data augmentation"" OR all:""synthetic demonstrations"")","cat:cs.RO AND (all:""data augmentation"" OR all:""synthetic demonstrations"")"
arXiv,2607.20110v1,Extreme-RGMT: Continual Learning of Highly Dynamic Skills for Robust Generalist Humanoid Control,Yubiao Ma; Han Yu; Kai Guo; Changtai Lv; Zhengquan Mao; Boyang Xing; Xuemei Ren; Dongdong Zheng,2026,arXiv,,http://arxiv.org/abs/2607.20110v1,"cat:cs.RO AND (all:""automatic annotation"" OR all:relabeling OR all:segmentation)","cat:cs.RO AND (all:""automatic annotation"" OR all:relabeling OR all:segmentation)"
arXiv,2607.12065v1,Enabling 24-hour Agricultural Robotics: Unsupervised Day-to-Night Cross-Modal Image Translation for Nighttime Visual Navigation,Robel Mamo; Rajitha de Silva; Grzegorz Cielniak; Taeyeong Choi,2026,arXiv,,http://arxiv.org/abs/2607.12065v1,"cat:cs.RO AND (all:""automatic annotation"" OR all:relabeling OR all:segmentation)","cat:cs.RO AND (all:""automatic annotation"" OR all:relabeling OR all:segmentation)"
arXiv,2606.12965v1,EmbodiSteer: Steering Embodiment-Agnostic Visuomotor Policies with Joint-Space Guidance for Zero-Shot Cross-Embodiment Deployment,Shihefeng Wang; Kangchen Lv; Mingrui Yu; Xiang Li,2026,arXiv,,http://arxiv.org/abs/2606.12965v1,"cat:cs.RO AND (all:""cross-embodiment"" OR all:""action alignment"")","cat:cs.RO AND (all:""cross-embodiment"" OR all:""action alignment"")"
arXiv,2607.19745v2,EgoRecovery: Acquiring Failure Recovery Ability Through Human Recovery Demonstration,Zuhao Ge; Yuchen Zhou; Weitao Zhou; Minglei Li; Xinyu Li; Chao Wu; Hanwen Zhao; Haotian Wang; Zuxuan Wu; Xiaosong Jia; Yu-Gang Jiang,2026,arXiv,,http://arxiv.org/abs/2607.19745v2,"cat:cs.RO AND (all:""automatic annotation"" OR all:relabeling OR all:segmentation)","cat:cs.RO AND (all:""automatic annotation"" OR all:relabeling OR all:segmentation)"
arXiv,2606.17385v2,EgoInfinity: A Web-Scale 4D Hand-Object Interaction Data Engine for Any-View Robot Retargeting and Video-to-Action Robot Learning,Gaotian Wang; Kejia Ren; Andrew Morgan; Yiting Chen; Howard H. Qian; Podshara Chanrungmaneekul; Kaiyu Hang,2026,arXiv,,http://arxiv.org/abs/2606.17385v2,"cat:cs.RO AND (all:""cross-embodiment"" OR all:""action alignment"")","cat:cs.RO AND (all:""cross-embodiment"" OR all:""action alignment"") || cat:cs.RO AND all:""data engine"""
arXiv,2606.31101v1,Efficient Sim-to-Real Transfer of World-Action Models from Synthetic Priors,Zixing Wang; Kausik Sivakumar; Jinghuan Shang; Yafei Hu; Zhaoming Xie; Ran Gong; Xiaohan Zhang; Karl Schmeckpeper,2026,arXiv,,http://arxiv.org/abs/2606.31101v1,"cat:cs.RO AND (all:""data augmentation"" OR all:""synthetic demonstrations"")","cat:cs.RO AND (all:""data augmentation"" OR all:""synthetic demonstrations"")"
arXiv,2607.11427v1,EDAR: Learning Environment-Dependent Action Representations for Robotic Manipulation,Yuecheng Xu; Tong Yang; Jingkai Jia; Chi Zhang; Xuelong Li; Wenqiang Zhang,2026,arXiv,,http://arxiv.org/abs/2607.11427v1,"cat:cs.RO AND (all:""automatic annotation"" OR all:relabeling OR all:segmentation)","cat:cs.RO AND (all:""automatic annotation"" OR all:relabeling OR all:segmentation)"
arXiv,2607.19880v2,EA-Nav: Learning Safe Visual Navigation Policies with Embodiment Awareness,Jialu Zhang; Yong Du; Xianda Guo; Shunwang Sun; Xinqi Liu; Yue Sun; Guodong Lu; Wei Sui; Jituo Li,2026,arXiv,,http://arxiv.org/abs/2607.19880v2,"cat:cs.RO AND (all:""cross-embodiment"" OR all:""action alignment"")","cat:cs.RO AND (all:""cross-embodiment"" OR all:""action alignment"")"
arXiv,2604.11680v1,Dual-Control Frequency-Aware Diffusion Model for Depth-Dependent Optical Microrobot Microscopy Image Generation,Lan Wei; Zongcai Tan; Kangyi Lu; Jian-Qing Zheng; Dandan Zhang,2026,arXiv,,http://arxiv.org/abs/2604.11680v1,"cat:cs.RO AND (all:""data augmentation"" OR all:""synthetic demonstrations"")","cat:cs.RO AND (all:""data augmentation"" OR all:""synthetic demonstrations"")"
arXiv,2601.01528v2,DrivingGen: A Comprehensive Benchmark for Generative Video World Models in Autonomous Driving,Yang Zhou; Hao Shao; Letian Wang; Zhuofan Zong; Hongsheng Li; Steven L. Waslander,2026,arXiv,,http://arxiv.org/abs/2601.01528v2,"cat:cs.RO AND (all:""world model"" AND all:""data generation"")","cat:cs.RO AND (all:""world model"" AND all:""data generation"")"
arXiv,2607.00666v1,Domain Arithmetic: One-Shot VLA Adaptation under Environmental Shifts,Taewook Kang; Taeheon Kim; Donghyun Shin; Jonghyun Choi,2026,arXiv,,http://arxiv.org/abs/2607.00666v1,"cat:cs.RO AND all:""data curation""","cat:cs.RO AND all:""data curation"""
arXiv,2603.11634v1,"Diversity You Can Actually Measure: A Fast, Model-Free Diversity Metric for Robotics Datasets",Sreevardhan Sirigiri; Nathan Samuel de Lara; Christopher Agia; Florian Shkurti; Fabio Ramos,2026,arXiv,,http://arxiv.org/abs/2603.11634v1,"cat:cs.RO AND all:""data curation""","cat:cs.RO AND all:""data curation"""
arXiv,2606.19397v1,DiffusionVS: A Generative Framework for Robust Visual Servoing Based on Diffusion Policy,Hongkang Cui; Rui He; Haoyao Chen,2026,arXiv,,http://arxiv.org/abs/2606.19397v1,"cat:cs.RO AND (all:""data augmentation"" OR all:""synthetic demonstrations"")","cat:cs.RO AND (all:""data augmentation"" OR all:""synthetic demonstrations"")"
arXiv,2607.19919v1,Diffusion ReRoll: Revisable Denoising for Robotic Sequential Prediction,Seonsoo Kim; Seongil Hong; Jun-Gill Kang,2026,arXiv,,http://arxiv.org/abs/2607.19919v1,"cat:cs.RO AND (all:""automatic annotation"" OR all:relabeling OR all:segmentation)","cat:cs.RO AND (all:""automatic annotation"" OR all:relabeling OR all:segmentation)"
arXiv,2603.16609v1,Dexterous grasp data augmentation based on grasp synthesis with fingertip workspace cloud and contact-aware sampling,Liqi Wu; Haoyu Jia; Kento Kawaharazuka; Hirokazu Ishida; Kei Okada,2026,arXiv,,http://arxiv.org/abs/2603.16609v1,"cat:cs.RO AND (all:""data augmentation"" OR all:""synthetic demonstrations"")","cat:cs.RO AND (all:""data augmentation"" OR all:""synthetic demonstrations"")"
arXiv,2607.08751v1,"DexVerse: A Modular Benchmark for Multi-Task, Multi-Embodiment Dexterous Manipulation",Yunchao Yao; Zhuxiu Xu; Tianqi Zhang; Zixian Liu; Sikai Li; Zhenyu Wei; Feng Chen; Dihong Huang; Kechang Wan; Chenyang Ma; Shuqi Zhao; Shenghua Gao; Masayoshi Tomizuka; Yi Ma; Mingyu Ding,2026,arXiv,,http://arxiv.org/abs/2607.08751v1,"cat:cs.RO AND (all:""cross-embodiment"" OR all:""action alignment"")","cat:cs.RO AND (all:""cross-embodiment"" OR all:""action alignment"")"
arXiv,2607.13033v1,DenseReward: Dense Reward Learning via Failure Synthesis for Robotic Manipulation,Yu Fang; Wanxi Dong; Jiaqi Liu; Yue Yang; Mingxiao Huo; Yao Mu; Huaxiu Yao; Li Erran Li; Daniel Szafir; Mingyu Ding,2026,arXiv,,http://arxiv.org/abs/2607.13033v1,"cat:cs.RO AND (all:""automatic annotation"" OR all:relabeling OR all:segmentation)","cat:cs.RO AND (all:""automatic annotation"" OR all:relabeling OR all:segmentation)"
arXiv,2607.15982v1,Data and Learning Where it Matters for Contact-Rich Manipulation,Oliver Hausdörfer; Linus Schwarz; Gabor Marko; Christian Dietz; Timo Class; Luka Hofer; Jim Yun-Jin Li; Johannes Hechtl; Ralf Römer; Angela P. Schoellig,2026,arXiv,,http://arxiv.org/abs/2607.15982v1,"cat:cs.RO AND (all:""automatic annotation"" OR all:relabeling OR all:segmentation)","cat:cs.RO AND (all:""automatic annotation"" OR all:relabeling OR all:segmentation) || cat:cs.RO AND all:""autonomous data collection"""
arXiv,2607.16012v1,DPNeXt: A Lightweight Multi-Scale Feature Fusion Framework for Efficient ViT-Based Multi-Task Dense Prediction,Jehun Kang; Jungha Wang; Youngjun Hwang; David Hyunchul Shim,2026,arXiv,,http://arxiv.org/abs/2607.16012v1,"cat:cs.RO AND (all:""automatic annotation"" OR all:relabeling OR all:segmentation)","cat:cs.RO AND (all:""automatic annotation"" OR all:relabeling OR all:segmentation)"
arXiv,2607.27549v1,Cross-Embodiment Transfer via Behavior-Aligned Representations,Ajay Sridhar; Jensen Gao; Jonathan Yang; Jean Mercat; Suneel Belkhale; Dorsa Sadigh,2026,arXiv,,http://arxiv.org/abs/2607.27549v1,"cat:cs.RO AND (all:""cross-embodiment"" OR all:""action alignment"")","cat:cs.RO AND (all:""cross-embodiment"" OR all:""action alignment"")"
arXiv,2607.03570v1,Cross-Embodiment Robot Manipulation via a Unified Hand Action Space,Luis Felipe Casas; Robert Teal; Keval Shah; Abhijit Tadepalli; Wanxin Jin; Yu Xiang,2026,arXiv,,http://arxiv.org/abs/2607.03570v1,"cat:cs.RO AND (all:""cross-embodiment"" OR all:""action alignment"")","cat:cs.RO AND (all:""cross-embodiment"" OR all:""action alignment"")"
arXiv,2606.29898v1,Critical Interval MSE: Toward Reliable Offline Validation for Robot Manipulation Policies,Haoxu Huang; Tongsam Zheng; Yifan Chen; Jiacheng You; Yang Gao,2026,arXiv,,http://arxiv.org/abs/2606.29898v1,"cat:cs.RO AND (all:""cross-embodiment"" OR all:""action alignment"")","cat:cs.RO AND (all:""cross-embodiment"" OR all:""action alignment"")"
arXiv,2604.11386v1,ComSim: Building Scalable Real-World Robot Data Generation via Compositional Simulation,Yiran Qin; Jiahua Ma; Li Kang; Wenzhan Li; Yihang Jiao; Xin Wen; Xiufeng Song; Heng Zhou; Jiwen Yu; Zhenfei Yin; Xihui Liu; Philip Torr; Yilun Du; Ruimao Zhang,2026,arXiv,,http://arxiv.org/abs/2604.11386v1,"cat:cs.RO AND (all:""data augmentation"" OR all:""synthetic demonstrations"")","cat:cs.RO AND (all:""data augmentation"" OR all:""synthetic demonstrations"") || cat:cs.RO AND (all:""world model"" AND all:""data generation"")"
arXiv,2607.19194v2,Cognitive Dual-Process Planning for Autonomous Driving with Structured Scene Knowledge and Verifiable Reasoning-Action Consistency,Zhongyao Yang; Haoyu Li; Yu Yan; Zhuangxuan Yu; Jiangfeng Nan; Jinrui Nan,2026,arXiv,,http://arxiv.org/abs/2607.19194v2,"cat:cs.RO AND all:""data engine""","cat:cs.RO AND all:""data engine"""
arXiv,2603.05042v2,CoIn3D: Revisiting Configuration-Invariant Multi-Camera 3D Object Detection,Zhaonian Kuang; Rui Ding; Haotian Wang; Xinhu Zheng; Meng Yang; Gang Hua,2026,arXiv,,http://arxiv.org/abs/2603.05042v2,"cat:cs.RO AND (all:""data augmentation"" OR all:""synthetic demonstrations"")","cat:cs.RO AND (all:""data augmentation"" OR all:""synthetic demonstrations"")"
arXiv,2607.20345v1,Closing the Lab-to-Store Gap: A Data-Efficient Post-Training and Experience-Driven Learning VLA Framework for Retail Humanoids,Roger Sala Sisó; Tiago Silvério; Jakob Sand; Tran Nguyen Le,2026,arXiv,,http://arxiv.org/abs/2607.20345v1,"cat:cs.RO AND all:""data curation""","cat:cs.RO AND all:""data curation"""
arXiv,2607.09713v1,Closed-Loop Control with Rule-Aligned Small Language Models and Multi-Agent Self-Correction,Yuchen Wang; Javal Vyas; Tong Liu; Mehmet Mercangoz,2026,arXiv,,http://arxiv.org/abs/2607.09713v1,"cat:cs.RO AND (all:""cross-embodiment"" OR all:""action alignment"")","cat:cs.RO AND (all:""cross-embodiment"" OR all:""action alignment"")"
arXiv,2605.21372v1,Closed Loop Dynamic Driving Data Mixture for Real-Synthetic Co-Training,Hongzhi Ruan; Pei Liu; Weiliang Ma; Zhengning Li; Xueyang Zhang; Jun Ma; Dan Xu; Kun Zhan,2026,arXiv,,http://arxiv.org/abs/2605.21372v1,"cat:cs.RO AND all:""data engine""","cat:cs.RO AND all:""data engine"""
arXiv,2606.22836v1,Cloak: Zero-Shot Cross-Embodiment Manipulation by Masking the End-Effector from the VLA,Michael Piseno; Guy Tevet; C. Karen Liu,2026,arXiv,,http://arxiv.org/abs/2606.22836v1,"cat:cs.RO AND (all:""cross-embodiment"" OR all:""action alignment"")","cat:cs.RO AND (all:""cross-embodiment"" OR all:""action alignment"")"
arXiv,2607.09185v1,Causally Debiased Latent Action Model for Embodied Action Conditioned World Models,Yufan Wei; Kun Zhou; Lingjun Mao; Zijun Zhang; Ziming Xu; Ziqiao Xi; Shuang Liang; Ruobing Han; Yuchen Yan; Xinyue Wang; Fan Feng; Biwei Huang,2026,arXiv,,http://arxiv.org/abs/2607.09185v1,"cat:cs.RO AND (all:""data augmentation"" OR all:""synthetic demonstrations"")","cat:cs.RO AND (all:""data augmentation"" OR all:""synthetic demonstrations"")"
arXiv,2604.11320v1,CLASP: Closed-loop Asynchronous Spatial Perception for Open-vocabulary Desktop Object Grasping,Yiran Ling; Wenxuan Li; Siying Dong; Yize Zhang; Xiaoyao Huang; Jing Jiang; Ruonan Li; Jie Liu,2026,arXiv,,http://arxiv.org/abs/2604.11320v1,"cat:cs.RO AND all:""data engine""","cat:cs.RO AND all:""data engine"""
arXiv,2604.03759v1,Build on Priors: Vision--Language--Guided Neuro-Symbolic Imitation Learning for Data-Efficient Real-World Robot Manipulation,Pierrick Lorang; Johannes Huemer; Timothy Duggan; Kai Goebel; Patrik Zips; Matthias Scheutz,2026,arXiv,,http://arxiv.org/abs/2604.03759v1,"cat:cs.RO AND (all:""data augmentation"" OR all:""synthetic demonstrations"")","cat:cs.RO AND (all:""data augmentation"" OR all:""synthetic demonstrations"")"
arXiv,2606.27813v1,Booster Lab: A Data-Centric Pipeline for Learning Deployable Humanoid Locomotion Policies,Penghui Chen; Tinglong Zheng; Yufeng Zhang; Mingguo Zhao,2026,arXiv,,http://arxiv.org/abs/2606.27813v1,"cat:cs.RO AND all:""data curation""","cat:cs.RO AND all:""data curation"""
arXiv,2606.23531v4,BiliVLA: Scene-Aware Vision-Language-Action Model with Reinforcement Learning for Autonomous Biliary Endoscopic Navigation,Jinsong Lin; Chi Kit Ng; Zhiyong Xiong; Zikang Pan; Yihan Hu; Tabassum Tamima; Ziyi Hao; Eddie Cheung; Jiewen Lai; Huxin Gao; Hongliang Ren,2026,arXiv,,http://arxiv.org/abs/2606.23531v4,"cat:cs.RO AND (all:""cross-embodiment"" OR all:""action alignment"")","cat:cs.RO AND (all:""cross-embodiment"" OR all:""action alignment"")"
arXiv,2606.29201v1,Behavior Uncloning: Distilling Mode Redirection into Policy Weights without Inference-Time Steering,Hao Wang; Jiuzhou Lei; Dayou Li; Bangya Liu; Minghui Zheng; Manling Li; Ruohan Zhang; Zhiwen Fan,2026,arXiv,,http://arxiv.org/abs/2606.29201v1,"cat:cs.RO AND all:""data curation""","cat:cs.RO AND all:""data curation"""
arXiv,2607.07370v2,Behavior Foundations for Quadruped Robots: ABot-C0 Technical Report,Xufeng Zhao; Fuzhi Yang; Jianhui Chen; Li Gao; Zhang Meng; Jie Gao; Yao Zheng; Congyang Zhao; Tianxiong Lv; Menglin Yang; Minqi Gu; Yaru Zhao; Wenyu Liu; Honglin Han; Shihui Su; Zixiao Tang; Liu Liu; Mu Xu; Yang Cai; Wenbin Tang,2026,arXiv,,http://arxiv.org/abs/2607.07370v2,"cat:cs.RO AND (all:""cross-embodiment"" OR all:""action alignment"")","cat:cs.RO AND (all:""cross-embodiment"" OR all:""action alignment"")"
arXiv,2605.22816v1,AwareVLN: Reasoning with Self-awareness for Vision-Language Navigation,Wenxuan Guo; Xiuwei Xu; Yichen Liu; Xiangyu Li; Hang Yin; Huangxing Chen; Wenzhao Zheng; Jianjiang Feng; Jie Zhou; Jiwen Lu,2026,arXiv,,http://arxiv.org/abs/2605.22816v1,"cat:cs.RO AND all:""data engine""","cat:cs.RO AND all:""data engine"""
arXiv,2607.10655v1,Artificial Foveated Perception for Mitigating Shortcut Learning in Robotic Foundation Models,Xiatao Sun; Yuan Zhuang; Mateo Sanchez Lopez Negrete; Matei-Victor Coldea; Chen Liang; Haoyang Zhang; Che Liu; Ziyao Zeng; Shawn Li; Qian Wang; Fei Miao; Daniel Rakita,2026,arXiv,,http://arxiv.org/abs/2607.10655v1,"cat:cs.RO AND (all:""cross-embodiment"" OR all:""action alignment"")","cat:cs.RO AND (all:""cross-embodiment"" OR all:""action alignment"")"
arXiv,2607.27749v1,Articulated Object Reconstruction from Rest-State Observation,Daeun Lee; Jaeah Lee; Woosung Kim; Haebeom Jung; Jaesik Park,2026,arXiv,,http://arxiv.org/abs/2607.27749v1,"cat:cs.RO AND (all:""automatic annotation"" OR all:relabeling OR all:segmentation)","cat:cs.RO AND (all:""automatic annotation"" OR all:relabeling OR all:segmentation)"
arXiv,2607.27627v1,Arm2Air: Cross-Embodiment Skeleton Transfer for 3D Relay Formation,Dohun Lee; Kyeonghyun Yoo; Seokmin Kim; Byongho Lee; Seungjoo Oh; Hwangnam Kim,2026,arXiv,,http://arxiv.org/abs/2607.27627v1,"cat:cs.RO AND (all:""cross-embodiment"" OR all:""action alignment"")","cat:cs.RO AND (all:""cross-embodiment"" OR all:""action alignment"")"
arXiv,2603.05868v1,AnyCamVLA: Zero-Shot Camera Adaptation for Viewpoint Robust Vision-Language-Action Models,Hyeongjun Heo; Seungyeon Woo; Sang Min Kim; Junho Kim; Junho Lee; Yonghyeon Lee; Young Min Kim,2026,arXiv,,http://arxiv.org/abs/2603.05868v1,"cat:cs.RO AND (all:""data augmentation"" OR all:""synthetic demonstrations"")","cat:cs.RO AND (all:""data augmentation"" OR all:""synthetic demonstrations"")"
arXiv,2607.03182v1,AnchorVLA: Bridging Discrete Decisions and Continuous Trajectories for Vision-Language-Action Planning,Qi Liu; Yabei Li; Hongsong Wang; Heng Zhang; Lei He,2026,arXiv,,http://arxiv.org/abs/2607.03182v1,"cat:cs.RO AND (all:""cross-embodiment"" OR all:""action alignment"")","cat:cs.RO AND (all:""cross-embodiment"" OR all:""action alignment"")"
arXiv,2607.12181v1,Analysis of Mutual and Referential Human and Robot Gazes in a Collaborative Word Association Game,Jens V. Rüppel; Tim Schreiter; Andrey Rudenko; Achim J. Lilienthal,2026,arXiv,,http://arxiv.org/abs/2607.12181v1,"cat:cs.RO AND (all:""automatic annotation"" OR all:relabeling OR all:segmentation)","cat:cs.RO AND (all:""automatic annotation"" OR all:relabeling OR all:segmentation)"
arXiv,2607.13605v1,An Empirical Study on Stage-Information Interfaces for VLA Fine-Tuning,Yingwei Ji,2026,arXiv,,http://arxiv.org/abs/2607.13605v1,"cat:cs.RO AND (all:""automatic annotation"" OR all:relabeling OR all:segmentation)","cat:cs.RO AND (all:""automatic annotation"" OR all:relabeling OR all:segmentation)"
arXiv,2605.01544v1,An Efficient Metric for Data Quality Measurement in Imitation Learning,Noushad Sojib; Momotaz Begum,2026,arXiv,,http://arxiv.org/abs/2605.01544v1,"cat:cs.RO AND all:""data curation""","cat:cs.RO AND all:""data curation"""
arXiv,2606.03963v3,AgenticRL: Self-Refining Agentic Reinforcement Learning for Vision-Conditioned UAV Navigation,Roohan Ahmed Khan; Yasheerah Yaqoot; Amir Atef Habel; Muhammad Ahsan Mustafa; Dzmitry Tsetserukou,2026,arXiv,,http://arxiv.org/abs/2606.03963v3,"cat:cs.RO AND (all:""self-improvement"" OR all:""online post-training"")","cat:cs.RO AND (all:""self-improvement"" OR all:""online post-training"")"
arXiv,2607.08857v2,AgenticFocus: Object-Preserving Mixed Reality Synthesis from Human FPV Video for Dexterous Humanoid Learning,Iaroslav Kolomiets; Miguel Altamirano Cabrera; Artem Lykov; Jeffrin Sam; Dmitrii Iarchuk; Yara Mahmoud; Daniia Zinniatullina; Mikhail Konenkov; Dzmitry Tsetserukou,2026,arXiv,,http://arxiv.org/abs/2607.08857v2,"cat:cs.RO AND (all:""cross-embodiment"" OR all:""action alignment"")","cat:cs.RO AND (all:""cross-embodiment"" OR all:""action alignment"")"
arXiv,2606.06155v1,AffordanceVLA: A Vision-Language-Action Model Empowering Action Generation through Affordance-Aware Understanding,Qize Yu; Jiadi You; Yuran Wang; Jiaqi Liang; Bowen Ping; Yang Tian; Yue Chen; Minghong Cai; Zeying Gong; Ruihai Wu; Yinchuan Li; Junwei Liang; Yingcong Chen,2026,arXiv,,http://arxiv.org/abs/2606.06155v1,"cat:cs.RO AND (all:""data augmentation"" OR all:""synthetic demonstrations"")","cat:cs.RO AND (all:""data augmentation"" OR all:""synthetic demonstrations"")"
arXiv,2602.12065v1,Affordance-Graphed Task Worlds: Self-Evolving Task Generation for Scalable Embodied Learning,Xiang Liu; Sen Cui; Guocai Yao; Zhong Cao; Jingheng Ma; Min Zhang; Changshui Zhang,2026,arXiv,,http://arxiv.org/abs/2602.12065v1,"cat:cs.RO AND (all:""self-improvement"" OR all:""online post-training"")","cat:cs.RO AND (all:""self-improvement"" OR all:""online post-training"")"
arXiv,2607.21588v1,AXIS: A Growable Community-Driven Data Engine for Scalable Robot Manipulation,Mengfei Zhao; Dihong Huang; Yikai Tang; Peihao Li; Mingxuan Yan; Ruiqi Zhuang; Yanjia Huang; Jie Wang; Hai Zhai; Tony Zhou; Rui Zhang; Zhexi Luo; Yuchen Huang; Jianfei Yang; Jiachen Li,2026,arXiv,,http://arxiv.org/abs/2607.21588v1,"cat:cs.RO AND all:""data engine""","cat:cs.RO AND all:""data engine"""
arXiv,2605.17123v1,ATRACT: A Trustworthy Robotic Autonomous system to support Casualty Triage,Tasweer Ahmad; Rafael Pina; Sandip Pradhan; Arindam Sikdar; Mindula Illeperuma; Khizer Saeed; Peter Lee; Varuna De Silva; Ardhendu Behera,2026,arXiv,,http://arxiv.org/abs/2605.17123v1,"cat:cs.RO AND (all:""data augmentation"" OR all:""synthetic demonstrations"")","cat:cs.RO AND (all:""data augmentation"" OR all:""synthetic demonstrations"")"
arXiv,2606.16208v1,ATHENA: Accelerated Multi-Task Heterogeneous Influence Functions for Robot Data Curation,Tao Xu; Jiaxin Wang; Runhao Zhang; Jiayi Guan; Xianchao Zeng; Weixi Song; Xinyu Zhou; Zhetao Chen; Guang Chen; Yong-Lu Li,2026,arXiv,,http://arxiv.org/abs/2606.16208v1,"cat:cs.RO AND all:""data curation""","cat:cs.RO AND all:""data curation"""
arXiv,2606.22480v1,ARP: Enhancing Quantized Skill Abstractions via Visual Alignment and Iterative Refinement for Robotic Manipulation,Yuntian Wang; Zesheng Jia; Yuhui Duan; Qibing Wang; Yang Liu; Song Wang; Siao Liu; Jin Wang,2026,arXiv,,http://arxiv.org/abs/2606.22480v1,"cat:cs.RO AND (all:""cross-embodiment"" OR all:""action alignment"")","cat:cs.RO AND (all:""cross-embodiment"" OR all:""action alignment"")"
arXiv,2607.04426v1,ACE-Brain-0.5: A Unified Embodied Foundational Model for Physical Agentic AI,ACE-Brain Team; :; Ziyang Gong; Haoming Gu; Zehang Luo; Tianyi Zhang; Tao Tao; Yixiao Chi; Zhe Liu; Lingsi Zhu; Jingyuan Liu; Anke Tang; Songze Li; Yilun Kong; Ningjing Liu; Tianyu Zhu; Yunpeng Qing; Shuang Luo; Xiang Liu; Shi Fu; Dawei Nie; Sixiang Liu; Zhexi Wen; Feng Pan; Xiaofeng Wang; Zhi Hou; Chunxiao Liu; Xue Yang; Junchi Yan; Hengshuang Zhao; Dacheng Tao; Xiaogang Wang,2026,arXiv,,http://arxiv.org/abs/2607.04426v1,"cat:cs.RO AND (all:""self-improvement"" OR all:""online post-training"")","cat:cs.RO AND (all:""self-improvement"" OR all:""online post-training"")"
arXiv,2602.11598v1,ABot-N0: Technical Report on the VLA Foundation Model for Versatile Embodied Navigation,Zedong Chu; Shichao Xie; Xiaolong Wu; Yanfen Shen; Minghua Luo; Zhengbo Wang; Fei Liu; Xiaoxu Leng; Junjun Hu; Mingyang Yin; Jia Lu; Yingnan Guo; Kai Yang; Jiawei Han; Xu Chen; Yanqing Zhu; Yuxiang Zhao; Xin Liu; Yirong Yang; Ye He; Jiahang Wang; Yang Cai; Tianlin Zhang; Li Gao; Liu Liu; Mingchao Sun; Fan Jiang; Chiyu Wang; Zhicheng Liu; Hongyu Pan; Honglin Han; Zhining Gu; Kuan Yang; Jianfang Zhang; Di Jing; Zihao Guan; Wei Guo; Guoqing Liu; Di Yang; Xiangpo Yang; Menglin Yang; Hongguang Xing; Weiguo Li; Mu Xu,2026,arXiv,,http://arxiv.org/abs/2602.11598v1,"cat:cs.RO AND all:""data engine""","cat:cs.RO AND all:""data engine"""
arXiv,2602.11236v2,ABot-M0: VLA Foundation Model for Robotic Manipulation with Action Manifold Learning,Yandan Yang; Shuang Zeng; Tong Lin; Xinyuan Chang; Dekang Qi; Junjin Xiao; Haoyun Liu; Ronghan Chen; Yuzhi Chen; Dongjie Huo; Feng Xiong; Xing Wei; Zhiheng Ma; Mu Xu,2026,arXiv,,http://arxiv.org/abs/2602.11236v2,"cat:cs.RO AND all:""data curation""","cat:cs.RO AND all:""data curation"""
arXiv,2607.10350v3,ABot-AgentOS: A General Robotic Agent OS with Lifelong Multi-modal Memory,Jiayi Tian; Shiao Liu; Yuting Xu; Jia Lu; Zihao Guan; Honglin Han; Di Yang; Minqi Gu; Yifei Qian; Tianlin Zhang; Yanqing Zhu; Zeqian Ye; Menglin Yang; Fei Wang; Xu Hu; Xiuxian Li; Wei Zhang; Shihui Su; Yiyan Ji; Jingbo Wang; Ziteng Feng; Jiaheng Liu; Zhaoxiang Zhang; Xiaolong Wu; Zixiao Tang; Zhining Gu; Yang Cai; Linbo Zheng; Jingjing Ma; Mingyang Yin; Zedong Chu; Wenbin Tang; Mu Xu,2026,arXiv,,http://arxiv.org/abs/2607.10350v3,"cat:cs.RO AND (all:""cross-embodiment"" OR all:""action alignment"")","cat:cs.RO AND (all:""cross-embodiment"" OR all:""action alignment"")"
arXiv,2607.20748v1,"A real-time RGB-D perception pipeline for autonomous impact hammers in mining: self-filtering, rock segmentation and rock-breaking poses generation",Martín Gallegos; Francisco Leiva; Patricio Loncomilla; Michelle Cortés; Javier Ruiz-del-Solar,2026,arXiv,,http://arxiv.org/abs/2607.20748v1,"cat:cs.RO AND (all:""automatic annotation"" OR all:relabeling OR all:segmentation)","cat:cs.RO AND (all:""automatic annotation"" OR all:relabeling OR all:segmentation)"
arXiv,2605.01232v1,A Principled Approach for Creating High-fidelity Synthetic Demonstrations for Imitation Learning,Moniruzzaman Akash; Momotaz Begum,2026,arXiv,,http://arxiv.org/abs/2605.01232v1,"cat:cs.RO AND (all:""data augmentation"" OR all:""synthetic demonstrations"")","cat:cs.RO AND (all:""data augmentation"" OR all:""synthetic demonstrations"")"
arXiv,2607.15582v1,A Model-Based Decoupling Strategy for Proprioception and Contact Sensing in an Architected Soft Manipulator,Francesco Stella; Annan Zhang; Cosimo Della Santina; Josie Hughes; Daniela Rus,2026,arXiv,,http://arxiv.org/abs/2607.15582v1,"cat:cs.RO AND (all:""automatic annotation"" OR all:relabeling OR all:segmentation)","cat:cs.RO AND (all:""automatic annotation"" OR all:relabeling OR all:segmentation)"
arXiv,2606.15434v1,A Bilateral Teleoperation Framework for Dexterous Manipulation,Stefano Dalla Gasperina; Dong Ho Kang; Haiyun Zhang; Aldo Galvan; Job D. Ramirez; Aaron Kim; Mark Helwig; Kazuto Yokoyama; Takahisa Ueno; Tetsuya Narita; Ann Majewicz-Fey; Ashish D. Deshpande; Luis Sentis,2026,arXiv,,http://arxiv.org/abs/2606.15434v1,"cat:cs.RO AND (all:""cross-embodiment"" OR all:""action alignment"")","cat:cs.RO AND (all:""cross-embodiment"" OR all:""action alignment"")"
arXiv,2604.26509v3,3D Generation for Embodied AI and Robotic Simulation: A Survey,Tianwei Ye; Yifan Mao; Minwen Liao; Jian Liu; Chunchao Guo; Dazhao Du; Quanxin Shou; Fangqi Zhu; Song Guo,2026,arXiv,,http://arxiv.org/abs/2604.26509v3,"cat:cs.RO AND (all:""data augmentation"" OR all:""synthetic demonstrations"")","cat:cs.RO AND (all:""data augmentation"" OR all:""synthetic demonstrations"")"
arXiv,2603.25038v1,"$π$, But Make It Fly: Physics-Guided Transfer of VLA Models to Aerial Manipulation",Johnathan Tucker; Denis Liu; Aiden Swann; Allen Ren; Javier Yu; Jiankai Sun; Brandon Kim; Lachlain McGranahan; Quan Vuong; Mac Schwager,2026,arXiv,,http://arxiv.org/abs/2603.25038v1,"cat:cs.RO AND (all:""data augmentation"" OR all:""synthetic demonstrations"")","cat:cs.RO AND (all:""data augmentation"" OR all:""synthetic demonstrations"")"
arXiv,2606.13769v2,$μ_0$: A Scalable 3D Interaction-Trace World Model,Seungjae Lee; Yoonkyo Jung; Jusuk Lee; Jonghun Shin; Amir Hossein Shahidzadeh; Yao-Chih Lee; H. Jin Kim; Jia-Bin Huang; Furong Huang,2026,arXiv,,http://arxiv.org/abs/2606.13769v2,"cat:cs.RO AND (all:""cross-embodiment"" OR all:""action alignment"")","cat:cs.RO AND (all:""cross-embodiment"" OR all:""action alignment"")"
arXiv,2506.01600v1,WoMAP: World Models For Embodied Open-Vocabulary Object Localization,Tenny Yin; Zhiting Mei; Tao Sun; Lihan Zha; Emily Zhou; Jeremy Bao; Miyu Yamane; Ola Shorinwa; Anirudha Majumdar,2025,arXiv,,http://arxiv.org/abs/2506.01600v1,"cat:cs.RO AND (all:""world model"" AND all:""data generation"")","cat:cs.RO AND (all:""world model"" AND all:""data generation"")"
arXiv,2505.08078v1,What Matters for Batch Online Reinforcement Learning in Robotics?,Perry Dong; Suvir Mirchandani; Dorsa Sadigh; Chelsea Finn,2025,arXiv,,http://arxiv.org/abs/2505.08078v1,"cat:cs.RO AND (all:""self-improvement"" OR all:""online post-training"")","cat:cs.RO AND (all:""self-improvement"" OR all:""online post-training"")"
arXiv,2511.09515v1,WMPO: World Model-based Policy Optimization for Vision-Language-Action Models,Fangqi Zhu; Zhengyang Yan; Zicong Hong; Quanxin Shou; Xiao Ma; Song Guo,2025,arXiv,,http://arxiv.org/abs/2511.09515v1,"cat:cs.RO AND (all:""self-improvement"" OR all:""online post-training"")","cat:cs.RO AND (all:""self-improvement"" OR all:""online post-training"")"
arXiv,2503.00761v1,TRACE: A Self-Improving Framework for Robot Behavior Forecasting with Vision-Language Models,Gokul Puthumanaillam; Paulo Padrao; Jose Fuentes; Pranay Thangeda; William E. Schafer; Jae Hyuk Song; Karan Jagdale; Leonardo Bobadilla; Melkior Ornik,2025,arXiv,,http://arxiv.org/abs/2503.00761v1,"cat:cs.RO AND (all:""self-improvement"" OR all:""online post-training"")","cat:cs.RO AND (all:""self-improvement"" OR all:""online post-training"")"
arXiv,2512.12012v2,Semantic-Drive: Democratizing Long-Tail Data Curation via Open-Vocabulary Grounding and Neuro-Symbolic VLM Consensus,Antonio Guillen-Perez,2025,arXiv,,http://arxiv.org/abs/2512.12012v2,"cat:cs.RO AND all:""data curation""","cat:cs.RO AND all:""data curation"""
arXiv,2511.00091v1,Self-Improving Vision-Language-Action Models with Data Generation via Residual RL,"Wenli Xiao; Haotian Lin; Andy Peng; Haoru Xue; Tairan He; Yuqi Xie; Fengyuan Hu; Jimmy Wu; Zhengyi Luo; Linxi ""Jim"" Fan; Guanya Shi; Yuke Zhu",2025,arXiv,,http://arxiv.org/abs/2511.00091v1,"cat:cs.RO AND (all:""self-improvement"" OR all:""online post-training"")","cat:cs.RO AND (all:""self-improvement"" OR all:""online post-training"")"
arXiv,2506.06658v3,Self-Improving Loops for Visual Robotic Planning,Calvin Luo; Zilai Zeng; Mingxi Jia; Yilun Du; Chen Sun,2025,arXiv,,http://arxiv.org/abs/2506.06658v3,"cat:cs.RO AND (all:""self-improvement"" OR all:""online post-training"")","cat:cs.RO AND (all:""self-improvement"" OR all:""online post-training"")"
arXiv,2509.15155v1,Self-Improving Embodied Foundation Models,Seyed Kamyar Seyed Ghasemipour; Ayzaan Wahid; Jonathan Tompson; Pannag Sanketi; Igor Mordatch,2025,arXiv,,http://arxiv.org/abs/2509.15155v1,"cat:cs.RO AND (all:""self-improvement"" OR all:""online post-training"")","cat:cs.RO AND (all:""self-improvement"" OR all:""online post-training"")"
arXiv,2510.22568v1,SPIRAL: Self-Play Incremental Racing Algorithm for Learning in Multi-Drone Competitions,Onur Akgün,2025,arXiv,,http://arxiv.org/abs/2510.22568v1,"cat:cs.RO AND (all:""self-improvement"" OR all:""online post-training"")","cat:cs.RO AND (all:""self-improvement"" OR all:""online post-training"")"
arXiv,2509.19292v1,SOE: Sample-Efficient Robot Policy Self-Improvement via On-Manifold Exploration,Yang Jin; Jun Lv; Han Xue; Wendi Chen; Chuan Wen; Cewu Lu,2025,arXiv,,http://arxiv.org/abs/2509.19292v1,"cat:cs.RO AND (all:""self-improvement"" OR all:""online post-training"")","cat:cs.RO AND (all:""self-improvement"" OR all:""online post-training"")"
arXiv,2505.01396v1,SIME: Enhancing Policy Self-Improvement with Modal-level Exploration,Yang Jin; Jun Lv; Wenye Yu; Hongjie Fang; Yong-Lu Li; Cewu Lu,2025,arXiv,,http://arxiv.org/abs/2505.01396v1,"cat:cs.RO AND (all:""self-improvement"" OR all:""online post-training"")","cat:cs.RO AND (all:""self-improvement"" OR all:""online post-training"")"
arXiv,2512.04797v1,SIMA 2: A Generalist Embodied Agent for Virtual Worlds,SIMA team; Adrian Bolton; Alexander Lerchner; Alexandra Cordell; Alexandre Moufarek; Andrew Bolt; Andrew Lampinen; Anna Mitenkova; Arne Olav Hallingstad; Bojan Vujatovic; Bonnie Li; Cong Lu; Daan Wierstra; Daniel P. Sawyer; Daniel Slater; David Reichert; Davide Vercelli; Demis Hassabis; Drew A. Hudson; Duncan Williams; Ed Hirst; Fabio Pardo; Felix Hill; Frederic Besse; Hannah Openshaw; Harris Chan; Hubert Soyer; Jane X. Wang; Jeff Clune; John Agapiou; John Reid; Joseph Marino; Junkyung Kim; Karol Gregor; Kaustubh Sridhar; Kay McKinney; Laura Kampis; Lei M. Zhang; Loic Matthey; Luyu Wang; Maria Abi Raad; Maria Loks-Thompson; Martin Engelcke; Matija Kecman; Matthew Jackson; Maxime Gazeau; Ollie Purkiss; Oscar Knagg; Peter Stys; Piermaria Mendolicchio; Raia Hadsell; Rosemary Ke; Ryan Faulkner; Sarah Chakera; Satinder Singh Baveja; Shane Legg; Sheleem Kashem; Tayfun Terzi; Thomas Keck; Tim Harley; Tim Scholtes; Tyson Roberts; Volodymyr Mnih; Yulan Liu; Zhengdong Wang; Zoubin Ghahramani,2025,arXiv,,http://arxiv.org/abs/2512.04797v1,"cat:cs.RO AND (all:""self-improvement"" OR all:""online post-training"")","cat:cs.RO AND (all:""self-improvement"" OR all:""online post-training"")"
arXiv,2505.22626v2,SCIZOR: A Self-Supervised Approach to Data Curation for Large-Scale Imitation Learning,Yu Zhang; Yuqi Xie; Huihan Liu; Rutav Shah; Michael Wan; Linxi Fan; Yuke Zhu,2025,arXiv,,http://arxiv.org/abs/2505.22626v2,"cat:cs.RO AND all:""data curation""","cat:cs.RO AND all:""data curation"""
arXiv,2504.20459v1,SAS-Prompt: Large Language Models as Numerical Optimizers for Robot Self-Improvement,Heni Ben Amor; Laura Graesser; Atil Iscen; David D'Ambrosio; Saminda Abeyruwan; Alex Bewley; Yifan Zhou; Kamalesh Kalirathinam; Swaroop Mishra; Pannag Sanketi,2025,arXiv,,http://arxiv.org/abs/2504.20459v1,"cat:cs.RO AND (all:""self-improvement"" OR all:""online post-training"")","cat:cs.RO AND (all:""self-improvement"" OR all:""online post-training"")"
arXiv,2506.21547v1,SAM4D: Segment Anything in Camera and LiDAR Streams,Jianyun Xu; Song Wang; Ziqian Ni; Chunyong Hu; Sheng Yang; Jianke Zhu; Qiang Li,2025,arXiv,,http://arxiv.org/abs/2506.21547v1,"cat:cs.RO AND all:""data engine""","cat:cs.RO AND all:""data engine"""
arXiv,2502.08623v3,Robot Data Curation with Mutual Information Estimators,Joey Hejna; Suvir Mirchandani; Ashwin Balakrishna; Annie Xie; Ayzaan Wahid; Jonathan Tompson; Pannag Sanketi; Dhruv Shah; Coline Devin; Dorsa Sadigh,2025,arXiv,,http://arxiv.org/abs/2502.08623v3,"cat:cs.RO AND all:""data curation""","cat:cs.RO AND all:""data curation"""
arXiv,2512.02729v1,RoboWheel: A Data Engine from Real-World Human Demonstrations for Cross-Embodiment Robotic Learning,Yuhong Zhang; Zihan Gao; Shengpeng Li; Ling-Hao Chen; Kaisheng Liu; Runqing Cheng; Xiao Lin; Junjia Liu; Zhuoheng Li; Jingyi Feng; Ziyan He; Jintian Lin; Zheyan Huang; Zhifang Liu; Haoqian Wang,2025,arXiv,,http://arxiv.org/abs/2512.02729v1,"cat:cs.RO AND all:""data engine""","cat:cs.RO AND all:""data engine"""
arXiv,2512.23703v1,Robo-Dopamine: General Process Reward Modeling for High-Precision Robotic Manipulation,Huajie Tan; Sixiang Chen; Yijie Xu; Zixiao Wang; Yuheng Ji; Cheng Chi; Yaoxu Lyu; Zhongxia Zhao; Xiansheng Chen; Peterson Co; Shaoxuan Xie; Guocai Yao; Pengwei Wang; Zhongyuan Wang; Shanghang Zhang,2025,arXiv,,http://arxiv.org/abs/2512.23703v1,"cat:cs.RO AND (all:""self-improvement"" OR all:""online post-training"")","cat:cs.RO AND (all:""self-improvement"" OR all:""online post-training"")"
arXiv,2510.12710v3,Reflection-Based Task Adaptation for Self-Improving VLA,Baicheng Li; Dong Wu; Zike Yan; Xinchen Liu; Lusong Li; Zecui Zeng; Hongbin Zha,2025,arXiv,,http://arxiv.org/abs/2510.12710v3,"cat:cs.RO AND (all:""self-improvement"" OR all:""online post-training"")","cat:cs.RO AND (all:""self-improvement"" OR all:""online post-training"")"
arXiv,2510.18137v1,Quality Over Quantity: Curating Contact-Based Robot Datasets Improves Learning,Hrishikesh Sathyanarayan; Victor Vantilborgh; Ian Abraham,2025,arXiv,,http://arxiv.org/abs/2510.18137v1,"cat:cs.RO AND all:""data curation""","cat:cs.RO AND all:""data curation"""
arXiv,2509.17321v4,OpenGVL -- Benchmarking Visual Temporal Progress for Data Curation,Paweł Budzianowski; Emilia Wiśnios; Michał Tyrolski; Gracjan Góral; Igor Kulakov; Viktor Petrenko; Krzysztof Walas,2025,arXiv,,http://arxiv.org/abs/2509.17321v4,"cat:cs.RO AND all:""data curation""","cat:cs.RO AND all:""data curation"""
arXiv,2510.17150v2,OmniVIC: A Self-Improving Variable Impedance Controller with Vision-Language In-Context Learning for Safe Robotic Manipulation,Heng Zhang; Wei-Hsing Huang; Gokhan Solak; Arash Ajoudani,2025,arXiv,,http://arxiv.org/abs/2510.17150v2,"cat:cs.RO AND (all:""self-improvement"" OR all:""online post-training"")","cat:cs.RO AND (all:""self-improvement"" OR all:""online post-training"")"
arXiv,2503.15629v1,Neural Lyapunov Function Approximation with Self-Supervised Reinforcement Learning,Luc McCutcheon; Bahman Gharesifard; Saber Fallah,2025,arXiv,,http://arxiv.org/abs/2503.15629v1,"cat:cs.RO AND (all:""world model"" AND all:""data generation"")","cat:cs.RO AND (all:""world model"" AND all:""data generation"")"
arXiv,2508.18397v2,Mining the Long Tail: A Comparative Study of Data-Centric Criticality Metrics for Robust Offline Reinforcement Learning in Autonomous Motion Planning,Antonio Guillen-Perez,2025,arXiv,,http://arxiv.org/abs/2508.18397v2,"cat:cs.RO AND all:""data curation""","cat:cs.RO AND all:""data curation"""
arXiv,2509.02530v1,Manipulation as in Simulation: Enabling Accurate Geometry Perception in Robots,Minghuan Liu; Zhengbang Zhu; Xiaoshen Han; Peng Hu; Haotong Lin; Xinyao Li; Jingxiao Chen; Jiafeng Xu; Yichu Yang; Yunfeng Lin; Xinghang Li; Yong Yu; Weinan Zhang; Tao Kong; Bingyi Kang,2025,arXiv,,http://arxiv.org/abs/2509.02530v1,"cat:cs.RO AND all:""data engine""","cat:cs.RO AND all:""data engine"""
arXiv,2507.08224v2,Making VLMs More Robot-Friendly: Self-Critical Distillation of Low-Level Procedural Reasoning,Chan Young Park; Jillian Fisher; Marius Memmel; Dipika Khullar; Seoho Yun; Abhishek Gupta; Yejin Choi,2025,arXiv,,http://arxiv.org/abs/2507.08224v2,"cat:cs.RO AND (all:""self-improvement"" OR all:""online post-training"")","cat:cs.RO AND (all:""self-improvement"" OR all:""online post-training"")"
arXiv,2508.03692v3,LiDARCrafter: Dynamic 4D World Modeling from LiDAR Sequences,Ao Liang; Youquan Liu; Yu Yang; Dongyue Lu; Linfeng Li; Lingdong Kong; Huaici Zhao; Wei Tsang Ooi,2025,arXiv,,http://arxiv.org/abs/2508.03692v3,"cat:cs.RO AND all:""data engine""","cat:cs.RO AND all:""data engine"""
arXiv,2507.11662v3,Let's Think in Two Steps: Mitigating Agreement Bias in MLLMs with Self-Grounded Verification,Moises Andrade; Joonhyuk Cha; Brandon Ho; Vriksha Srihari; Karmesh Yadav; Zsolt Kira,2025,arXiv,,http://arxiv.org/abs/2507.11662v3,"cat:cs.RO AND (all:""self-improvement"" OR all:""online post-training"")","cat:cs.RO AND (all:""self-improvement"" OR all:""online post-training"")"
arXiv,2511.02239v2,LACY: A Vision-Language Model-based Language-Action Cycle for Self-Improving Robotic Manipulation,Youngjin Hong; Houjian Yu; Mingen Li; Changhyun Choi,2025,arXiv,,http://arxiv.org/abs/2511.02239v2,"cat:cs.RO AND (all:""self-improvement"" OR all:""online post-training"")","cat:cs.RO AND (all:""self-improvement"" OR all:""online post-training"")"
arXiv,2512.10891v5,Iterative Compositional Data Generation for Robot Control,Anh-Quan Pham; Marcel Hussing; Shubhankar P. Patankar; Dani S. Bassett; Jorge Mendez-Mendez; Eric Eaton,2025,arXiv,,http://arxiv.org/abs/2512.10891v5,"cat:cs.RO AND (all:""self-improvement"" OR all:""online post-training"")","cat:cs.RO AND (all:""self-improvement"" OR all:""online post-training"")"
arXiv,2507.00833v2,HumanoidGen: Data Generation for Bimanual Dexterous Manipulation via LLM Reasoning,Zhi Jing; Siyuan Yang; Jicong Ao; Ting Xiao; Yu-Gang Jiang; Chenjia Bai,2025,arXiv,,http://arxiv.org/abs/2507.00833v2,"cat:cs.RO AND all:""autonomous data collection""","cat:cs.RO AND all:""autonomous data collection"""
arXiv,2511.19861v2,GigaWorld-0: World Models as Data Engine to Empower Embodied AI,GigaWorld Team; Angen Ye; Boyuan Wang; Chaojun Ni; Guan Huang; Guosheng Zhao; Haoyun Li; Jiagang Zhu; Kerui Li; Mengyuan Xu; Qiuping Deng; Siting Wang; Wenkang Qin; Xinze Chen; Xiaofeng Wang; Yankai Wang; Yu Cao; Yifan Chang; Yuan Xu; Yun Ye; Yang Wang; Yukun Zhou; Zhengyuan Zhang; Zhehao Dong; Zheng Zhu,2025,arXiv,,http://arxiv.org/abs/2511.19861v2,"cat:cs.RO AND all:""data engine""","cat:cs.RO AND all:""data engine"""
arXiv,2504.04191v2,GROVE: A Generalized Reward for Learning Open-Vocabulary Physical Skill,Jieming Cui; Tengyu Liu; Ziyu Meng; Jiale Yu; Ran Song; Wei Zhang; Yixin Zhu; Siyuan Huang,2025,arXiv,,http://arxiv.org/abs/2504.04191v2,"cat:cs.RO AND (all:""self-improvement"" OR all:""online post-training"")","cat:cs.RO AND (all:""self-improvement"" OR all:""online post-training"")"
arXiv,2504.14862v1,FERMI: Flexible Radio Mapping with a Hybrid Propagation Model and Scalable Autonomous Data Collection,Yiming Luo; Yunfei Wang; Hongming Chen; Chengkai Wu; Ximin Lyu; Jinni Zhou; Jun Ma; Fu Zhang; Boyu Zhou,2025,arXiv,,http://arxiv.org/abs/2504.14862v1,"cat:cs.RO AND all:""autonomous data collection""","cat:cs.RO AND all:""autonomous data collection"""
arXiv,2507.18661v3,Eyes Will Shut: A Vision-Based Next GPS Location Prediction Model by Reinforcement Learning from Visual Map Feed Back,Ruixing Zhang; Yang Zhang; Tongyu Zhu; Leilei Sun; Weifeng Lv,2025,arXiv,,http://arxiv.org/abs/2507.18661v3,"cat:cs.RO AND (all:""self-improvement"" OR all:""online post-training"")","cat:cs.RO AND (all:""self-improvement"" OR all:""online post-training"")"
arXiv,2501.01895v3,EnerVerse: Envisioning Embodied Future Space for Robotics Manipulation,Siyuan Huang; Liliang Chen; Pengfei Zhou; Shengcong Chen; Zhengkai Jiang; Yue Hu; Yue Liao; Peng Gao; Hongsheng Li; Maoqing Yao; Guanghui Ren,2025,arXiv,,http://arxiv.org/abs/2501.01895v3,"cat:cs.RO AND all:""data engine""","cat:cs.RO AND all:""data engine"""
arXiv,2505.09723v1,EnerVerse-AC: Envisioning Embodied Environments with Action Condition,Yuxin Jiang; Shengcong Chen; Siyuan Huang; Liliang Chen; Pengfei Zhou; Yue Liao; Xindong He; Chiming Liu; Hongsheng Li; Maoqing Yao; Guanghui Ren,2025,arXiv,,http://arxiv.org/abs/2505.09723v1,"cat:cs.RO AND all:""data engine""","cat:cs.RO AND all:""data engine"""
arXiv,2510.12072v1,EmboMatrix: A Scalable Training-Ground for Embodied Decision-Making,Zixing Lei; Sheng Yin; Yichen Xiong; Yuanzhuo Ding; Wenhao Huang; Yuxi Wei; Qingyao Xu; Yiming Li; Weixin Li; Yunhong Wang; Siheng Chen,2025,arXiv,,http://arxiv.org/abs/2510.12072v1,"cat:cs.RO AND all:""data engine""","cat:cs.RO AND all:""data engine"""
arXiv,2512.14666v1,EVOLVE-VLA: Test-Time Training from Environment Feedback for Vision-Language-Action Models,Zechen Bai; Chen Gao; Mike Zheng Shou,2025,arXiv,,http://arxiv.org/abs/2512.14666v1,"cat:cs.RO AND (all:""self-improvement"" OR all:""online post-training"")","cat:cs.RO AND (all:""self-improvement"" OR all:""online post-training"")"
arXiv,2509.22407v2,EMMA: Generalizing Real-World Robot Manipulation via Generative Visual Transfer,Zhehao Dong; Xiaofeng Wang; Zheng Zhu; Yirui Wang; Yang Wang; Yukun Zhou; Boyuan Wang; Chaojun Ni; Runqi Ouyang; Wenkang Qin; Xinze Chen; Yun Ye; Guan Huang; Zhen Lu; Yue Yang,2025,arXiv,,http://arxiv.org/abs/2509.22407v2,"cat:cs.RO AND all:""data engine""","cat:cs.RO AND all:""data engine"""
arXiv,2505.12705v2,DreamGen: Unlocking Generalization in Robot Learning through Video World Models,Joel Jang; Seonghyeon Ye; Zongyu Lin; Jiannan Xiang; Johan Bjorck; Yu Fang; Fengyuan Hu; Spencer Huang; Kaushil Kundalia; Yen-Chen Lin; Loic Magne; Ajay Mandlekar; Avnish Narayan; You Liang Tan; Guanzhi Wang; Jing Wang; Qi Wang; Yinzhen Xu; Xiaohui Zeng; Kaiyuan Zheng; Ruijie Zheng; Ming-Yu Liu; Luke Zettlemoyer; Dieter Fox; Jan Kautz; Scott Reed; Yuke Zhu; Linxi Fan,2025,arXiv,,http://arxiv.org/abs/2505.12705v2,"cat:cs.RO AND (all:""world model"" AND all:""data generation"")","cat:cs.RO AND (all:""world model"" AND all:""data generation"")"
arXiv,2511.19528v1,"Discover, Learn, and Reinforce: Scaling Vision-Language-Action Pretraining with Diverse RL-Generated Trajectories",Rushuai Yang; Zhiyuan Feng; Tianxiang Zhang; Kaixin Wang; Chuheng Zhang; Li Zhao; Xiu Su; Yi Chen; Jiang Bian,2025,arXiv,,http://arxiv.org/abs/2511.19528v1,"cat:cs.RO AND all:""data engine""","cat:cs.RO AND all:""data engine"""
arXiv,2512.03891v1,Digital Twin-based Control Co-Design of Full Vehicle Active Suspensions via Deep Reinforcement Learning,Ying-Kuan Tsai; Yi-Ping Chen; Vispi Karkaria; Wei Chen,2025,arXiv,,http://arxiv.org/abs/2512.03891v1,"cat:cs.RO AND (all:""self-improvement"" OR all:""online post-training"")","cat:cs.RO AND (all:""self-improvement"" OR all:""online post-training"")"
arXiv,2504.04573v1,DexTOG: Learning Task-Oriented Dexterous Grasp with Language,Jieyi Zhang; Wenqiang Xu; Zhenjun Yu; Pengfei Xie; Tutian Tang; Cewu Lu,2025,arXiv,,http://arxiv.org/abs/2504.04573v1,"cat:cs.RO AND all:""data engine""","cat:cs.RO AND all:""data engine"""
arXiv,2510.08556v1,DexNDM: Closing the Reality Gap for Dexterous In-Hand Rotation via Joint-Wise Neural Dynamics Model,Xueyi Liu; He Wang; Li Yi,2025,arXiv,,http://arxiv.org/abs/2510.08556v1,"cat:cs.RO AND all:""autonomous data collection""","cat:cs.RO AND all:""autonomous data collection"""
arXiv,2509.23829v1,DexFlyWheel: A Scalable and Self-improving Data Generation Framework for Dexterous Manipulation,Kefei Zhu; Fengshuo Bai; YuanHao Xiang; Yishuai Cai; Xinglin Chen; Ruochong Li; Xingtao Wang; Hao Dong; Yaodong Yang; Xiaopeng Fan; Yuanpei Chen,2025,arXiv,,http://arxiv.org/abs/2509.23829v1,"cat:cs.RO AND (all:""self-improvement"" OR all:""online post-training"")","cat:cs.RO AND (all:""self-improvement"" OR all:""online post-training"")"
arXiv,2504.04338v1,Data Scaling Laws for End-to-End Autonomous Driving,Alexander Naumann; Xunjiang Gu; Tolga Dimlioglu; Mariusz Bojarski; Alperen Degirmenci; Alexander Popov; Devansh Bisla; Marco Pavone; Urs Müller; Boris Ivanovic,2025,arXiv,,http://arxiv.org/abs/2504.04338v1,"cat:cs.RO AND all:""data engine""","cat:cs.RO AND all:""data engine"""
arXiv,2505.19850v2,DISCOVER: Automated Curricula for Sparse-Reward Reinforcement Learning,Leander Diaz-Bone; Marco Bagatella; Jonas Hübotter; Andreas Krause,2025,arXiv,,http://arxiv.org/abs/2505.19850v2,"cat:cs.RO AND (all:""self-improvement"" OR all:""online post-training"")","cat:cs.RO AND (all:""self-improvement"" OR all:""online post-training"")"
arXiv,2510.18034v3,Can VLMs Unlock Semantic Anomaly Detection? A Framework for Structured Reasoning,Roberto Brusnicki; David Pop; Yuan Gao; Mattia Piccinini; Johannes Betz,2025,arXiv,,http://arxiv.org/abs/2510.18034v3,"cat:cs.RO AND all:""data curation""","cat:cs.RO AND all:""data curation"""
arXiv,2506.19121v2,CUPID: Curating Data your Robot Loves with Influence Functions,Christopher Agia; Rohan Sinha; Jingyun Yang; Rika Antonova; Marco Pavone; Haruki Nishimura; Masha Itkina; Jeannette Bohg,2025,arXiv,,http://arxiv.org/abs/2506.19121v2,"cat:cs.RO AND all:""data curation""","cat:cs.RO AND all:""data curation"""
arXiv,2508.03018v2,Beyond Policy Optimization: A Data Curation Flywheel for Sparse-Reward Long-Horizon Planning,Yutong Wang; Pengliang Ji; Kaixin Li; Baolong Bi; Tao Feng; Guillaume Sartoretti,2025,arXiv,,http://arxiv.org/abs/2508.03018v2,"cat:cs.RO AND all:""data curation""","cat:cs.RO AND (all:""self-improvement"" OR all:""online post-training"") || cat:cs.RO AND all:""data curation"""
arXiv,2507.15597v1,Being-H0: Vision-Language-Action Pretraining from Large-Scale Human Videos,Hao Luo; Yicheng Feng; Wanpeng Zhang; Sipeng Zheng; Ye Wang; Haoqi Yuan; Jiazheng Liu; Chaoyi Xu; Qin Jin; Zongqing Lu,2025,arXiv,,http://arxiv.org/abs/2507.15597v1,"cat:cs.RO AND all:""data curation""","cat:cs.RO AND all:""data curation"""
arXiv,2505.03174v1,Automated Data Curation Using GPS & NLP to Generate Instruction-Action Pairs for Autonomous Vehicle Vision-Language Navigation Datasets,Guillermo Roque; Erika Maquiling; Jose Giovanni Tapia Lopez; Ross Greer,2025,arXiv,,http://arxiv.org/abs/2505.03174v1,"cat:cs.RO AND all:""data curation""","cat:cs.RO AND all:""data curation"""
arXiv,2512.03538v1,AdaPower: Specializing World Foundation Models for Predictive Manipulation,Yuhang Huang; Shilong Zou; Jiazhao Zhang; Xinwang Liu; Ruizhen Hu; Kai Xu,2025,arXiv,,http://arxiv.org/abs/2512.03538v1,"cat:cs.RO AND (all:""world model"" AND all:""data generation"")","cat:cs.RO AND (all:""world model"" AND all:""data generation"")"
arXiv,2512.18396v2,"AOMGen: Photoreal, Physics-Consistent Demonstration Generation for Articulated Object Manipulation",Yulu Wu; Jiujun Cheng; Haowen Wang; Dengyang Suo; Pei Ren; Qichao Mao; Shangce Gao; Yakun Huang,2025,arXiv,,http://arxiv.org/abs/2512.18396v2,"cat:cs.RO AND (all:""world model"" AND all:""data generation"")","cat:cs.RO AND (all:""world model"" AND all:""data generation"")"
arXiv,2509.15443v2,A Scalable Whole-body Motion Transfer via Implicit Kinodynamic Motion Retargeting,Xingyu Chen; Hanyu Wu; Sikai Wu; Mingliang Zhou; Diyun Xiang; Haodong Zhang; Yangchen Zhou; Yukang Gao; Yi Gu; Renjing Xu,2025,arXiv,,http://arxiv.org/abs/2509.15443v2,"cat:cs.RO AND all:""data curation""","cat:cs.RO AND all:""data curation"""
arXiv,2506.06199v1,3DFlowAction: Learning Cross-Embodiment Manipulation from 3D Flow World Model,Hongyan Zhi; Peihao Chen; Siyuan Zhou; Yubo Dong; Quanxi Wu; Lei Han; Mingkui Tan,2025,arXiv,,http://arxiv.org/abs/2506.06199v1,"cat:cs.RO AND (all:""world model"" AND all:""data generation"")","cat:cs.RO AND (all:""world model"" AND all:""data generation"")"
arXiv,2511.14759v2,$π^{*}_{0.6}$: a VLA That Learns From Experience,Physical Intelligence; Ali Amin; Raichelle Aniceto; Ashwin Balakrishna; Kevin Black; Ken Conley; Grace Connors; James Darpinian; Karan Dhabalia; Jared DiCarlo; Danny Driess; Michael Equi; Adnan Esmail; Yunhao Fang; Chelsea Finn; Catherine Glossop; Thomas Godden; Ivan Goryachev; Lachy Groom; Hunter Hancock; Karol Hausman; Gashon Hussein; Brian Ichter; Szymon Jakubczak; Rowan Jen; Tim Jones; Ben Katz; Liyiming Ke; Chandra Kuchi; Marinda Lamb; Devin LeBlanc; Sergey Levine; Adrian Li-Bell; Yao Lu; Vishnu Mano; Mohith Mothukuri; Suraj Nair; Karl Pertsch; Allen Z. Ren; Charvi Sharma; Lucy Xiaoyang Shi; Laura Smith; Jost Tobias Springenberg; Kyle Stachowicz; Will Stoeckle; Alex Swerdlow; James Tanner; Marcel Torne; Quan Vuong; Anna Walling; Haohuan Wang; Blake Williams; Sukwon Yoo; Lili Yu; Ury Zhilinsky; Zhiyuan Zhou,2025,arXiv,,http://arxiv.org/abs/2511.14759v2,"cat:cs.RO AND (all:""self-improvement"" OR all:""online post-training"")","cat:cs.RO AND (all:""self-improvement"" OR all:""online post-training"")"
arXiv,2411.01813v1,So You Think You Can Scale Up Autonomous Robot Data Collection?,Suvir Mirchandani; Suneel Belkhale; Joey Hejna; Evelyn Choi; Md Sazzad Islam; Dorsa Sadigh,2024,arXiv,,http://arxiv.org/abs/2411.01813v1,"cat:cs.RO AND all:""autonomous data collection""","cat:cs.RO AND all:""autonomous data collection"""
arXiv,2410.18969v1,Self-Improving Autonomous Underwater Manipulation,Ruoshi Liu; Huy Ha; Mengxue Hou; Shuran Song; Carl Vondrick,2024,arXiv,,http://arxiv.org/abs/2410.18969v1,"cat:cs.RO AND (all:""self-improvement"" OR all:""online post-training"")","cat:cs.RO AND (all:""self-improvement"" OR all:""online post-training"")"
arXiv,2403.03541v1,Seamless Virtual Reality with Integrated Synchronizer and Synthesizer for Autonomous Driving,He Li; Ruihua Han; Zirui Zhao; Wei Xu; Qi Hao; Shuai Wang; Chengzhong Xu,2024,arXiv,,http://arxiv.org/abs/2403.03541v1,"cat:cs.RO AND all:""data engine""","cat:cs.RO AND all:""data engine"""
arXiv,2408.14037v1,Re-Mix: Optimizing Data Mixtures for Large Scale Imitation Learning,Joey Hejna; Chethan Bhateja; Yichen Jiang; Karl Pertsch; Dorsa Sadigh,2024,arXiv,,http://arxiv.org/abs/2408.14037v1,"cat:cs.RO AND all:""data curation""","cat:cs.RO AND all:""data curation"""
arXiv,2405.09049v2,Perception Without Vision for Trajectory Prediction: Ego Vehicle Dynamics as Scene Representation for Efficient Active Learning in Autonomous Driving,Ross Greer; Mohan Trivedi,2024,arXiv,,http://arxiv.org/abs/2405.09049v2,"cat:cs.RO AND all:""data curation""","cat:cs.RO AND all:""data curation"""
arXiv,2406.15349v2,NAVSIM: Data-Driven Non-Reactive Autonomous Vehicle Simulation and Benchmarking,Daniel Dauner; Marcel Hallgarten; Tianyu Li; Xinshuo Weng; Zhiyu Huang; Zetong Yang; Hongyang Li; Igor Gilitschenski; Boris Ivanovic; Marco Pavone; Andreas Geiger; Kashyap Chitta,2024,arXiv,,http://arxiv.org/abs/2406.15349v2,"cat:cs.RO AND all:""data curation""","cat:cs.RO AND all:""data curation"""
arXiv,2410.02742v2,Grounding Large Language Models In Embodied Environment With Imperfect World Models,Haolan Liu; Jishen Zhao,2024,arXiv,,http://arxiv.org/abs/2410.02742v2,"cat:cs.RO AND (all:""world model"" AND all:""data generation"")","cat:cs.RO AND (all:""world model"" AND all:""data generation"")"
arXiv,2409.11512v3,Good Grasps Only: A data engine for self-supervised fine-tuning of pose estimation using grasp poses for verification,Frederik Hagelskjær,2024,arXiv,,http://arxiv.org/abs/2409.11512v3,"cat:cs.RO AND all:""data engine""","cat:cs.RO AND all:""data engine"""
arXiv,2412.09624v4,GenEx: Generating an Explorable World,Taiming Lu; Tianmin Shu; Junfei Xiao; Luoxin Ye; Jiahao Wang; Cheng Peng; Chen Wei; Daniel Khashabi; Rama Chellappa; Alan Yuille; Jieneng Chen,2024,arXiv,,http://arxiv.org/abs/2412.09624v4,"cat:cs.RO AND all:""data curation""","cat:cs.RO AND all:""data curation"""
arXiv,2410.06473v3,GRAPPA: Generalizing and Adapting Robot Policies via Online Agentic Guidance,Arthur Bucker; Pablo Ortega-Kral; Jonathan Francis; Jean Oh,2024,arXiv,,http://arxiv.org/abs/2410.06473v3,"cat:cs.RO AND (all:""self-improvement"" OR all:""online post-training"")","cat:cs.RO AND (all:""self-improvement"" OR all:""online post-training"")"
arXiv,2404.12539v3,Enabling Stateful Behaviors for Diffusion-based Policy Learning,Xiao Liu; Fabian Weigend; Yifan Zhou; Heni Ben Amor,2024,arXiv,,http://arxiv.org/abs/2404.12539v3,"cat:cs.RO AND all:""data curation""","cat:cs.RO AND all:""data curation"""
arXiv,2411.05005v1,Diff-2-in-1: Bridging Generation and Dense Perception with Diffusion Models,Shuhong Zheng; Zhipeng Bao; Ruoyu Zhao; Martial Hebert; Yu-Xiong Wang,2024,arXiv,,http://arxiv.org/abs/2411.05005v1,"cat:cs.RO AND (all:""self-improvement"" OR all:""online post-training"")","cat:cs.RO AND (all:""self-improvement"" OR all:""online post-training"")"
arXiv,2401.12888v2,"Data-Centric Evolution in Autonomous Driving: A Comprehensive Survey of Big Data System, Data Mining, and Closed-Loop Technologies",Lincan Li; Wei Shao; Wei Dong; Yijun Tian; Qiming Zhang; Kaixiang Yang; Wenjie Zhang,2024,arXiv,,http://arxiv.org/abs/2401.12888v2,"cat:cs.RO AND all:""data engine""","cat:cs.RO AND all:""data engine"""
arXiv,2409.18097v1,A Sim-to-Real Vision-based Lane Keeping System for a 1:10-scale Autonomous Vehicle,Antonio Gallina; Matteo Grandin; Angelo Cenedese; Mattia Bruschetta,2024,arXiv,,http://arxiv.org/abs/2409.18097v1,"cat:cs.RO AND (all:""world model"" AND all:""data generation"")","cat:cs.RO AND (all:""world model"" AND all:""data generation"")"
arXiv,2303.10930v1,Semantic 3D scene segmentation for robotic assembly process execution,Andreas Wiedholz; Stefanie Wucherer; Simon Dietrich,2023,arXiv,,http://arxiv.org/abs/2303.10930v1,"cat:cs.RO AND (all:""world model"" AND all:""data generation"")","cat:cs.RO AND (all:""world model"" AND all:""data generation"")"
arXiv,2302.11550v1,Scaling Robot Learning with Semantically Imagined Experience,Tianhe Yu; Ted Xiao; Austin Stone; Jonathan Tompson; Anthony Brohan; Su Wang; Jaspiar Singh; Clayton Tan; Dee M; Jodilyn Peralta; Brian Ichter; Karol Hausman; Fei Xia,2023,arXiv,,http://arxiv.org/abs/2302.11550v1,"cat:cs.RO AND all:""autonomous data collection""","cat:cs.RO AND all:""autonomous data collection"""
arXiv,2312.07724v1,Restorebot: Towards an Autonomous Robotics Platform for Degraded Rangeland Restoration,Kristen Such; Harel Biggie; Christoffer Heckman,2023,arXiv,,http://arxiv.org/abs/2312.07724v1,"cat:cs.RO AND all:""autonomous data collection""","cat:cs.RO AND all:""autonomous data collection"""
arXiv,2310.17178v2,Relational Object-Centric Actor-Critic,Leonid Ugadiarov; Vitaliy Vorobyov; Aleksandr I. Panov,2023,arXiv,,http://arxiv.org/abs/2310.17178v2,"cat:cs.RO AND (all:""world model"" AND all:""data generation"")","cat:cs.RO AND (all:""world model"" AND all:""data generation"")"
arXiv,2310.11239v2,LiDAR-based 4D Occupancy Completion and Forecasting,Xinhao Liu; Moonjun Gong; Qi Fang; Haoyu Xie; Yiming Li; Hang Zhao; Chen Feng,2023,arXiv,,http://arxiv.org/abs/2310.11239v2,"cat:cs.RO AND all:""data curation""","cat:cs.RO AND all:""data curation"""
arXiv,2311.05938v1,Efficient Learning of Fast Inverse Kinematics with Collision Avoidance,Johannes Tenhumberg; Arman Mielke; Berthold Bäuml,2023,arXiv,,http://arxiv.org/abs/2311.05938v1,"cat:cs.RO AND (all:""world model"" AND all:""data generation"")","cat:cs.RO AND (all:""world model"" AND all:""data generation"")"
arXiv,2306.02437v1,Data Quality in Imitation Learning,Suneel Belkhale; Yuchen Cui; Dorsa Sadigh,2023,arXiv,,http://arxiv.org/abs/2306.02437v1,"cat:cs.RO AND all:""data curation""","cat:cs.RO AND all:""data curation"""
arXiv,2304.08893v1,Autonomous Systems: Autonomous Systems: Indoor Drone Navigation,Aswin Iyer; Santosh Narayan; Naren M; Manoj kumar Rajagopal,2023,arXiv,,http://arxiv.org/abs/2304.08893v1,"cat:cs.RO AND all:""autonomous data collection""","cat:cs.RO AND all:""autonomous data collection"""
arXiv,2210.15504v1,Perception-aware Tag Placement Planning for Robust Localization of UAVs in Indoor Construction Environments,Navid Kayhani; Angela Schoellig; Brenda McCabe,2022,arXiv,,http://arxiv.org/abs/2210.15504v1,"cat:cs.RO AND all:""autonomous data collection""","cat:cs.RO AND all:""autonomous data collection"""
arXiv,2212.09902v1,Dexterous Manipulation from Images: Autonomous Real-World RL via Substep Guidance,Kelvin Xu; Zheyuan Hu; Ria Doshi; Aaron Rovinsky; Vikash Kumar; Abhishek Gupta; Sergey Levine,2022,arXiv,,http://arxiv.org/abs/2212.09902v1,"cat:cs.RO AND all:""autonomous data collection""","cat:cs.RO AND all:""autonomous data collection"""
arXiv,2003.02636v1,Scalable Multi-Task Imitation Learning with Autonomous Improvement,Avi Singh; Eric Jang; Alexander Irpan; Daniel Kappler; Murtaza Dalal; Sergey Levine; Mohi Khansari; Chelsea Finn,2020,arXiv,,http://arxiv.org/abs/2003.02636v1,"cat:cs.RO AND all:""autonomous data collection""","cat:cs.RO AND all:""autonomous data collection"""
arXiv,2011.09004v1,Explaining Conditions for Reinforcement Learning Behaviors from Real and Imagined Data,Aastha Acharya; Rebecca Russell; Nisar R. Ahmed,2020,arXiv,,http://arxiv.org/abs/2011.09004v1,"cat:cs.RO AND (all:""world model"" AND all:""data generation"")","cat:cs.RO AND (all:""world model"" AND all:""data generation"")"
arXiv,1903.03591v1,Learning to Identify Object Instances by Touch: Tactile Recognition via Multimodal Matching,Justin Lin; Roberto Calandra; Sergey Levine,2019,arXiv,,http://arxiv.org/abs/1903.03591v1,"cat:cs.RO AND all:""autonomous data collection""","cat:cs.RO AND all:""autonomous data collection"""
