source,source_id,title,authors,year,venue,doi,url,query,matched_queries
arXiv,2604.10982v1,Ψ-Map: Panoptic Surface Integrated Mapping Enables Real2Sim Transfer,Xuan Yu; Yuxuan Xie; Changjian Jiang; Shichao Zhai; Rong Xiong; Yu Zhang; Yue Wang,2026,arXiv,,http://arxiv.org/abs/2604.10982v1,"cat:cs.RO AND (all:""automatic annotation"" OR all:relabeling OR all:segmentation)","cat:cs.RO AND (all:""automatic annotation"" OR all:relabeling OR all:segmentation)"
arXiv,2603.28271v1,osmAG-Nav: A Hierarchical Semantic Topometric Navigation Stack for Robust Lifelong Indoor Autonomy,Yongqi Zhang; Jiajie Zhang; Chengqian Li; Fujing Xie; Sören Schwertfeger,2026,arXiv,,http://arxiv.org/abs/2603.28271v1,"cat:cs.RO AND (all:""automatic annotation"" OR all:relabeling OR all:segmentation)","cat:cs.RO AND (all:""automatic annotation"" OR all:relabeling OR all:segmentation)"
arXiv,2607.03553v1,iVISION-2DCD: A Long-Term Change Detection Dataset for Large-Scale Outdoor Construction Monitoring,Dayou Mao; Yuchen Lin; Ashkan Ebadi; John Zelek; Alexander Wong; Yuhao Chen,2026,arXiv,,http://arxiv.org/abs/2607.03553v1,"cat:cs.RO AND (all:""automatic annotation"" OR all:relabeling OR all:segmentation)","cat:cs.RO AND (all:""automatic annotation"" OR all:relabeling OR all:segmentation)"
arXiv,2606.03787v3,Worth Remembering: Surprise-Gated Robot Episodic Memory,Nicolas Gorlo; Derek K. Wise; Alberto Speranzon; Luca Carlone,2026,arXiv,,http://arxiv.org/abs/2606.03787v3,"cat:cs.RO AND (all:""automatic annotation"" OR all:relabeling OR all:segmentation)","cat:cs.RO AND (all:""automatic annotation"" OR all:relabeling OR all:segmentation)"
arXiv,2607.13154v2,Worlds in One Demo: A Synthetic Data Engine for Learning Open-World Mobile Manipulation,Lingxiao Guo; Huanyu Li; Guanya Shi,2026,arXiv,,http://arxiv.org/abs/2607.13154v2,"cat:cs.RO AND (all:""automatic annotation"" OR all:relabeling OR all:segmentation)","cat:cs.RO AND (all:""automatic annotation"" OR all:relabeling OR all:segmentation)"
arXiv,2605.15964v1,WorldVLN: Autoregressive World Action Model for Aerial Vision-Language Navigation,Baining Zhao; Jiacheng Xu; Weicheng Feng; Xin Zhang; Zhaolu Wang; Haoyang Wang; Shilong Ji; Ziyou Wang; Jianjie Fang; Zhiheng Zheng; Weichen Zhang; Yu Shang; Wei Wu; Chen Gao; Xinlei Chen; Yong Li,2026,arXiv,,http://arxiv.org/abs/2605.15964v1,"cat:cs.RO AND (all:""automatic annotation"" OR all:relabeling OR all:segmentation)","cat:cs.RO AND (all:""automatic annotation"" OR all:relabeling OR all:segmentation)"
arXiv,2607.18840v1,WorldScape Policy 2.0: Empowering Steerable World Action Modeling with Reasoning-Augmented Memory,Haisheng Su; Zongdai Liu; Xin Jin; Haoxuan Dou; Chengming Hu; Baorun Li; Zhanwang Liu; Ruiyan Xu; Jianjie Fang; Xin Zhang; Zhenjie Yang; Xue Yang; Chen Gao; Junchi Yan; Yong Li; Wei Wu,2026,arXiv,,http://arxiv.org/abs/2607.18840v1,"cat:cs.RO AND (all:""automatic annotation"" OR all:relabeling OR all:segmentation)","cat:cs.RO AND (all:""automatic annotation"" OR all:relabeling OR all:segmentation)"
arXiv,2606.24742v1,World Value Models for Robotic Manipulation,Zhihao Wang; Jianxiong Li; Yu Cui; Yuan Gao; Xianyuan Zhan; Junzhi Yu; Xiao Ma,2026,arXiv,,http://arxiv.org/abs/2606.24742v1,"cat:cs.RO AND all:""data quality""","cat:cs.RO AND all:""data quality"""
arXiv,2605.15619v1,Wind-Aware Optimal Trajectory Planning for Efficient Gliding of Fixed-Wing Aerial Systems,Luca Morando; Nishanth Bobbili; Giuseppe Loianno,2026,arXiv,,http://arxiv.org/abs/2605.15619v1,"cat:cs.RO AND (all:""automatic annotation"" OR all:relabeling OR all:segmentation)","cat:cs.RO AND (all:""automatic annotation"" OR all:relabeling OR all:segmentation)"
arXiv,2605.15430v1,Where to Perch in a Tree: Vision-Guidance for Tree-Grasping Drones,Alex Dunnett; Leonie Bottomley; Mirko Kovac; Basaran Bahadir Kocer,2026,arXiv,,http://arxiv.org/abs/2605.15430v1,"cat:cs.RO AND (all:""automatic annotation"" OR all:relabeling OR all:segmentation)","cat:cs.RO AND (all:""automatic annotation"" OR all:relabeling OR all:segmentation)"
arXiv,2606.17463v1,WeaveLA: Event Driven Cross-Subtask Latent Memory Weaving for Repetitive Robot Manipulation,Shoujing Zhu; Zhenyang Liu; Fungmiu Wang; Jiafeng Wang; Bo Yue; Guiliang Liu; Simo Wu; Xiangyang Xue; Taiping Zeng,2026,arXiv,,http://arxiv.org/abs/2606.17463v1,"cat:cs.RO AND (all:""automatic annotation"" OR all:relabeling OR all:segmentation)","cat:cs.RO AND (all:""automatic annotation"" OR all:relabeling OR all:segmentation)"
arXiv,2607.10999v1,Wearing A Coat: Dual-Arm Robot-Assisted Dressing with Differentiable Clothing Simulation,Yiming Liu; Lijun Han; Hesheng Wang,2026,arXiv,,http://arxiv.org/abs/2607.10999v1,"cat:cs.RO AND (all:""automatic annotation"" OR all:relabeling OR all:segmentation)","cat:cs.RO AND (all:""automatic annotation"" OR all:relabeling OR all:segmentation)"
arXiv,2607.11603v1,WarpMPC: Large-Batch MPC on GPU via ADMM with Unrolled $LDL^\top$ Factorization,Henrik Hose; Se Hwan Jeon; Charles Khazoom; Sangbae Kim; Sebastian Trimpe,2026,arXiv,,http://arxiv.org/abs/2607.11603v1,"cat:cs.RO AND (all:""automatic annotation"" OR all:relabeling OR all:segmentation)","cat:cs.RO AND (all:""automatic annotation"" OR all:relabeling OR all:segmentation)"
arXiv,2604.26839v1,Walk With Me: Long-Horizon Social Navigation for Human-Centric Outdoor Assistance,Lingfeng Zhang; Xiaoshuai Hao; Xizhou Bu; Yingbo Tang; Hongsheng Li; Jinghui Lu; Xiu-shen Wei; Jiayi Ma; Yu Liu; Jing Zhang; Hangjun Ye; Xiaojun Liang; Long Chen; Wenbo Ding,2026,arXiv,,http://arxiv.org/abs/2604.26839v1,"cat:cs.RO AND (all:""automatic annotation"" OR all:relabeling OR all:segmentation)","cat:cs.RO AND (all:""automatic annotation"" OR all:relabeling OR all:segmentation)"
arXiv,2607.13405v1,WNOJ-LIO: A White-Noise-on-Jerk Motion-Prior EKF for High-Dynamic LiDAR-IMU Fusion,Junning Lyu; Qizhi Guo; Xia Ning; Tao Song; Shaoming He,2026,arXiv,,http://arxiv.org/abs/2607.13405v1,"cat:cs.RO AND (all:""automatic annotation"" OR all:relabeling OR all:segmentation)","cat:cs.RO AND (all:""automatic annotation"" OR all:relabeling OR all:segmentation)"
arXiv,2605.01365v1,VoxAfford: Multi-Scale Voxel-Token Fusion for Open-Vocabulary 3D Affordance Detection,Haowen Sun; Shaolong Zhang; Mingyang Li; Chengzhong Ma; Xinzhe Chen; Qiongjie Cui; Xingyu Chen; Zeyang Liu; Xuguang Lan,2026,arXiv,,http://arxiv.org/abs/2605.01365v1,"cat:cs.RO AND (all:""automatic annotation"" OR all:relabeling OR all:segmentation)","cat:cs.RO AND (all:""automatic annotation"" OR all:relabeling OR all:segmentation)"
arXiv,2607.21400v1,"VoLN: Vision-Only Long-Horizon Navigation---Paradigm, Benchmark, and Method",Jiabin Lou; Haopeng Wang; Yuanshuai Wang; Xinyu Liu; Xuxin Lv; Yuxin Guo; Lei Huang; Rongye Shi; Wenjun Wu,2026,arXiv,,http://arxiv.org/abs/2607.21400v1,"cat:cs.RO AND (all:""automatic annotation"" OR all:relabeling OR all:segmentation)","cat:cs.RO AND (all:""automatic annotation"" OR all:relabeling OR all:segmentation)"
arXiv,2604.04564v1,Visual Prompt Based Reasoning for Offroad Mapping using Multimodal LLMs,Abdelmoamen Nasser; Yousef Baba'a; Murad Mebrahtu; Nadya Abdel Madjid; Jorge Dias; Majid Khonji,2026,arXiv,,http://arxiv.org/abs/2604.04564v1,"cat:cs.RO AND (all:""automatic annotation"" OR all:relabeling OR all:segmentation)","cat:cs.RO AND (all:""automatic annotation"" OR all:relabeling OR all:segmentation)"
arXiv,2606.24814v2,Vision-Language Model Reasoning for Contextual Semantic Mapping in Intralogistics,Marvin Rüdt; Hao Pang; Constantin Enke; Zäzilia Seibold; Kai Furmans,2026,arXiv,,http://arxiv.org/abs/2606.24814v2,"cat:cs.RO AND (all:""automatic annotation"" OR all:relabeling OR all:segmentation)","cat:cs.RO AND (all:""automatic annotation"" OR all:relabeling OR all:segmentation)"
arXiv,2606.19154v1,Viking Hill Dataset: A Lidar-Radar-Camera Dataset for Detection and Segmentation in Forest Scenes,Vladimír Kubelka; Oleksandr Kotlyar; Unal Artan; Martin Magnusson,2026,arXiv,,http://arxiv.org/abs/2606.19154v1,"cat:cs.RO AND (all:""automatic annotation"" OR all:relabeling OR all:segmentation)","cat:cs.RO AND (all:""automatic annotation"" OR all:relabeling OR all:segmentation)"
arXiv,2607.09130v1,Vascular Geometry Characterization for AI-Based Endovascular Navigation,Han-Ru Wu; Harry Robertshaw; Lisa Dwyer-Joyce; Thomas C Booth; Alejandro Granados,2026,arXiv,,http://arxiv.org/abs/2607.09130v1,"cat:cs.RO AND (all:""automatic annotation"" OR all:relabeling OR all:segmentation)","cat:cs.RO AND (all:""automatic annotation"" OR all:relabeling OR all:segmentation)"
arXiv,2605.27114v2,VR-DAgger: Immersive VR for Dexterous Data Collection and Uncertainty-Guided On-Policy Correction,René Zurbrügg; Tifanny Portela; Arjun Bhardwaj; Aravind Elanjimattathil Vijayan; Maximum Wilder-Smith; Marco Hutter,2026,arXiv,,http://arxiv.org/abs/2605.27114v2,"cat:cs.RO AND (all:""automatic annotation"" OR all:relabeling OR all:segmentation)","cat:cs.RO AND (all:""automatic annotation"" OR all:relabeling OR all:segmentation)"
arXiv,2606.06323v2,VOLT: Vision and Language Trajectory Segmentation for Faster-than-Demonstration Policies,Robert Ramirez Sanchez; Daniel J. Evans; Dylan P. Losey; Siddarth Jain,2026,arXiv,,http://arxiv.org/abs/2606.06323v2,"cat:cs.RO AND (all:""automatic annotation"" OR all:relabeling OR all:segmentation)","cat:cs.RO AND (all:""automatic annotation"" OR all:relabeling OR all:segmentation)"
arXiv,2604.11671v2,VLMaterial: Vision-Language Model-Based Camera-Radar Fusion for Physics-Grounded Material Identification,Jiangyou Zhu; He Chen,2026,arXiv,,http://arxiv.org/abs/2604.11671v2,"cat:cs.RO AND (all:""automatic annotation"" OR all:relabeling OR all:segmentation)","cat:cs.RO AND (all:""automatic annotation"" OR all:relabeling OR all:segmentation)"
arXiv,2605.27948v1,VLM-Based Advanced Rider Assistance System for Motorcycle Safety,Mohamed Elnoor; Francesca Baldini; Ananya Trivedi; Faizan M. Tariq; Jovin D'sa; David Isele; Sangjae Bae; Dinesh Manocha; Yosuke Sakamoto,2026,arXiv,,http://arxiv.org/abs/2605.27948v1,"cat:cs.RO AND (all:""automatic annotation"" OR all:relabeling OR all:segmentation)","cat:cs.RO AND (all:""automatic annotation"" OR all:relabeling OR all:segmentation)"
arXiv,2606.17183v1,VL-MemKnG: Hybrid Memory with a Spatio-Temporal Knowledge Graph for Question Answering over Long Egocentric Navigation Trajectories,Svetlana Lukina; Mohamad Al Mdfaa; Gloria Haro; Sergey Zagoruyko; Gonzalo Ferrer,2026,arXiv,,http://arxiv.org/abs/2606.17183v1,"cat:cs.RO AND (all:""automatic annotation"" OR all:relabeling OR all:segmentation)","cat:cs.RO AND (all:""automatic annotation"" OR all:relabeling OR all:segmentation)"
arXiv,2606.12028v1,VICX: Generalizable Robot Manipulation via Video Generation and In-Context Operator Network,Song Chen; Linyan Xiang; Ying Zhou; Liu Yang,2026,arXiv,,http://arxiv.org/abs/2606.12028v1,"cat:cs.RO AND (all:""automatic annotation"" OR all:relabeling OR all:segmentation)","cat:cs.RO AND (all:""automatic annotation"" OR all:relabeling OR all:segmentation)"
arXiv,2604.15938v1,VADF: Vision-Adaptive Diffusion Policy Framework for Efficient Robotic Manipulation,Xinglei Yu; Zhenyang Liu; Shufeng Nan; Simo Wu; Yanwei Fu,2026,arXiv,,http://arxiv.org/abs/2604.15938v1,"cat:cs.RO AND (all:""automatic annotation"" OR all:relabeling OR all:segmentation)","cat:cs.RO AND (all:""automatic annotation"" OR all:relabeling OR all:segmentation)"
arXiv,2607.19804v1,V2F: Vision-Informed Grasp Force Prediction for Damage-Aware Robotic Handling of Date Fruits,Shahd Shami; Obadah Wali; Eric Feron; Shinkyu Park,2026,arXiv,,http://arxiv.org/abs/2607.19804v1,"cat:cs.RO AND (all:""automatic annotation"" OR all:relabeling OR all:segmentation)","cat:cs.RO AND (all:""automatic annotation"" OR all:relabeling OR all:segmentation)"
arXiv,2606.26151v1,Unsupervised Memory-Enhanced Video Transformers: Obstacle Detection for Autonomous Agricultural Rover,Théo Biardeau; Anne-Sophie Capelle-Laizé; Salwan Alwan; David Helbert,2026,arXiv,,http://arxiv.org/abs/2606.26151v1,"cat:cs.RO AND (all:""automatic annotation"" OR all:relabeling OR all:segmentation)","cat:cs.RO AND (all:""automatic annotation"" OR all:relabeling OR all:segmentation)"
arXiv,2606.03581v1,UnsOcc: 3D Semantic Occupancy Prediction in Unstructured Scene via Rendering Fusion,Ye Wu; Ruiqi Song; Baiyong Ding; Nanxin Zeng; Junjie Cheng; Yunfeng Ai,2026,arXiv,,http://arxiv.org/abs/2606.03581v1,"cat:cs.RO AND (all:""automatic annotation"" OR all:relabeling OR all:segmentation)","cat:cs.RO AND (all:""automatic annotation"" OR all:relabeling OR all:segmentation)"
arXiv,2606.16917v3,Unified Motion-Action Modeling for Heterogeneous Robot Learning,Yunhao Cao; Shitong Liu; Chao Feng; Meryl Zhang; Xuanchen Lu; Andrew Owens; Kuan Fang,2026,arXiv,,http://arxiv.org/abs/2606.16917v3,"cat:cs.RO AND (all:""automatic annotation"" OR all:relabeling OR all:segmentation)","cat:cs.RO AND (all:""automatic annotation"" OR all:relabeling OR all:segmentation)"
arXiv,2607.10597v1,Underwater Dead Reckoning with Deployable Situation-Triggered Covariance Scheduling,Akshay Naik; Ramavarapu S. Sreenivas; Dustin Nottage; Ahmet Soylemezoglu,2026,arXiv,,http://arxiv.org/abs/2607.10597v1,"cat:cs.RO AND (all:""automatic annotation"" OR all:relabeling OR all:segmentation)","cat:cs.RO AND (all:""automatic annotation"" OR all:relabeling OR all:segmentation)"
arXiv,2606.08341v1,Uncertainty-Aware Intention Prediction for Human-to-Robot Assembly Teleoperation,Fnu Heman; Yixuan Wang; Kolin Xu; Conner Wallace; John Dang; Akhil Joshi; Jun Sheng; Pinhas Ben-Tzvi; Mingyu Cai,2026,arXiv,,http://arxiv.org/abs/2606.08341v1,"cat:cs.RO AND (all:""automatic annotation"" OR all:relabeling OR all:segmentation)","cat:cs.RO AND (all:""automatic annotation"" OR all:relabeling OR all:segmentation)"
arXiv,2605.27644v1,Trinity: Unifying Class-Agnostic Terrain and Semantic Segmentation for Unstructured Outdoor Environments by Leveraging Synthetic Data,Marcus G Müller; Wout Boerdijk; Maximilian Durner; Riccardo Giubilato; Abel Gawel; Wolfgang Stürzl; Roland Siegwart; Rudolph Triebel,2026,arXiv,,http://arxiv.org/abs/2605.27644v1,"cat:cs.RO AND (all:""automatic annotation"" OR all:relabeling OR all:segmentation)","cat:cs.RO AND (all:""automatic annotation"" OR all:relabeling OR all:segmentation)"
arXiv,2607.25731v2,Tri-Manual Visuomotor Imitation Learning of Robot Policies,James Zhao; Mingyuan Ba; Weiming Zhi,2026,arXiv,,http://arxiv.org/abs/2607.25731v2,"cat:cs.RO AND (all:""automatic annotation"" OR all:relabeling OR all:segmentation)","cat:cs.RO AND (all:""automatic annotation"" OR all:relabeling OR all:segmentation)"
arXiv,2605.19958v1,TravExplorer: Cross-Floor Embodied Exploration via Traversability-Aware 3-D Planning,Han Zheng; Zhe Chen; Yudong Huang; Haoran Liu; Jinghao Wang; Ming Yang; Tong Qin,2026,arXiv,,http://arxiv.org/abs/2605.19958v1,"cat:cs.RO AND (all:""automatic annotation"" OR all:relabeling OR all:segmentation)","cat:cs.RO AND (all:""automatic annotation"" OR all:relabeling OR all:segmentation)"
arXiv,2607.21071v1,TransBiolab: A Real-World Multi-View Dataset of Cluttered Transparent Biomedical Objects,Ke Ma; Yifei Wang; Meng Wang; Tian Xia,2026,arXiv,,http://arxiv.org/abs/2607.21071v1,"cat:cs.RO AND (all:""automatic annotation"" OR all:relabeling OR all:segmentation)","cat:cs.RO AND (all:""automatic annotation"" OR all:relabeling OR all:segmentation)"
arXiv,2605.13401v1,Trajectory-Level Data Augmentation for Offline Reinforcement Learning,Tobias Schmähling; Matthias Burkhardt; Tobias Windisch,2026,arXiv,,http://arxiv.org/abs/2605.13401v1,"cat:cs.RO AND all:""data quality""","cat:cs.RO AND all:""data quality"""
arXiv,2605.08511v1,Trajectory-Consistent Flow Matching for Robust Visuomotor Policy Learning,Riad Ahmed; Sujosh Nag; Moniruzzaman Akash; Mostafa Hussein; Momotaz Begum,2026,arXiv,,http://arxiv.org/abs/2605.08511v1,"cat:cs.RO AND (all:""automatic annotation"" OR all:relabeling OR all:segmentation)","cat:cs.RO AND (all:""automatic annotation"" OR all:relabeling OR all:segmentation)"
arXiv,2607.11657v1,Trajectory Planning and Certification for 3-DOF Robot Manipulators Using Real Quantifier Elimination Based on Comprehensive Gröbner Systems,Yu Nakai; Akira Terui; Masahiko Mikawa,2026,arXiv,,http://arxiv.org/abs/2607.11657v1,"cat:cs.RO AND (all:""automatic annotation"" OR all:relabeling OR all:segmentation)","cat:cs.RO AND (all:""automatic annotation"" OR all:relabeling OR all:segmentation)"
arXiv,2606.02979v1,Towards Compact Autonomous Driving Perception with Balanced Learning and Multi-sensor Fusion,Oskar Natan; Jun Miura,2026,arXiv,,http://arxiv.org/abs/2606.02979v1,"cat:cs.RO AND (all:""automatic annotation"" OR all:relabeling OR all:segmentation)","cat:cs.RO AND (all:""automatic annotation"" OR all:relabeling OR all:segmentation)"
arXiv,2605.06311v1,Toward Visually Realistic Simulation: A Benchmark for Evaluating Robot Manipulation in Simulation,Yixin Zhu; Zixiong Wang; Jian Yang; Jin Xie; Jingyi Yu; Jiayuan Gu; Beibei Wang,2026,arXiv,,http://arxiv.org/abs/2605.06311v1,"cat:cs.RO AND (all:""automatic annotation"" OR all:relabeling OR all:segmentation)","cat:cs.RO AND (all:""automatic annotation"" OR all:relabeling OR all:segmentation)"
arXiv,2605.00438v1,Thinking in Text and Images: Interleaved Vision--Language Reasoning Traces for Long-Horizon Robot Manipulation,Jinkun Liu; Haohan Chi; Lingfeng Zhang; Yifan Xie; YuAn Wang; Long Chen; Hangjun Ye; Xiaoshuai Hao; Wenbo Ding,2026,arXiv,,http://arxiv.org/abs/2605.00438v1,"cat:cs.RO AND (all:""automatic annotation"" OR all:relabeling OR all:segmentation)","cat:cs.RO AND (all:""automatic annotation"" OR all:relabeling OR all:segmentation)"
arXiv,2605.01340v1,Terrain Perception for Agricultural UAVs in Complex Farmland via Rotating mmWave Radar,Zhihao Zhan; Le Tao; Shaobin Li; Chenxin Fang; Xingrui Yang; Liang Li; Rui Fan; Yuhang Ming,2026,arXiv,,http://arxiv.org/abs/2605.01340v1,"cat:cs.RO AND (all:""automatic annotation"" OR all:relabeling OR all:segmentation)","cat:cs.RO AND (all:""automatic annotation"" OR all:relabeling OR all:segmentation)"
arXiv,2606.18582v1,Technical Report for ICRA 2026 GOOSE 2D Fine-Grained Semantic Segmentation Challenge: Leveraging DINOv3 for Robust Outdoor Scene Understanding in Field Robotics,Jaeil Park; Hyobin Choi; Sangjin Lee; Hyungtae Lim; Sung-Hoon Yoon,2026,arXiv,,http://arxiv.org/abs/2606.18582v1,"cat:cs.RO AND (all:""automatic annotation"" OR all:relabeling OR all:segmentation)","cat:cs.RO AND (all:""automatic annotation"" OR all:relabeling OR all:segmentation)"
arXiv,2606.21456v1,Technical Report for ICRA 2026 GOOSE 2D Fine-Grained Semantic Segmentation Challenge: Exploring Query-Based Segmentation and Increased Spatial Context for Outdoor Scene Understanding,David Pascual-Hernández; Roberto Calvo-Palomino; Inmaculada Mora-Jiménez; Jose María Cañas-Plaza,2026,arXiv,,http://arxiv.org/abs/2606.21456v1,"cat:cs.RO AND (all:""automatic annotation"" OR all:relabeling OR all:segmentation)","cat:cs.RO AND (all:""automatic annotation"" OR all:relabeling OR all:segmentation)"
arXiv,2604.08726v1,Task-Aware Bimanual Affordance Prediction via VLM-Guided Semantic-Geometric Reasoning,Fabian Hahne; Vignesh Prasad; Georgia Chalvatzaki; Jan Peters; Alap Kshirsagar,2026,arXiv,,http://arxiv.org/abs/2604.08726v1,"cat:cs.RO AND (all:""automatic annotation"" OR all:relabeling OR all:segmentation)","cat:cs.RO AND (all:""automatic annotation"" OR all:relabeling OR all:segmentation)"
arXiv,2606.10918v1,Task Robustness via Re-Labelling Vision-Action Robot Data,Artur Kuramshin; Özgür Aslan; Cyrus Neary; Glen Berseth,2026,arXiv,,http://arxiv.org/abs/2606.10918v1,"cat:cs.RO AND (all:""automatic annotation"" OR all:relabeling OR all:segmentation)","cat:cs.RO AND (all:""automatic annotation"" OR all:relabeling OR all:segmentation)"
arXiv,2606.15645v1,TO-SoFiT: Topology Optimization of Hydraulic Soft Fish Tail Design for programmable undulating locomotion,A Padmaprabhan; Amal Shaji; Prabhat Kumar,2026,arXiv,,http://arxiv.org/abs/2606.15645v1,"cat:cs.RO AND (all:""automatic annotation"" OR all:relabeling OR all:segmentation)","cat:cs.RO AND (all:""automatic annotation"" OR all:relabeling OR all:segmentation)"
arXiv,2606.21792v1,THREAD: Trajectory Planning for Hybrid Rigid-Soft Manipulators with Environment-Aware Diffusion,Shivani Kamtikar; Pranav Asthana; Naveen Kumar Uppalapati; Girish Krishnan; Girish Chowdhary,2026,arXiv,,http://arxiv.org/abs/2606.21792v1,"cat:cs.RO AND (all:""automatic annotation"" OR all:relabeling OR all:segmentation)","cat:cs.RO AND (all:""automatic annotation"" OR all:relabeling OR all:segmentation)"
arXiv,2603.00615v1,TGM-VLA: Task-Guided Mixup for Sampling-Efficient and Robust Robotic Manipulation,Fanqi Pu; Lei Jiang; Wenming Yang,2026,arXiv,,http://arxiv.org/abs/2603.00615v1,"cat:cs.RO AND all:""data quality""","cat:cs.RO AND all:""data quality"""
arXiv,2604.07335v1,TAMEn: Tactile-Aware Manipulation Engine for Closed-Loop Data Collection in Contact-Rich Tasks,Longyan Wu; Jieji Ren; Chenghang Jiang; Junxi Zhou; Shijia Peng; Ran Huang; Guoying Gu; Li Chen; Hongyang Li,2026,arXiv,,http://arxiv.org/abs/2604.07335v1,"cat:cs.RO AND all:""data quality""","cat:cs.RO AND all:""data quality"""
arXiv,2607.02840v1,TACO: TActile World Model as a Self-COrrector forScalable VLA Post-Training,Shengbang Liu; Yueru Jia; Yuyang Yan; Jiaming Liu; Xinran Zhang; Qiuxuan Feng; Yandong Guo; Shiji Zhou; Boxin Shi; Shanghang Zhang,2026,arXiv,,http://arxiv.org/abs/2607.02840v1,"cat:cs.RO AND (all:""automatic annotation"" OR all:relabeling OR all:segmentation)","cat:cs.RO AND (all:""automatic annotation"" OR all:relabeling OR all:segmentation)"
arXiv,2606.05975v1,T-FunS3D: Task-Driven Hierarchical Open-Vocabulary 3D Functionality Segmentation,Jingkun Feng; Reza Sabzevari,2026,arXiv,,http://arxiv.org/abs/2606.05975v1,"cat:cs.RO AND (all:""automatic annotation"" OR all:relabeling OR all:segmentation)","cat:cs.RO AND (all:""automatic annotation"" OR all:relabeling OR all:segmentation)"
arXiv,2606.14767v1,Synthetic-to-Real Pipeline for Safe Landing Zone Detection,Shrikant Banerjee; Reza Faieghi,2026,arXiv,,http://arxiv.org/abs/2606.14767v1,"cat:cs.RO AND (all:""automatic annotation"" OR all:relabeling OR all:segmentation)","cat:cs.RO AND (all:""automatic annotation"" OR all:relabeling OR all:segmentation)"
arXiv,2606.27883v1,Swarm sign language: motion-based communication between drones,Thomas Rey; Julien Moras; Alexandre Eudes; Antoine Manzanera,2026,arXiv,,http://arxiv.org/abs/2606.27883v1,"cat:cs.RO AND (all:""automatic annotation"" OR all:relabeling OR all:segmentation)","cat:cs.RO AND (all:""automatic annotation"" OR all:relabeling OR all:segmentation)"
arXiv,2607.04378v1,SurgAM: Surgical Affordance Map Prediction with Multimodal Feature Fusion for Robot Autonomy,Lei Song; Yonghao Long; Mengya Xu; Jiayi Geng; Xiuyuan Chen; Qi Dou,2026,arXiv,,http://arxiv.org/abs/2607.04378v1,"cat:cs.RO AND (all:""automatic annotation"" OR all:relabeling OR all:segmentation)","cat:cs.RO AND (all:""automatic annotation"" OR all:relabeling OR all:segmentation)"
arXiv,2605.16398v1,Support-Safe Variational Hybrid Filtering for Contact-Mode and Sparse-Law Recovery,Marios Papamichalis; Regina Ruane,2026,arXiv,,http://arxiv.org/abs/2605.16398v1,"cat:cs.RO AND (all:""automatic annotation"" OR all:relabeling OR all:segmentation)","cat:cs.RO AND (all:""automatic annotation"" OR all:relabeling OR all:segmentation)"
arXiv,2605.20917v1,SubTGraph: Large-Scale Subterranean Environment Synthesis with Controllable Topological Variability for Robotic Autonomy Validation,F. Labra Caso; A. Saradagi; S. Fredriksson; S. Nordström; A. Koval; G. Nikolakopoulos,2026,arXiv,,http://arxiv.org/abs/2605.20917v1,"cat:cs.RO AND (all:""automatic annotation"" OR all:relabeling OR all:segmentation)","cat:cs.RO AND (all:""automatic annotation"" OR all:relabeling OR all:segmentation)"
arXiv,2606.12814v1,Stubborn: A Streamlined and Unified Reinforcement Learning Framework for Robust Motion Tracking and Fall Recovery for Humanoids,Xiao Ren; Yuhui Yang; Zongbiao Weng; Zhijie Liu; He Kong,2026,arXiv,,http://arxiv.org/abs/2606.12814v1,"cat:cs.RO AND (all:""automatic annotation"" OR all:relabeling OR all:segmentation)","cat:cs.RO AND (all:""automatic annotation"" OR all:relabeling OR all:segmentation)"
arXiv,2607.12604v1,Streamlining stereo differentiable rendering for marker-free real-time tracking of surgical robots,Yanghe Hao; Martin Huber; Christos Bergeles; Tom Vercauteren,2026,arXiv,,http://arxiv.org/abs/2607.12604v1,"cat:cs.RO AND (all:""automatic annotation"" OR all:relabeling OR all:segmentation)","cat:cs.RO AND (all:""automatic annotation"" OR all:relabeling OR all:segmentation)"
arXiv,2604.20017v1,Strain in Sound: Soft Corrugated Tube for Local Strain Sensing with Acoustic Resonance,Michael Chun; Ananya Nukala; Tae Myung Huh,2026,arXiv,,http://arxiv.org/abs/2604.20017v1,"cat:cs.RO AND (all:""automatic annotation"" OR all:relabeling OR all:segmentation)","cat:cs.RO AND (all:""automatic annotation"" OR all:relabeling OR all:segmentation)"
arXiv,2607.11204v2,Stop to Decide: Latency-Aware Proprioceptive Navigation Primitives for Mapping-Free Quadruped Inspection,Hanting Suo; Haonan Yan; Liang Wang; Aiguo Song,2026,arXiv,,http://arxiv.org/abs/2607.11204v2,"cat:cs.RO AND (all:""automatic annotation"" OR all:relabeling OR all:segmentation)","cat:cs.RO AND (all:""automatic annotation"" OR all:relabeling OR all:segmentation)"
arXiv,2605.25005v2,Stiffness Optimization for Concentrated Bending in Magnetically Actuated Catheters: Maintaining Steerability under Gradient Stiffness,Jiewen Tan; Junnan Xue; Shing Shin Cheng; Shuang Song; Erli Lyu; Jiaole Wang,2026,arXiv,,http://arxiv.org/abs/2605.25005v2,"cat:cs.RO AND (all:""automatic annotation"" OR all:relabeling OR all:segmentation)","cat:cs.RO AND (all:""automatic annotation"" OR all:relabeling OR all:segmentation)"
arXiv,2605.26682v1,SteelDS: A High-Resolution Video Dataset of E40 Steel Scrap for Object Detection and Instance Segmentation,Melanie Neubauer; Christian Rauch; Gerald Koinig; Alexia Tischberger-Aldrian; Roland Pomberger; Elmar Rueckert,2026,arXiv,,http://arxiv.org/abs/2605.26682v1,"cat:cs.RO AND (all:""automatic annotation"" OR all:relabeling OR all:segmentation)","cat:cs.RO AND (all:""automatic annotation"" OR all:relabeling OR all:segmentation)"
arXiv,2604.17887v1,StableIDM: Stabilizing Inverse Dynamics Model against Manipulator Truncation via Spatio-Temporal Refinement,Kerui Li; Zhe Jing; Xiaofeng Wang; Zheng Zhu; Yukun Zhou; Guan Huang; Dongze Li; Qingkai Yang; Huaibo Huang,2026,arXiv,,http://arxiv.org/abs/2604.17887v1,"cat:cs.RO AND (all:""automatic annotation"" OR all:relabeling OR all:segmentation)","cat:cs.RO AND (all:""automatic annotation"" OR all:relabeling OR all:segmentation)"
arXiv,2605.23341v1,Sparse Compositional Flow Matching by geometric assembly from motion primitives,Yan Tang; Yuanbo Tang; Tingyu Cao; Shaolun Huang; Yang Li,2026,arXiv,,http://arxiv.org/abs/2605.23341v1,"cat:cs.RO AND (all:""automatic annotation"" OR all:relabeling OR all:segmentation)","cat:cs.RO AND (all:""automatic annotation"" OR all:relabeling OR all:segmentation)"
arXiv,2604.17888v1,SpaceDex: Generalizable Dexterous Grasping in Tiered Workspaces,Wensheng Wang; Chuanjun Guo; Wei Wei; Tong Wu; Ning Tan,2026,arXiv,,http://arxiv.org/abs/2604.17888v1,"cat:cs.RO AND (all:""automatic annotation"" OR all:relabeling OR all:segmentation)","cat:cs.RO AND (all:""automatic annotation"" OR all:relabeling OR all:segmentation)"
arXiv,2604.20395v2,SpaCeFormer: Fast Proposal-Free Open-Vocabulary 3D Instance Segmentation,Chris Choy; Junha Lee; Chunghyun Park; Minsu Cho; Jan Kautz,2026,arXiv,,http://arxiv.org/abs/2604.20395v2,"cat:cs.RO AND (all:""automatic annotation"" OR all:relabeling OR all:segmentation)","cat:cs.RO AND (all:""automatic annotation"" OR all:relabeling OR all:segmentation)"
arXiv,2607.07491v2,Smooth Operator: A Real-Time Sampling-Based Algorithm for Kinematic Hand Retargeting,Robert Jomar Malate; Erik Bauer; Norica Bacuieti; Stefanos Charalambous; Elvis Nava; Robert K. Katzschmann; Benedek Forrai,2026,arXiv,,http://arxiv.org/abs/2607.07491v2,"cat:cs.RO AND all:""data quality""","cat:cs.RO AND all:""data quality"""
arXiv,2605.20850v1,SmoCap: Unified Scale-Pose Canonicalization with Proxy-Mapped Trust-Region QP,Shihao Li; Naohiko Sugita,2026,arXiv,,http://arxiv.org/abs/2605.20850v1,"cat:cs.RO AND (all:""automatic annotation"" OR all:relabeling OR all:segmentation)","cat:cs.RO AND (all:""automatic annotation"" OR all:relabeling OR all:segmentation)"
arXiv,2605.15536v1,SkiP: When to Skip and When to Refine for Efficient Robot Manipulation,Mingtong Dai; Guanqi Peng; Yongjie Bai; Feng Yan; Chunjie Chen; Lingbo Liu; Liang Lin; Xinyu Wu,2026,arXiv,,http://arxiv.org/abs/2605.15536v1,"cat:cs.RO AND (all:""automatic annotation"" OR all:relabeling OR all:segmentation)","cat:cs.RO AND (all:""automatic annotation"" OR all:relabeling OR all:segmentation)"
arXiv,2607.23910v1,SimBEV2X: A Large-Scale Dataset and Data Generation Tool for Multi-Task Vehicle-to-Everything Cooperative Perception,Goodarz Mehr; Sepideh Gohari; Montasir Abbas; Azim Eskandarian,2026,arXiv,,http://arxiv.org/abs/2607.23910v1,"cat:cs.RO AND (all:""automatic annotation"" OR all:relabeling OR all:segmentation)","cat:cs.RO AND (all:""automatic annotation"" OR all:relabeling OR all:segmentation)"
arXiv,2607.04144v1,Semantic-Guided Progressive Object Removal with Gaussian Splatting,Xianliang Huang; Chen Xiao; Yuanxiang Ni; Guanming Liu; Mingkai Liu; Dikai Fan; Xiao Liu; Hao Zhang,2026,arXiv,,http://arxiv.org/abs/2607.04144v1,"cat:cs.RO AND (all:""automatic annotation"" OR all:relabeling OR all:segmentation)","cat:cs.RO AND (all:""automatic annotation"" OR all:relabeling OR all:segmentation)"
arXiv,2603.29627v1,Semantic Zone-Based Map Management for Stable AI-Integrated Mobile Robots,Huichang Yun; Seungho Yoo,2026,arXiv,,http://arxiv.org/abs/2603.29627v1,"cat:cs.RO AND (all:""automatic annotation"" OR all:relabeling OR all:segmentation)","cat:cs.RO AND (all:""automatic annotation"" OR all:relabeling OR all:segmentation)"
arXiv,2607.14182v1,Semantic Audio-driven Understanding for Dynamic Humanoid Whole Body Control,J. M. A. Marcelo; M. Brienza; E. Bugli; L. Comito; D. Nardi; D. D. Bloisi; V. Suriani,2026,arXiv,,http://arxiv.org/abs/2607.14182v1,"cat:cs.RO AND (all:""automatic annotation"" OR all:relabeling OR all:segmentation)","cat:cs.RO AND (all:""automatic annotation"" OR all:relabeling OR all:segmentation)"
arXiv,2607.11027v1,SegDiff: Segmented Trajectory Diffusion for Consistent and Adaptive Robot Manipulation,Haidong Cao; Wenjun Cao; Quanhao Li; Sicheng Xie; Zhiying Du; Jiaqi Leng; Zuxuan Wu; Yu-Gang Jiang,2026,arXiv,,http://arxiv.org/abs/2607.11027v1,"cat:cs.RO AND (all:""automatic annotation"" OR all:relabeling OR all:segmentation)","cat:cs.RO AND (all:""automatic annotation"" OR all:relabeling OR all:segmentation)"
arXiv,2607.17757v1,Seg2Grasp: A Robust Modular Suction Grasping in Bin Picking,Hye-Jung Yoon; Juno Kim; Yesol Park; Jun-Ki Lee; Byoung-Tak Zhang,2026,arXiv,,http://arxiv.org/abs/2607.17757v1,"cat:cs.RO AND (all:""automatic annotation"" OR all:relabeling OR all:segmentation)","cat:cs.RO AND (all:""automatic annotation"" OR all:relabeling OR all:segmentation)"
arXiv,2605.02757v1,Seeing Realism from Simulation: Efficient Video Transfer for Vision-Language-Action Data Augmentation,Chenyu Hui; Xiaodi Huang; Siyu Xu; Yunke Wang; Shan You; Fei Wang; Tao Huang; Chang Xu,2026,arXiv,,http://arxiv.org/abs/2605.02757v1,"cat:cs.RO AND (all:""automatic annotation"" OR all:relabeling OR all:segmentation)","cat:cs.RO AND (all:""automatic annotation"" OR all:relabeling OR all:segmentation)"
arXiv,2606.02735v2,"See Less, Specify More: Visual Evidence Budgets for Generalizable VLAs",Yueh-Hua Wu; Tatsuya Matsushima; Kei Ota,2026,arXiv,,http://arxiv.org/abs/2606.02735v2,"cat:cs.RO AND (all:""automatic annotation"" OR all:relabeling OR all:segmentation)","cat:cs.RO AND (all:""automatic annotation"" OR all:relabeling OR all:segmentation)"
arXiv,2605.18026v1,Scenario Generation in Roundabouts with Adjustable Interaction Intensity,Li Li; Till Temmen; Tobias Brinkmann; Björn Krautwig; Markus Eisenbarth; Jakob Andert,2026,arXiv,,http://arxiv.org/abs/2605.18026v1,"cat:cs.RO AND (all:""automatic annotation"" OR all:relabeling OR all:segmentation)","cat:cs.RO AND (all:""automatic annotation"" OR all:relabeling OR all:segmentation)"
arXiv,2606.09719v1,Safe Polytope-in-Polytope Motion Planning and Control with Control Barrier Functions,Alejandro Gonzalez-Garcia; Dries Dirckx; Jan Swevers; Wilm Decré,2026,arXiv,,http://arxiv.org/abs/2606.09719v1,"cat:cs.RO AND (all:""automatic annotation"" OR all:relabeling OR all:segmentation)","cat:cs.RO AND (all:""automatic annotation"" OR all:relabeling OR all:segmentation)"
arXiv,2607.24249v1,SILICA: Repurposing Diffusion Priors for Joint Glass Segmentation and Depth Estimation,Tarun R; Anuj Verma; Laksh Nanwani; Sourav Garg; K. Madhava Krishna,2026,arXiv,,http://arxiv.org/abs/2607.24249v1,"cat:cs.RO AND (all:""automatic annotation"" OR all:relabeling OR all:segmentation)","cat:cs.RO AND (all:""automatic annotation"" OR all:relabeling OR all:segmentation)"
arXiv,2607.06442v1,SIEVE: Structure-Aware Data Selection for Imitation Learning with VLA Models,Changti Wu; Bin Yu; Zhaolong Shen; Shijie Lian; Xiaopeng Lin; Cong Huang; Zhirui Zhang; Lei Zhang; Kai Chen,2026,arXiv,,http://arxiv.org/abs/2607.06442v1,"cat:cs.RO AND (all:""automatic annotation"" OR all:relabeling OR all:segmentation)","cat:cs.RO AND (all:""automatic annotation"" OR all:relabeling OR all:segmentation)"
arXiv,2606.16881v1,SGM-SLAM: Scene Graph Matching for Data-Efficient Distributed SLAM,Yewei Huang; Tixiao Shan; Abhinav Rajvanshi; Niluthpol Chowdhury Mithun; Yaxuan Li; Brendan Englot; Han-Pang Chiu,2026,arXiv,,http://arxiv.org/abs/2606.16881v1,"cat:cs.RO AND (all:""automatic annotation"" OR all:relabeling OR all:segmentation)","cat:cs.RO AND (all:""automatic annotation"" OR all:relabeling OR all:segmentation)"
arXiv,2605.11114v1,SEVO: Semantic-Enhanced Virtual Observation for Robust VLA Manipulation via Active Illumination and Data-Centric Collection,Tianchonghui Fang; Yuan Zhuang; Fei Miao,2026,arXiv,,http://arxiv.org/abs/2605.11114v1,"cat:cs.RO AND (all:""automatic annotation"" OR all:relabeling OR all:segmentation)","cat:cs.RO AND (all:""automatic annotation"" OR all:relabeling OR all:segmentation)"
arXiv,2604.15946v1,SENSE: Stereo OpEN Vocabulary SEmantic Segmentation,Thomas Campagnolo; Ezio Malis; Philippe Martinet; Gaétan Bahl,2026,arXiv,,http://arxiv.org/abs/2604.15946v1,"cat:cs.RO AND (all:""automatic annotation"" OR all:relabeling OR all:segmentation)","cat:cs.RO AND (all:""automatic annotation"" OR all:relabeling OR all:segmentation)"
arXiv,2605.13117v1,SECOND-Grasp: Semantic Contact-guided Dexterous Grasping,Han Yi Shin; Heeju Ko; Jaewon Mun; Qixing Huang; Jaehyeok Lee; Sung June Kim; Honglak Lee; Sujin Jang; Sangpil Kim,2026,arXiv,,http://arxiv.org/abs/2605.13117v1,"cat:cs.RO AND (all:""automatic annotation"" OR all:relabeling OR all:segmentation)","cat:cs.RO AND (all:""automatic annotation"" OR all:relabeling OR all:segmentation)"
arXiv,2604.27508v1,SASI: Leveraging Sub-Action Semantics for Robust Early Action Recognition in Human-Robot Interaction,Yongpeng Cao; Masahiro Hirano; Hyuno Kim; Yuji Yamakawa,2026,arXiv,,http://arxiv.org/abs/2604.27508v1,"cat:cs.RO AND (all:""automatic annotation"" OR all:relabeling OR all:segmentation)","cat:cs.RO AND (all:""automatic annotation"" OR all:relabeling OR all:segmentation)"
arXiv,2605.28136v1,SAM-Enhanced Segmentation on Road Datasets: Balancing Critical Classes in Autonomous Driving,Toomas Tahves; Mauro Bellone; Junyi Gu; Raivo Sell,2026,arXiv,,http://arxiv.org/abs/2605.28136v1,"cat:cs.RO AND (all:""automatic annotation"" OR all:relabeling OR all:segmentation)","cat:cs.RO AND (all:""automatic annotation"" OR all:relabeling OR all:segmentation)"
arXiv,2606.11636v1,SAFER-Nav: Enhancing Safety for Visual Robot Navigation via Segmentation-Aware Fine-Tuning,Geonyeong Ko; Giung Lee; Changjoo Nam,2026,arXiv,,http://arxiv.org/abs/2606.11636v1,"cat:cs.RO AND (all:""automatic annotation"" OR all:relabeling OR all:segmentation)","cat:cs.RO AND (all:""automatic annotation"" OR all:relabeling OR all:segmentation)"
arXiv,2606.19687v1,Route-Constrained Robust Fusion Estimation for MEMS/GNSS Integrated Navigation of Unmanned Ground Vehicles in GNSS Degraded Environments,Jingzhi Cui; Chao Zhang; Yuliang Mao; Shaolin Lü; Dongmei Li; Huan Che; Rong Zhang,2026,arXiv,,http://arxiv.org/abs/2606.19687v1,"cat:cs.RO AND (all:""automatic annotation"" OR all:relabeling OR all:segmentation)","cat:cs.RO AND (all:""automatic annotation"" OR all:relabeling OR all:segmentation)"
arXiv,2605.23863v1,Robotic Strawberry Harvesting with Robust Vision and Deep Reinforcement Learning based Sim-to-Real Control,Al Bashir; Shao-Yang Chang; Partho Ghose; Prem Raj; Chen-Kang Huang; Azlan Zahid,2026,arXiv,,http://arxiv.org/abs/2605.23863v1,"cat:cs.RO AND (all:""automatic annotation"" OR all:relabeling OR all:segmentation)","cat:cs.RO AND (all:""automatic annotation"" OR all:relabeling OR all:segmentation)"
arXiv,2607.18709v2,RoboInter1.5: A Holistic Intermediate Representation Suite for Embodied World Modeling and Robotic Manipulation,Ziqin Wang; Hao Li; Weijun Wang; Junhao Cai; Jia Zeng; Yilun Chen; Jiangmiao Pang; Si Liu,2026,arXiv,,http://arxiv.org/abs/2607.18709v2,"cat:cs.RO AND (all:""automatic annotation"" OR all:relabeling OR all:segmentation)","cat:cs.RO AND (all:""automatic annotation"" OR all:relabeling OR all:segmentation)"
arXiv,2605.10094v2,Retrieve-then-Steer: Online Success Memory for Test-Time Adaptation of Generative VLAs,Jianchao Zhao; Huoren Yang; Yusong Hu; Yuyang Gao; Qiguan Ou; Cong Wan; SongLin Dong; Zhiheng Ma; Yihong Gong,2026,arXiv,,http://arxiv.org/abs/2605.10094v2,"cat:cs.RO AND (all:""automatic annotation"" OR all:relabeling OR all:segmentation)","cat:cs.RO AND (all:""automatic annotation"" OR all:relabeling OR all:segmentation)"
arXiv,2606.26424v1,Rethinking Training & Inference for Forecasting: Linking Winner-Take-All back to GMMs,Qiyuan Wu; Katie Z Luo; Bharath Hariharan; Wei-Lun Chao; Mark Campbell,2026,arXiv,,http://arxiv.org/abs/2606.26424v1,"cat:cs.RO AND (all:""automatic annotation"" OR all:relabeling OR all:segmentation)","cat:cs.RO AND (all:""automatic annotation"" OR all:relabeling OR all:segmentation)"
arXiv,2605.03075v1,Refining Compositional Diffusion for Reliable Long-Horizon Planning,Kyowoon Lee; Yunhao Luo; Anh Tong; Jaesik Choi,2026,arXiv,,http://arxiv.org/abs/2605.03075v1,"cat:cs.RO AND (all:""automatic annotation"" OR all:relabeling OR all:segmentation)","cat:cs.RO AND (all:""automatic annotation"" OR all:relabeling OR all:segmentation)"
arXiv,2607.16310v1,Real-Time sEMG-Based Telecontrol of an Assistive Robotic Arm Using a 1D Convolutional Neural Network,Edgar Manacorda; Mena Samir Kama Abouseffien; Olivier Lecompte; Amandine Gesta; Abolfazl Mohebbi,2026,arXiv,,http://arxiv.org/abs/2607.16310v1,"cat:cs.RO AND (all:""automatic annotation"" OR all:relabeling OR all:segmentation)","cat:cs.RO AND (all:""automatic annotation"" OR all:relabeling OR all:segmentation)"
arXiv,2605.09410v1,RePO-VLA: Recovery-Driven Policy Optimization for Vision-Language-Action Models,Weijia Liufu; Xiaoyu Guo; Ruiyi Chen; Jingzhi Liu; Kaidong Zhang; Xiwen Liang; Jianqi Lin; Dawei Sun; Yuze Wang; Rongtao Xu; Bingqian Lin; Bowen Yang; Tongtong Cao; Bowen Peng; Dongyu Zhang; Guangrun Wang; Min Wang; Liang Lin; Xiaodan Liang,2026,arXiv,,http://arxiv.org/abs/2605.09410v1,"cat:cs.RO AND (all:""automatic annotation"" OR all:relabeling OR all:segmentation)","cat:cs.RO AND (all:""automatic annotation"" OR all:relabeling OR all:segmentation)"
arXiv,2606.09381v1,ReGIL: Retrieval-Guided Imitation Learning from a Single Demonstration,Yuying Zhang; Francesco Verdoja; Wenyan Yang; Ville Kyrki,2026,arXiv,,http://arxiv.org/abs/2606.09381v1,"cat:cs.RO AND (all:""automatic annotation"" OR all:relabeling OR all:segmentation)","cat:cs.RO AND (all:""automatic annotation"" OR all:relabeling OR all:segmentation)"
arXiv,2606.06255v1,RadiusFPS: Efficient Farthest Point Sampling on CPUs and GPUs via Spherical Voxel Pruning,Ziyang Yu; Xiang Li; Qiong Chang; Jun Miyazaki,2026,arXiv,,http://arxiv.org/abs/2606.06255v1,"cat:cs.RO AND (all:""automatic annotation"" OR all:relabeling OR all:segmentation)","cat:cs.RO AND (all:""automatic annotation"" OR all:relabeling OR all:segmentation)"
arXiv,2607.23669v1,RRTrack: Robust and Recoverable Object 6D Pose Tracking for Dynamic Scenes,Junyue Li; Ye Zheng; Yifan Chen; Zhe Sun; Xuelong Li,2026,arXiv,,http://arxiv.org/abs/2607.23669v1,"cat:cs.RO AND (all:""automatic annotation"" OR all:relabeling OR all:segmentation)","cat:cs.RO AND (all:""automatic annotation"" OR all:relabeling OR all:segmentation)"
arXiv,2607.03616v1,ROBOCYCLE: Autonomous Dual-Arm Robotic Manipulation and Coordination for Recycling Applications,Rubén de J. Hilario-Cruz; Jesus A. García-González; Enrique Coronado; Arturo E. Cerón-López,2026,arXiv,,http://arxiv.org/abs/2607.03616v1,"cat:cs.RO AND (all:""automatic annotation"" OR all:relabeling OR all:segmentation)","cat:cs.RO AND (all:""automatic annotation"" OR all:relabeling OR all:segmentation)"
arXiv,2605.00271v3,REALM: An RGB- and Event-Aligned Latent Manifold for Cross-Modal Perception,Vincenzo Polizzi; David B. Lindell; Jonathan Kelly,2026,arXiv,,http://arxiv.org/abs/2605.00271v3,"cat:cs.RO AND (all:""automatic annotation"" OR all:relabeling OR all:segmentation)","cat:cs.RO AND (all:""automatic annotation"" OR all:relabeling OR all:segmentation)"
arXiv,2603.09056v1,Quality over Quantity: Demonstration Curation via Influence Functions for Data-Centric Robot Learning,Haeone Lee; Taywon Min; Junsu Kim; Sinjae Kang; Fangchen Liu; Lerrel Pinto; Kimin Lee,2026,arXiv,,http://arxiv.org/abs/2603.09056v1,"cat:cs.RO AND all:""data quality""","cat:cs.RO AND all:""data quality"""
arXiv,2605.08774v1,ProcVLM: Learning Procedure-Grounded Progress Rewards for Robotic Manipulation,Youhe Feng; Hansen Shi; Haoyang Li; Xinlei Guo; Yang Wang; Chengyang Zhang; Jinkai Zhang; Xiaohan Zhang; Jie Tang; Jing Zhang,2026,arXiv,,http://arxiv.org/abs/2605.08774v1,"cat:cs.RO AND (all:""automatic annotation"" OR all:relabeling OR all:segmentation)","cat:cs.RO AND (all:""automatic annotation"" OR all:relabeling OR all:segmentation)"
arXiv,2607.00978v1,Privacy-Preserving Depth-Only Open-Vocabulary 3D Semantic Segmentation Via Uncertainty-Guided Test-Time Optimization,Xuying Huang; Sicong Pan; Maren Bennewitz,2026,arXiv,,http://arxiv.org/abs/2607.00978v1,"cat:cs.RO AND (all:""automatic annotation"" OR all:relabeling OR all:segmentation)","cat:cs.RO AND (all:""automatic annotation"" OR all:relabeling OR all:segmentation)"
arXiv,2605.30581v2,Prior Availability in Industrial Visual Sim-to-Real: A Review of CAD-Guided and CAD-Unavailable Regimes,Chenxi Tao; Seung-Kyum Choi,2026,arXiv,,http://arxiv.org/abs/2605.30581v2,"cat:cs.RO AND (all:""automatic annotation"" OR all:relabeling OR all:segmentation)","cat:cs.RO AND (all:""automatic annotation"" OR all:relabeling OR all:segmentation)"
arXiv,2605.30695v1,Primitive Subspaces Mediate Few-Shot Transfer in VLAs,Anya Singh; Cabrel Happi; Jai Relan; Varun Nair; Vidyut Baradwaj,2026,arXiv,,http://arxiv.org/abs/2605.30695v1,"cat:cs.RO AND (all:""automatic annotation"" OR all:relabeling OR all:segmentation)","cat:cs.RO AND (all:""automatic annotation"" OR all:relabeling OR all:segmentation)"
arXiv,2605.12160v1,Premover: Fast Vision-Language-Action Control by Acting Before Instructions Are Complete,Joonha Park; Jiseung Jeong; Taesik Gong,2026,arXiv,,http://arxiv.org/abs/2605.12160v1,"cat:cs.RO AND (all:""automatic annotation"" OR all:relabeling OR all:segmentation)","cat:cs.RO AND (all:""automatic annotation"" OR all:relabeling OR all:segmentation)"
arXiv,2606.03949v2,Preference-Calibrated Human-in-the-Loop Reinforcement Learning for Robotic Manipulation,Zeyi Liu; Guangyao Liu; Yinuo Qu; Yuquan Xue; Bofang Jia; Chunhua Yang; Weihua Gui; Keke Huang; Ziwei Wang,2026,arXiv,,http://arxiv.org/abs/2606.03949v2,"cat:cs.RO AND (all:""automatic annotation"" OR all:relabeling OR all:segmentation)","cat:cs.RO AND (all:""automatic annotation"" OR all:relabeling OR all:segmentation)"
arXiv,2607.18855v1,Pose-Parameterized Motion Planning and CBF-QP Self-Collision Filtering for a Long-Reach Drilling Boom,Mehdi Heydari Shahna; Tuomo Kivelä; Jouni Mattila,2026,arXiv,,http://arxiv.org/abs/2607.18855v1,"cat:cs.RO AND (all:""automatic annotation"" OR all:relabeling OR all:segmentation)","cat:cs.RO AND (all:""automatic annotation"" OR all:relabeling OR all:segmentation)"
arXiv,2606.12048v1,Point Cloud Segmentation for Autonomous Clip Positioning in Laparoscopic Cholecystectomy on a Phantom,Balázs Gyenes; Nikolai Franke; Paul Maria Scheikl; Pit Henrich; Rayan Younis; Gerhard Neumann; Martin Wagner; Franziska Mathis-Ullrich,2026,arXiv,,http://arxiv.org/abs/2606.12048v1,"cat:cs.RO AND (all:""automatic annotation"" OR all:relabeling OR all:segmentation)","cat:cs.RO AND (all:""automatic annotation"" OR all:relabeling OR all:segmentation)"
arXiv,2607.10000v1,PinFT: Miniature 5-Axis Force/Torque Sensor Embeddable to Tweezer-like Tool,Leo King; Jenny Chen; Tae Myung Huh,2026,arXiv,,http://arxiv.org/abs/2607.10000v1,"cat:cs.RO AND (all:""automatic annotation"" OR all:relabeling OR all:segmentation)","cat:cs.RO AND (all:""automatic annotation"" OR all:relabeling OR all:segmentation)"
arXiv,2604.04690v2,Pickalo: Leveraging 6D Pose Estimation for Low-Cost Industrial Bin Picking,Alessandro Tarsi; Matteo Mastrogiuseppe; Saverio Taliani; Simone Cortinovis; Ugo Pattacini,2026,arXiv,,http://arxiv.org/abs/2604.04690v2,"cat:cs.RO AND (all:""automatic annotation"" OR all:relabeling OR all:segmentation)","cat:cs.RO AND (all:""automatic annotation"" OR all:relabeling OR all:segmentation)"
arXiv,2606.13886v1,PhysVLA: Towards Physically-Grounded VLA for Embodied Robotic Manipulation,Namai Chandra; Shriram Damodaran; Lin Wang,2026,arXiv,,http://arxiv.org/abs/2606.13886v1,"cat:cs.RO AND (all:""automatic annotation"" OR all:relabeling OR all:segmentation)","cat:cs.RO AND (all:""automatic annotation"" OR all:relabeling OR all:segmentation)"
arXiv,2606.08655v1,PhysGraph: A Physics-aware 3D Scene Graph for Perception and Reasoning,Haoyu Li; Aaron Thomas; Shuyan Zhou; Xianyi Cheng,2026,arXiv,,http://arxiv.org/abs/2606.08655v1,"cat:cs.RO AND (all:""automatic annotation"" OR all:relabeling OR all:segmentation)","cat:cs.RO AND (all:""automatic annotation"" OR all:relabeling OR all:segmentation)"
arXiv,2606.15064v1,Phase-Localized Curation Does Not Help: A Negative Result on Per-Phase Metric Selection for Demonstration Filtering,Aarav Bedi,2026,arXiv,,http://arxiv.org/abs/2606.15064v1,"cat:cs.RO AND (all:""automatic annotation"" OR all:relabeling OR all:segmentation)","cat:cs.RO AND (all:""automatic annotation"" OR all:relabeling OR all:segmentation)"
arXiv,2606.15587v2,Perfect Demo Makes Poor Teacher: Learning Robust Alignment from Critical Motion Segments,Mingyu Liu; Zeju Li; Jiuhe Shu; Hanqing Wang; Yuhao Chao; Hao Chen; Chunhua Shen,2026,arXiv,,http://arxiv.org/abs/2606.15587v2,"cat:cs.RO AND (all:""automatic annotation"" OR all:relabeling OR all:segmentation)","cat:cs.RO AND (all:""automatic annotation"" OR all:relabeling OR all:segmentation)"
arXiv,2607.06655v2,Pelican-VLA 0.5: Attending Before Acting Benefits Generalization,Zeyuan Ding; Wenhai Liu; Yang Xu; Jiayu Hu; Yinda Chen; Yi Zhang; Yong Dai; Jian Tang; Xiaozhu Ju,2026,arXiv,,http://arxiv.org/abs/2607.06655v2,"cat:cs.RO AND (all:""automatic annotation"" OR all:relabeling OR all:segmentation)","cat:cs.RO AND (all:""automatic annotation"" OR all:relabeling OR all:segmentation)"
arXiv,2604.05070v1,Part-Level 3D Gaussian Vehicle Generation with Joint and Hinge Axis Estimation,Shiyao Qian; Yuan Ren; Dongfeng Bai; Bingbing Liu,2026,arXiv,,http://arxiv.org/abs/2604.05070v1,"cat:cs.RO AND (all:""automatic annotation"" OR all:relabeling OR all:segmentation)","cat:cs.RO AND (all:""automatic annotation"" OR all:relabeling OR all:segmentation)"
arXiv,2607.13312v1,Parsimonious disturbance-aware minimum-time planning with parametric uncertainty,Martino Gulisano; Matteo Masoni; Marco Gabiccini,2026,arXiv,,http://arxiv.org/abs/2607.13312v1,"cat:cs.RO AND (all:""automatic annotation"" OR all:relabeling OR all:segmentation)","cat:cs.RO AND (all:""automatic annotation"" OR all:relabeling OR all:segmentation)"
arXiv,2605.25029v2,ParkingWorld: End-to-End Autonomous Parking Reinforcement Learning from Corrective Experience in 3DGS Simulation,Zhengcheng Yu; Changze Li; Haoran Liu; Tong Qin,2026,arXiv,,http://arxiv.org/abs/2605.25029v2,"cat:cs.RO AND (all:""automatic annotation"" OR all:relabeling OR all:segmentation)","cat:cs.RO AND (all:""automatic annotation"" OR all:relabeling OR all:segmentation)"
arXiv,2605.10307v1,PaMoSplat: Part-Aware Motion-Guided Gaussian Splatting for Dynamic Scene Reconstruction,Yinan Deng; Jianyu Dou; Jiahui Wang; Jingyu Zhao; Yi Yang; Yufeng Yue,2026,arXiv,,http://arxiv.org/abs/2605.10307v1,"cat:cs.RO AND (all:""automatic annotation"" OR all:relabeling OR all:segmentation)","cat:cs.RO AND (all:""automatic annotation"" OR all:relabeling OR all:segmentation)"
arXiv,2606.16569v1,PROSE: Training-Free Egocentric Scene Registration with Vision-Language Models,Zhiang Chen; Nahyuk Lee; Boyang Sun; Taein Kwon; Marc Pollefeys; Zuria Bauer; Sunghwan Hong,2026,arXiv,,http://arxiv.org/abs/2606.16569v1,"cat:cs.RO AND (all:""automatic annotation"" OR all:relabeling OR all:segmentation)","cat:cs.RO AND (all:""automatic annotation"" OR all:relabeling OR all:segmentation)"
arXiv,2607.16366v1,PRISM: Multimodal Terrain Mapping for Rover Navigation in Unstructured Environments,Raul Castilla-Arquillo; Carlos Perez-del-Pulgar; Levin Gerdes; Alfonso Garcia-Cerezo; Miguel A. Olivares-Mendez,2026,arXiv,,http://arxiv.org/abs/2607.16366v1,"cat:cs.RO AND (all:""automatic annotation"" OR all:relabeling OR all:segmentation)","cat:cs.RO AND (all:""automatic annotation"" OR all:relabeling OR all:segmentation)"
arXiv,2605.19257v4,PRISM-SLAM: Probabilistic Ray-Grounded Inference for Scale-aware Metric SLAM,Eunsoo Im; Gyeonggwan Lee; Seunghwan Hong; Junghun Suh,2026,arXiv,,http://arxiv.org/abs/2605.19257v4,"cat:cs.RO AND (all:""automatic annotation"" OR all:relabeling OR all:segmentation)","cat:cs.RO AND (all:""automatic annotation"" OR all:relabeling OR all:segmentation)"
arXiv,2605.21710v1,PGDG: Physically Grounded Data Generation for Robust Bimanual Policy Learning from a Single Demonstration,Cunxi Dai; Haoran Chang; Aditya Nisal; Rahul Kumar; Guofei Chen; Tao Chen; Yuzhe Qin; Guanya Shi,2026,arXiv,,http://arxiv.org/abs/2605.21710v1,"cat:cs.RO AND all:""data quality""","cat:cs.RO AND (all:""automatic annotation"" OR all:relabeling OR all:segmentation) || cat:cs.RO AND all:""data quality"""
arXiv,2607.28623v1,PAC-MAN: Perception-Aware CBF-RL for Whole-Body Safety in Humanoid Dodgeball,Lizhi Yang; Junheng Li; Aaron D. Ames,2026,arXiv,,http://arxiv.org/abs/2607.28623v1,"cat:cs.RO AND (all:""automatic annotation"" OR all:relabeling OR all:segmentation)","cat:cs.RO AND (all:""automatic annotation"" OR all:relabeling OR all:segmentation)"
arXiv,2605.15765v1,Optimizing Line Segment Inspection with Limited-Range Drones,José-Miguel Díaz-Báñez; José-Manuel Higes; Alina Kasiuk; Inmaculada Ventura,2026,arXiv,,http://arxiv.org/abs/2605.15765v1,"cat:cs.RO AND (all:""automatic annotation"" OR all:relabeling OR all:segmentation)","cat:cs.RO AND (all:""automatic annotation"" OR all:relabeling OR all:segmentation)"
arXiv,2607.14183v2,Open-AoE: An Open Egocentric Manipulation Dataset and Toolchain for Embodied Learning,Zishuo Li; Bowen Yang; Changtao Miao; Kai Zhu; Hao Chen; Qingze Guan; Zhengxing Wu; Wanke Zhan; Yang Sun; Zhiyi Huang; Zitong Shan; Zhenchao Jin; Jiadong Hong; Taowen Wang; Yushi Feng; You Liu; Yibo Wang; Yifan Yang; Zhaowen Zhou; Man Luo; Hao Cheng; Bo Zhang; Jianshu Li; Jiansheng Cai; Guocai Yao; Jize Zhang; Chenhao Lin; Renjing Xu; Lequan Yu; Chao Shen; Chunhua Shen; Zhe Li,2026,arXiv,,http://arxiv.org/abs/2607.14183v2,"cat:cs.RO AND (all:""automatic annotation"" OR all:relabeling OR all:segmentation)","cat:cs.RO AND (all:""automatic annotation"" OR all:relabeling OR all:segmentation)"
arXiv,2607.09515v1,One-Shot Multimodal Learning from Demonstration with Force-Constrained Elastic Maps,Brendan Hertel; Jonathan Spanos; Navya Garg; Reza Azadeh,2026,arXiv,,http://arxiv.org/abs/2607.09515v1,"cat:cs.RO AND (all:""automatic annotation"" OR all:relabeling OR all:segmentation)","cat:cs.RO AND (all:""automatic annotation"" OR all:relabeling OR all:segmentation)"
arXiv,2604.17706v2,OmniVLA-RL: A Vision-Language-Action Model with Spatial Understanding and Online RL,Haoxiang Jie; Yaoyuan Yan; Xiangyu Wei; Kailin Wang; Hongjie Yan; Zhiyou Heng; Daocheng Chen,2026,arXiv,,http://arxiv.org/abs/2604.17706v2,"cat:cs.RO AND (all:""automatic annotation"" OR all:relabeling OR all:segmentation)","cat:cs.RO AND (all:""automatic annotation"" OR all:relabeling OR all:segmentation)"
arXiv,2605.13815v1,OmniLiDAR: A Unified Diffusion Framework for Multi-Domain 3D LiDAR Generation,Youquan Liu; Weidong Yang; Ao Liang; Xiang Xu; Lingdong Kong; Yang Wu; Dekai Zhu; Xin Li; Runnan Chen; Ben Fei; Tongliang Liu; Wanli Ouyang,2026,arXiv,,http://arxiv.org/abs/2605.13815v1,"cat:cs.RO AND (all:""automatic annotation"" OR all:relabeling OR all:segmentation)","cat:cs.RO AND (all:""automatic annotation"" OR all:relabeling OR all:segmentation)"
arXiv,2607.22226v1,Offline Vision-Language Navigation with Geometric Goal Localization for Outdoor Environments,Ali Salmasi; Xianjia Yu; Tomi Westerlund,2026,arXiv,,http://arxiv.org/abs/2607.22226v1,"cat:cs.RO AND (all:""automatic annotation"" OR all:relabeling OR all:segmentation)","cat:cs.RO AND (all:""automatic annotation"" OR all:relabeling OR all:segmentation)"
arXiv,2606.27317v1,OctoSense: Self-Supervised Learning for Multimodal Robot Perception,Anthony Bisulco; Jeremy Wang; Kostas Daniilidis; Randall Balestriero; Pratik Chaudhari,2026,arXiv,,http://arxiv.org/abs/2606.27317v1,"cat:cs.RO AND (all:""automatic annotation"" OR all:relabeling OR all:segmentation)","cat:cs.RO AND (all:""automatic annotation"" OR all:relabeling OR all:segmentation)"
arXiv,2606.13727v1,Occupancy-Grounded Room Segmentation for Hierarchical 3D Scene Graphs,Carlos Cueto Zumaya; Iacopo Catalano; Jorge Peña-Queralta; Wallace Moreira Bessa,2026,arXiv,,http://arxiv.org/abs/2606.13727v1,"cat:cs.RO AND (all:""automatic annotation"" OR all:relabeling OR all:segmentation)","cat:cs.RO AND (all:""automatic annotation"" OR all:relabeling OR all:segmentation)"
arXiv,2604.06341v1,Occlusion Handling by Pushing for Enhanced Fruit Detection,Ege Gursoy; Dana Kulić; Andrea Cherubini,2026,arXiv,,http://arxiv.org/abs/2604.06341v1,"cat:cs.RO AND (all:""automatic annotation"" OR all:relabeling OR all:segmentation)","cat:cs.RO AND (all:""automatic annotation"" OR all:relabeling OR all:segmentation)"
arXiv,2607.14899v1,OASIS-Map: Object-Level Change Detection in Multi-Session Mapping using Semantic Correspondence Matching,Haedam Oh; Yifu Tao; Nived Chebrolu; Maurice Fallon,2026,arXiv,,http://arxiv.org/abs/2607.14899v1,"cat:cs.RO AND (all:""automatic annotation"" OR all:relabeling OR all:segmentation)","cat:cs.RO AND (all:""automatic annotation"" OR all:relabeling OR all:segmentation)"
arXiv,2605.11762v1,NavOL: Navigation Policy with Online Imitation Learning,Xiaofei Wei; Chun Gu; Li Zhang,2026,arXiv,,http://arxiv.org/abs/2605.11762v1,"cat:cs.RO AND (all:""automatic annotation"" OR all:relabeling OR all:segmentation)","cat:cs.RO AND (all:""automatic annotation"" OR all:relabeling OR all:segmentation)"
arXiv,2605.10210v2,Nano-U: Efficient Terrain Segmentation for Tiny Robot Navigation,Federico Pizzolato; Francesco Pasti; Nicola Bellotto,2026,arXiv,,http://arxiv.org/abs/2605.10210v2,"cat:cs.RO AND (all:""automatic annotation"" OR all:relabeling OR all:segmentation)","cat:cs.RO AND (all:""automatic annotation"" OR all:relabeling OR all:segmentation)"
arXiv,2604.16962v1,Multi-stage Planning for Multi-target Surveillance using Aircrafts Equipped with Synthetic Aperture Radars Aware of Target Visibility,Daniel Fuertes; Carlos R. del-Blanco; Fernando Jaureguizar; Juan José Navarro-Corcuera; Narciso García,2026,arXiv,,http://arxiv.org/abs/2604.16962v1,"cat:cs.RO AND (all:""automatic annotation"" OR all:relabeling OR all:segmentation)","cat:cs.RO AND (all:""automatic annotation"" OR all:relabeling OR all:segmentation)"
arXiv,2606.08039v1,MuJoCo-Drones-Gym: A GPU-Accelerated Multi-Drone Simulator for Control and Reinforcement Learning,Manan Tayal,2026,arXiv,,http://arxiv.org/abs/2606.08039v1,"cat:cs.RO AND (all:""automatic annotation"" OR all:relabeling OR all:segmentation)","cat:cs.RO AND (all:""automatic annotation"" OR all:relabeling OR all:segmentation)"
arXiv,2606.20705v1,MotionPyramid: Hierarchical Motion Representation and Residual Interfaces,Gao Zhu; Zaishuo Xia; Yubei Chen,2026,arXiv,,http://arxiv.org/abs/2606.20705v1,"cat:cs.RO AND (all:""automatic annotation"" OR all:relabeling OR all:segmentation)","cat:cs.RO AND (all:""automatic annotation"" OR all:relabeling OR all:segmentation)"
arXiv,2606.26188v1,Morphology-Specific Closed-Loop Control of Logarithmic-Spiral Continuum Arms via Online Jacobian Error Compensation,Partha Datta; Yi Jin; Wei Lin; C. Chase Cao,2026,arXiv,,http://arxiv.org/abs/2606.26188v1,"cat:cs.RO AND (all:""automatic annotation"" OR all:relabeling OR all:segmentation)","cat:cs.RO AND (all:""automatic annotation"" OR all:relabeling OR all:segmentation)"
arXiv,2607.07897v1,Monocular Vision Based Control Framework for Grasping,Shail Jadav; Dongheui Lee,2026,arXiv,,http://arxiv.org/abs/2607.07897v1,"cat:cs.RO AND (all:""automatic annotation"" OR all:relabeling OR all:segmentation)","cat:cs.RO AND (all:""automatic annotation"" OR all:relabeling OR all:segmentation)"
arXiv,2606.19122v1,Monocular 3D Occupancy Perception for Robots on Sidewalks via Hybrid 2D-3D Learning,Yukai Ma; Joe Lin; Liu Liu; Honglin He; Lulu Ricketts; Brad Squicciarini; Yong Liu; Bolei Zhou,2026,arXiv,,http://arxiv.org/abs/2606.19122v1,"cat:cs.RO AND (all:""automatic annotation"" OR all:relabeling OR all:segmentation)","cat:cs.RO AND (all:""automatic annotation"" OR all:relabeling OR all:segmentation)"
arXiv,2604.10593v1,MonoEM-GS: Monocular Expectation-Maximization Gaussian Splatting SLAM,Evgenii Kruzhkov; Sven Behnke,2026,arXiv,,http://arxiv.org/abs/2604.10593v1,"cat:cs.RO AND (all:""automatic annotation"" OR all:relabeling OR all:segmentation)","cat:cs.RO AND (all:""automatic annotation"" OR all:relabeling OR all:segmentation)"
arXiv,2605.29298v1,MonoDuo: Using One Robot Arm to Learn Bimanual Policies,Sandeep Bajamahal; Lawrence Yunliang Chen; Toru Lin; Zehan Ma; Jitendra Malik; Ken Goldberg,2026,arXiv,,http://arxiv.org/abs/2605.29298v1,"cat:cs.RO AND (all:""automatic annotation"" OR all:relabeling OR all:segmentation)","cat:cs.RO AND (all:""automatic annotation"" OR all:relabeling OR all:segmentation)"
arXiv,2607.25807v1,Modular Robotic Catheters for Endovascular Aneurysm Repair,Alex Ranne; Jinshi Zhao; Ali Anil Demircali; Songli Moey; Ayhan Aktas; Burak Temelkuran; Nassir Navab; Ferdinando Rodriguez y Baena,2026,arXiv,,http://arxiv.org/abs/2607.25807v1,"cat:cs.RO AND (all:""automatic annotation"" OR all:relabeling OR all:segmentation)","cat:cs.RO AND (all:""automatic annotation"" OR all:relabeling OR all:segmentation)"
arXiv,2605.00397v1,MiniVLA-Nav v1: A Multi-Scene Simulation Dataset for Language-Conditioned Robot Navigation,Ali Al-Bustami; Jaerock Kwon,2026,arXiv,,http://arxiv.org/abs/2605.00397v1,"cat:cs.RO AND (all:""automatic annotation"" OR all:relabeling OR all:segmentation)","cat:cs.RO AND (all:""automatic annotation"" OR all:relabeling OR all:segmentation)"
arXiv,2606.24078v1,MinInter: Minimizing Trajectory Interpolation During Data Augmentation for Imitation Learning,Qingyang Wang; Xingang Liu; Changwei Yao; Zikai Ouyang; Junwei Liu; Haibo Lu; Wei Zhang,2026,arXiv,,http://arxiv.org/abs/2606.24078v1,"cat:cs.RO AND (all:""automatic annotation"" OR all:relabeling OR all:segmentation)","cat:cs.RO AND (all:""automatic annotation"" OR all:relabeling OR all:segmentation)"
arXiv,2607.06600v1,MiLSD: A Micro Line-Segment Detector for Resource-Constrained Devices,Parsa Hassani Shariat Panahi; Amir Hossein Jalilvand; M. Hassan Najafi,2026,arXiv,,http://arxiv.org/abs/2607.06600v1,"cat:cs.RO AND (all:""automatic annotation"" OR all:relabeling OR all:segmentation)","cat:cs.RO AND (all:""automatic annotation"" OR all:relabeling OR all:segmentation)"
arXiv,2607.26345v1,MetaKoopman: Bayesian Meta-Learning of Koopman Operators for Modeling Structured Dynamics under Distribution Shifts,Mahmoud Selim; Sriharsha Bhat; Karl H. Johansson,2026,arXiv,,http://arxiv.org/abs/2607.26345v1,"cat:cs.RO AND (all:""automatic annotation"" OR all:relabeling OR all:segmentation)","cat:cs.RO AND (all:""automatic annotation"" OR all:relabeling OR all:segmentation)"
arXiv,2607.04546v1,Mask2Real-WM: Segmentation Masks as a Sim-to-Real Bridge for Controllable Dexterous World Models,Riccardo O. Feingold; Davide Liconti; Chenyu Yang; Robert K. Katzschmann,2026,arXiv,,http://arxiv.org/abs/2607.04546v1,"cat:cs.RO AND (all:""automatic annotation"" OR all:relabeling OR all:segmentation)","cat:cs.RO AND (all:""automatic annotation"" OR all:relabeling OR all:segmentation)"
arXiv,2606.19874v1,MMD-SLAM: Structure-Enhanced Multi-Meta Gaussian Distribution-Guided Visual SLAM,Fan Zhu; Ziyu Chen; Peichen Liu; Yifan Zhao; Zhisong Xu; Hui Zhu; Hongxing Zhou; Sixun Liu; Chunmao Jiang,2026,arXiv,,http://arxiv.org/abs/2606.19874v1,"cat:cs.RO AND (all:""automatic annotation"" OR all:relabeling OR all:segmentation)","cat:cs.RO AND (all:""automatic annotation"" OR all:relabeling OR all:segmentation)"
arXiv,2602.21072v1,Localized Dynamics-Aware Domain Adaption for Off-Dynamics Offline Reinforcement Learning,Zhangjie Xia; Yu Yang; Pan Xu,2026,arXiv,,http://arxiv.org/abs/2602.21072v1,"cat:cs.RO AND all:""data filtering""","cat:cs.RO AND all:""data filtering"""
arXiv,2605.21007v2,LiteViLNet: Lightweight Vision-LiDAR Fusion Network for Efficient Road Segmentation,Daojie Peng; Bingtao Wang; Fulong Ma; Liang Zhang; Jun Ma,2026,arXiv,,http://arxiv.org/abs/2605.21007v2,"cat:cs.RO AND (all:""automatic annotation"" OR all:relabeling OR all:segmentation)","cat:cs.RO AND (all:""automatic annotation"" OR all:relabeling OR all:segmentation)"
arXiv,2604.26201v1,Lights Out: A Nighttime UAV Localization Framework Using Thermal Imagery and Semantic 3D Maps,Ryan Allen; Melissa Greeff,2026,arXiv,,http://arxiv.org/abs/2604.26201v1,"cat:cs.RO AND (all:""automatic annotation"" OR all:relabeling OR all:segmentation)","cat:cs.RO AND (all:""automatic annotation"" OR all:relabeling OR all:segmentation)"
arXiv,2604.00634v2,LiPS: Lightweight Panoptic Segmentation for Resource-Constrained Robotics,Calvin Galagain; Martyna Poreba; François Goulette; Cyrill Stachniss,2026,arXiv,,http://arxiv.org/abs/2604.00634v2,"cat:cs.RO AND (all:""automatic annotation"" OR all:relabeling OR all:segmentation)","cat:cs.RO AND (all:""automatic annotation"" OR all:relabeling OR all:segmentation)"
arXiv,2605.05627v1,Leveraging Image Generators to Address Training Data Scarcity: The Gen4Regen Dataset for Forest Regeneration Mapping,Gabriel Jeanson; David-Alexandre Duclos; William Larrivée-Hardy; Noé Cochet; Matěj Boxan; Anthony Deschênes; François Pomerleau; Philippe Giguère,2026,arXiv,,http://arxiv.org/abs/2605.05627v1,"cat:cs.RO AND (all:""automatic annotation"" OR all:relabeling OR all:segmentation)","cat:cs.RO AND (all:""automatic annotation"" OR all:relabeling OR all:segmentation)"
arXiv,2607.22789v1,Learning-based Hierarchical Tracheal Anatomy Understanding from Sparse Surgical Demonstration Annotations for Ultrasound Robots,Hiu Ching Cheung; Wenchao Yue; Zhengran Han; Mingcong Chen; Guanglin Cao; Hongbin Liu; Hongliang Ren,2026,arXiv,,http://arxiv.org/abs/2607.22789v1,"cat:cs.RO AND (all:""automatic annotation"" OR all:relabeling OR all:segmentation)","cat:cs.RO AND (all:""automatic annotation"" OR all:relabeling OR all:segmentation)"
arXiv,2604.23604v1,Learning to Identify Out-of-Distribution Objects for 3D LiDAR Anomaly Segmentation,Simone Mosco; Daniel Fusaro; Alberto Pretto,2026,arXiv,,http://arxiv.org/abs/2604.23604v1,"cat:cs.RO AND (all:""automatic annotation"" OR all:relabeling OR all:segmentation)","cat:cs.RO AND (all:""automatic annotation"" OR all:relabeling OR all:segmentation)"
arXiv,2604.23000v1,Learning from the Best: Smoothness-Driven Metrics for Data Quality in Imitation Learning,Soham Kulkarni; Raayan Dhar; Yuchen Cui,2026,arXiv,,http://arxiv.org/abs/2604.23000v1,"cat:cs.RO AND all:""data quality""","cat:cs.RO AND all:""data quality"""
arXiv,2604.04225v1,Learning from Imperfect Demonstrations via Temporal Behavior Tree-Guided Trajectory Repair,Aniruddh G. Puranic; Sebastian Schirmer; John S. Baras; Calin Belta,2026,arXiv,,http://arxiv.org/abs/2604.04225v1,"cat:cs.RO AND (all:""automatic annotation"" OR all:relabeling OR all:segmentation)","cat:cs.RO AND (all:""automatic annotation"" OR all:relabeling OR all:segmentation)"
arXiv,2604.24681v2,Learning Human-Intention Priors from Large-Scale Human Demonstrations for Robotic Manipulation,Yifan Xie; YuAn Wang; Guangyu Chen; Jinkun Liu; Yu Sun; Wenbo Ding,2026,arXiv,,http://arxiv.org/abs/2604.24681v2,"cat:cs.RO AND (all:""automatic annotation"" OR all:relabeling OR all:segmentation)","cat:cs.RO AND (all:""automatic annotation"" OR all:relabeling OR all:segmentation)"
arXiv,2607.13882v1,Learning Forward & Reverse Skills from a Single Unfinished Demonstration for Constrained Manipulation Tasks,Yexin Hu; Haoyi Zheng; Johannes Heidersberger; Dongheui Lee,2026,arXiv,,http://arxiv.org/abs/2607.13882v1,"cat:cs.RO AND (all:""automatic annotation"" OR all:relabeling OR all:segmentation)","cat:cs.RO AND (all:""automatic annotation"" OR all:relabeling OR all:segmentation)"
arXiv,2607.08374v1,Large-Language-Models-as-a-Judge in Theory-Agnostic Adaptive Metric-Alignment for Prototypical Networks in Personality Recognition,Jing Jie Tan; Ban-Hoe Kwan; Danny Wee-Kiat Ng; Yan-Chai Hum; Shih-Yu Lo; Po-An Chen; Noriyuki Kawarazaki; Kosuke Takano; Anissa Mokraoui,2026,arXiv,,http://arxiv.org/abs/2607.08374v1,"cat:cs.RO AND all:""data quality""","cat:cs.RO AND all:""data quality"""
arXiv,2606.21527v1,LOGOS: LiDAR-Only Gaussian Elevation Splatting for Unified Tiny Obstacle Segmentation,Nan Ming; Yeqiang Qian; Chunxiang Wang; Ming Yang,2026,arXiv,,http://arxiv.org/abs/2606.21527v1,"cat:cs.RO AND (all:""automatic annotation"" OR all:relabeling OR all:segmentation)","cat:cs.RO AND (all:""automatic annotation"" OR all:relabeling OR all:segmentation)"
arXiv,2605.13782v1,LMPath: Language-Mediated Priors and Path Generation for Aerial Exploration,Jonathan A. Diller; Fernando Cladera; Camillo J. Taylor; Vijay Kumar,2026,arXiv,,http://arxiv.org/abs/2605.13782v1,"cat:cs.RO AND (all:""automatic annotation"" OR all:relabeling OR all:segmentation)","cat:cs.RO AND (all:""automatic annotation"" OR all:relabeling OR all:segmentation)"
arXiv,2605.29864v1,LLM-Guided Future Hypotheses for Horizon-Aware Exploration in Multi-Step Robot Manipulation,Mohammad Khoshnazar; Andrew Melnik; Michael Beetz,2026,arXiv,,http://arxiv.org/abs/2605.29864v1,"cat:cs.RO AND (all:""automatic annotation"" OR all:relabeling OR all:segmentation)","cat:cs.RO AND (all:""automatic annotation"" OR all:relabeling OR all:segmentation)"
arXiv,2606.06953v1,LIMMT: Less is More for Motion Tracking,Yu Guan; Zekun Qi; Chenghuai Lin; Xuchuan Chen; Dairu Liu; Wenyao Zhang; Jilong Wang; Xinqiang Yu; He Wang; Li Yi,2026,arXiv,,http://arxiv.org/abs/2606.06953v1,"cat:cs.RO AND all:""data quality""","cat:cs.RO AND all:""data quality"""
arXiv,2605.13741v1,LEXI-SG: Monocular 3D Scene Graph Mapping with Room-Guided Feed-Forward Reconstruction,Christina Kassab; Hyeonjae Gil; Matías Mattamala; Ayoung Kim; Maurice Fallon,2026,arXiv,,http://arxiv.org/abs/2605.13741v1,"cat:cs.RO AND (all:""automatic annotation"" OR all:relabeling OR all:segmentation)","cat:cs.RO AND (all:""automatic annotation"" OR all:relabeling OR all:segmentation)"
arXiv,2606.27295v2,LA4VLA: Learning to Act without Seeing via Language-Action Pretraining,Tao Lin; Yuxin Du; Yiran Mao; Zewei Ye; Yilei Zhong; Bing Cheng; Yiming Wang; Jiting Liu; Yang Tian; Junchi Yan; Feiran Wu; Zenan Meng; Hu Wei; Yuqian Fu; Gen Li; Bo Zhao,2026,arXiv,,http://arxiv.org/abs/2606.27295v2,"cat:cs.RO AND (all:""automatic annotation"" OR all:relabeling OR all:segmentation)","cat:cs.RO AND (all:""automatic annotation"" OR all:relabeling OR all:segmentation)"
arXiv,2603.28965v2,Koopman Operator Framework for Modeling and Control of Off-Road Vehicle on Deformable Terrain,Kartik Loya; Phanindra Tallapragada,2026,arXiv,,http://arxiv.org/abs/2603.28965v2,"cat:cs.RO AND (all:""automatic annotation"" OR all:relabeling OR all:segmentation)","cat:cs.RO AND (all:""automatic annotation"" OR all:relabeling OR all:segmentation)"
arXiv,2607.04652v1,KAM-WM: Kinematic Affordance Maps from Latent World Models for Robot Manipulation,Xinyu Shao; Keru Zhou; Guowei Huang; Yajun Gao; Tongtong Cao; Xiu Li,2026,arXiv,,http://arxiv.org/abs/2607.04652v1,"cat:cs.RO AND (all:""automatic annotation"" OR all:relabeling OR all:segmentation)","cat:cs.RO AND (all:""automatic annotation"" OR all:relabeling OR all:segmentation)"
arXiv,2606.00069v1,Invascal: Inverse-Vacuity Self-Calibration for Uncertainty-Aware LiDAR Range-View Semantic Segmentation,Kerim Turacan; Hannes Reichert; Andrei Bolandut; Konrad Doll,2026,arXiv,,http://arxiv.org/abs/2606.00069v1,"cat:cs.RO AND (all:""automatic annotation"" OR all:relabeling OR all:segmentation)","cat:cs.RO AND (all:""automatic annotation"" OR all:relabeling OR all:segmentation)"
arXiv,2607.20939v1,Interaction Dynamics Modeling and Predictive Control for Safe Steerable Catheter--Tissue Interaction,Yongyan Cao,2026,arXiv,,http://arxiv.org/abs/2607.20939v1,"cat:cs.RO AND (all:""automatic annotation"" OR all:relabeling OR all:segmentation)","cat:cs.RO AND (all:""automatic annotation"" OR all:relabeling OR all:segmentation)"
arXiv,2605.28654v2,Integrated Exploration-Aware UAV Route Optimization and Path Planning,Jimin Choi; Grant Stagg; Cameron K. Peterson; Max Z. Li,2026,arXiv,,http://arxiv.org/abs/2605.28654v2,"cat:cs.RO AND (all:""automatic annotation"" OR all:relabeling OR all:segmentation)","cat:cs.RO AND (all:""automatic annotation"" OR all:relabeling OR all:segmentation)"
arXiv,2606.14699v1,Instruct-Particulate: Scaling Feed-Forward 3D Object Articulation with Kinematic Control,Ruining Li; Yuxin Yao; Matt Zhou; Chuanxia Zheng; Christian Rupprecht; Joan Lasenby; Shangzhe Wu; Andrea Vedaldi,2026,arXiv,,http://arxiv.org/abs/2606.14699v1,"cat:cs.RO AND (all:""automatic annotation"" OR all:relabeling OR all:segmentation)","cat:cs.RO AND (all:""automatic annotation"" OR all:relabeling OR all:segmentation)"
arXiv,2607.12630v2,Instance-Enriched Semantic Maps for Visual Language Navigation,Jiho Hong; Eunae Kang; Sanghyun Kim; Young-Sik Shin,2026,arXiv,,http://arxiv.org/abs/2607.12630v2,"cat:cs.RO AND (all:""automatic annotation"" OR all:relabeling OR all:segmentation)","cat:cs.RO AND (all:""automatic annotation"" OR all:relabeling OR all:segmentation)"
arXiv,2606.24884v1,InSight: Self-Guided Skill Acquisition via Steerable VLAs,Maggie Wang; Lars Osterberg; Stephen Tian; Ola Shorinwa; Jiajun Wu; Mac Schwager,2026,arXiv,,http://arxiv.org/abs/2606.24884v1,"cat:cs.RO AND (all:""automatic annotation"" OR all:relabeling OR all:segmentation)","cat:cs.RO AND (all:""automatic annotation"" OR all:relabeling OR all:segmentation)"
arXiv,2606.22907v1,Improving Robotic Imitation Learning via Trajectory Standardization,Licheng Yang; Lingfeng Qian; Fei Zheng; Yonghao He; Wei Sui; Shuangshuang Li; Hu Su,2026,arXiv,,http://arxiv.org/abs/2606.22907v1,"cat:cs.RO AND all:""data quality""","cat:cs.RO AND all:""data quality"""
arXiv,2607.05705v1,IMR: Iterative Mode-World Weighted Regression for Multi-Agent Trajectory Prediction,Honglin Wang; Shiyao Pan; Yun-Fu Liu,2026,arXiv,,http://arxiv.org/abs/2607.05705v1,"cat:cs.RO AND (all:""automatic annotation"" OR all:relabeling OR all:segmentation)","cat:cs.RO AND (all:""automatic annotation"" OR all:relabeling OR all:segmentation)"
arXiv,2605.21309v1,Hyper-V2X: Hypernetworks for Estimating Epistemic and Aleatoric Uncertainty in Cooperative Bird's-Eye-View Semantic Segmentation,Abhishek Dinkar Jagtap; Sanath Tiptur Sadashivaiah; Andreas Festag,2026,arXiv,,http://arxiv.org/abs/2605.21309v1,"cat:cs.RO AND (all:""automatic annotation"" OR all:relabeling OR all:segmentation)","cat:cs.RO AND (all:""automatic annotation"" OR all:relabeling OR all:segmentation)"
arXiv,2605.02580v1,Hyp2Former: Hierarchy-Aware Hyperbolic Embeddings for Open-Set Panoptic Segmentation,Yao Lu; Rohit Mohan; Florian Drews; Yakov Miron; Abhinav Valada,2026,arXiv,,http://arxiv.org/abs/2605.02580v1,"cat:cs.RO AND (all:""automatic annotation"" OR all:relabeling OR all:segmentation)","cat:cs.RO AND (all:""automatic annotation"" OR all:relabeling OR all:segmentation)"
arXiv,2607.09455v1,Hydra++: Real-Time Hierarchical 3D Scene Graph Construction With Object-Level Shape Estimation,Hyungtae Lim; Nathan Hughes; Xihang Yu; Ruihan Xu; Yun Chang; Jingnan Shi; Rajat Talak; Luca Carlone,2026,arXiv,,http://arxiv.org/abs/2607.09455v1,"cat:cs.RO AND (all:""automatic annotation"" OR all:relabeling OR all:segmentation)","cat:cs.RO AND (all:""automatic annotation"" OR all:relabeling OR all:segmentation)"
arXiv,2606.26855v1,Humanoid-DART: Humanoid Loco-Manipulation using Diffusion-guided Augmentation through Relabeling and Tracking,Pranav Debbad; Kanish Thiagarajan; Victor Dhédin; Shafeef Omar; Majid Khadiv,2026,arXiv,,http://arxiv.org/abs/2606.26855v1,"cat:cs.RO AND (all:""automatic annotation"" OR all:relabeling OR all:segmentation)","cat:cs.RO AND (all:""automatic annotation"" OR all:relabeling OR all:segmentation)"
arXiv,2605.29599v1,How to Relieve Distribution Shifts in Semantic Segmentation for Off-Road Environments,Ji-Hoon Hwang; Daeyoung Kim; Hyung-Suk Yoon; Dong-Wook Kim; Seung-Woo Seo,2026,arXiv,,http://arxiv.org/abs/2605.29599v1,"cat:cs.RO AND (all:""automatic annotation"" OR all:relabeling OR all:segmentation)","cat:cs.RO AND (all:""automatic annotation"" OR all:relabeling OR all:segmentation)"
arXiv,2605.17077v1,How to Instruct Your Robot: Dense Language Annotations Power Robot Policy Learning,Bosung Kim; Ruiyi Wang; David Acuna; Jaehun Jung; Alexander Trevithick; Brandon Cui; Yejin Choi; Prithviraj Ammanabrolu,2026,arXiv,,http://arxiv.org/abs/2605.17077v1,"cat:cs.RO AND (all:""automatic annotation"" OR all:relabeling OR all:segmentation)","cat:cs.RO AND (all:""automatic annotation"" OR all:relabeling OR all:segmentation)"
arXiv,2606.17043v1,Hierarchical Advantage Weighting for Online RL Fine-Tuning of VLAs from Sparse Episode Outcomes,Tongyan Fang; Siyuan Huang; Naiyu Fang; Ganlong Zhao; Zhongjin Luo; Jianbo Liu; Xiaogang Wang; Ying Dong; Hongsheng Li,2026,arXiv,,http://arxiv.org/abs/2606.17043v1,"cat:cs.RO AND (all:""automatic annotation"" OR all:relabeling OR all:segmentation)","cat:cs.RO AND (all:""automatic annotation"" OR all:relabeling OR all:segmentation)"
arXiv,2607.25389v1,HOME: Robust Hough-space Matching Method for Structured and Textureless Videos,Masaki Satoh,2026,arXiv,,http://arxiv.org/abs/2607.25389v1,"cat:cs.RO AND (all:""automatic annotation"" OR all:relabeling OR all:segmentation)","cat:cs.RO AND (all:""automatic annotation"" OR all:relabeling OR all:segmentation)"
arXiv,2607.21281v1,HGeo-TopoMap: Boosting Topological Mapping with Hierarchical Geometric Priors,Siyu Li; Kunyu Peng; Di Wen; Beiping Hou; Zhiyong Li; Kailun Yang,2026,arXiv,,http://arxiv.org/abs/2607.21281v1,"cat:cs.RO AND (all:""automatic annotation"" OR all:relabeling OR all:segmentation)","cat:cs.RO AND (all:""automatic annotation"" OR all:relabeling OR all:segmentation)"
arXiv,2607.09776v2,HELP: Human-Efficient Large-Scale Robot Post-Training with Rollout Segmentation,Shaopeng Zhai; Qi Zhang; Tianyi Zhang; Haoran Zhang; Fuxian Huang; Zhanhui Lin; Zijun Xu; Weinan Zhang,2026,arXiv,,http://arxiv.org/abs/2607.09776v2,"cat:cs.RO AND (all:""automatic annotation"" OR all:relabeling OR all:segmentation)","cat:cs.RO AND (all:""automatic annotation"" OR all:relabeling OR all:segmentation)"
arXiv,2604.24487v1,Guiding Vector Field Generation via Score-based Diffusion Model,Zirui Chen; Shiliang Guo; Shiyu Zhao,2026,arXiv,,http://arxiv.org/abs/2604.24487v1,"cat:cs.RO AND (all:""automatic annotation"" OR all:relabeling OR all:segmentation)","cat:cs.RO AND (all:""automatic annotation"" OR all:relabeling OR all:segmentation)"
arXiv,2607.00221v1,Guaranteed Escape for a Bouncing Robot in Pipe Chains,Ahmad Kamaludeen; Somnath Kundu; Yeganeh Bahoo,2026,arXiv,,http://arxiv.org/abs/2607.00221v1,"cat:cs.RO AND (all:""automatic annotation"" OR all:relabeling OR all:segmentation)","cat:cs.RO AND (all:""automatic annotation"" OR all:relabeling OR all:segmentation)"
arXiv,2606.31019v1,Ground Plane-Aided Extrinsic Calibration of Inertial and RGB-D Sensors for Uncrewed Aerial Vehicles,Ilyar Asl Sabbaghian Hokmabadi; Mahdis Bisheban,2026,arXiv,,http://arxiv.org/abs/2606.31019v1,"cat:cs.RO AND (all:""automatic annotation"" OR all:relabeling OR all:segmentation)","cat:cs.RO AND (all:""automatic annotation"" OR all:relabeling OR all:segmentation)"
arXiv,2605.25279v1,GreenSeg: Ground Segmentation Algorithm for Agricultural Robots in Mediterranean Greenhouses using RGB-D Point Clouds,Fernando Cañadas-Aránega; José C. Moreno; José L. Blanco-Claraco,2026,arXiv,,http://arxiv.org/abs/2605.25279v1,"cat:cs.RO AND (all:""automatic annotation"" OR all:relabeling OR all:segmentation)","cat:cs.RO AND (all:""automatic annotation"" OR all:relabeling OR all:segmentation)"
arXiv,2607.05122v1,"Green for Go, Red for No: Visual Grounding via Semantic Segmentation for VLA Navigation Policies",Adrian Szvoren; Dimitrios Kanoulas; Nilufer Tuptuk,2026,arXiv,,http://arxiv.org/abs/2607.05122v1,"cat:cs.RO AND (all:""automatic annotation"" OR all:relabeling OR all:segmentation)","cat:cs.RO AND (all:""automatic annotation"" OR all:relabeling OR all:segmentation)"
arXiv,2604.14857v1,Graph Theoretical Outlier Rejection for 4D Radar Registration in Feature-Poor Environments,Georg Dorndorf; Daniel Adolfsson; Masrur Doostdar,2026,arXiv,,http://arxiv.org/abs/2604.14857v1,"cat:cs.RO AND (all:""automatic annotation"" OR all:relabeling OR all:segmentation)","cat:cs.RO AND (all:""automatic annotation"" OR all:relabeling OR all:segmentation)"
arXiv,2605.01529v2,Good in Bad (GiB): Sifting Through End-user Demonstrations for Learning a Better Policy,Noushad Sojib; Ola Ghattas; Momotaz Begum,2026,arXiv,,http://arxiv.org/abs/2605.01529v2,"cat:cs.RO AND (all:""automatic annotation"" OR all:relabeling OR all:segmentation)","cat:cs.RO AND (all:""automatic annotation"" OR all:relabeling OR all:segmentation)"
arXiv,2606.09476v1,"Goal Sets, Not Goal States: Queryable Robot Goals through Goal-Set Hindsight Relabeling",Carlos Vélez García; Miguel Cazorla; Jorge Pomares,2026,arXiv,,http://arxiv.org/abs/2606.09476v1,"cat:cs.RO AND (all:""automatic annotation"" OR all:relabeling OR all:segmentation)","cat:cs.RO AND (all:""automatic annotation"" OR all:relabeling OR all:segmentation)"
arXiv,2606.22251v1,Geometric Reconstruction of Extrinsic Contact Trajectories using Tactile Sensing and Proprioception for Tool Manipulation,Seojung Min; Yoonjin Kim; Jeong-Jung Kim; Jung Kim,2026,arXiv,,http://arxiv.org/abs/2606.22251v1,"cat:cs.RO AND (all:""automatic annotation"" OR all:relabeling OR all:segmentation)","cat:cs.RO AND (all:""automatic annotation"" OR all:relabeling OR all:segmentation)"
arXiv,2604.11585v1,GeomPrompt: Geometric Prompt Learning for RGB-D Semantic Segmentation Under Missing and Degraded Depth,Krishna Jaganathan; Patricio Vela,2026,arXiv,,http://arxiv.org/abs/2604.11585v1,"cat:cs.RO AND (all:""automatic annotation"" OR all:relabeling OR all:segmentation)","cat:cs.RO AND (all:""automatic annotation"" OR all:relabeling OR all:segmentation)"
arXiv,2603.26018v1,GeoReFormer: Geometry-Aware Refinement for Lane Segment Detection and Topology Reasoning,Danny Abraham; Nikhil Kamalkumar Advani; Arun Das; Nikil Dutt,2026,arXiv,,http://arxiv.org/abs/2603.26018v1,"cat:cs.RO AND (all:""automatic annotation"" OR all:relabeling OR all:segmentation)","cat:cs.RO AND (all:""automatic annotation"" OR all:relabeling OR all:segmentation)"
arXiv,2604.08664v1,Generative Simulation for Policy Learning in Physical Human-Robot Interaction,Junxiang Wang; Xinwen Xu; Tiancheng Wu; Julian Millan; Nir Pechuk; Zackory Erickson,2026,arXiv,,http://arxiv.org/abs/2604.08664v1,"cat:cs.RO AND (all:""automatic annotation"" OR all:relabeling OR all:segmentation)","cat:cs.RO AND (all:""automatic annotation"" OR all:relabeling OR all:segmentation)"
arXiv,2603.26412v1,Generalizable task-oriented object grasping through LLM-guided ontology and similarity-based planning,Hao Chen; Takuya Kiyokawa; Weiwei Wan; Kensuke Harada,2026,arXiv,,http://arxiv.org/abs/2603.26412v1,"cat:cs.RO AND (all:""automatic annotation"" OR all:relabeling OR all:segmentation)","cat:cs.RO AND (all:""automatic annotation"" OR all:relabeling OR all:segmentation)"
arXiv,2606.30809v1,GaussLite: Online Task-Conditioned 3D Gaussian Splatting for Real-Time Robotic Mapping,Annika Thomas; Mason Peterson; Jonathan P. How,2026,arXiv,,http://arxiv.org/abs/2606.30809v1,"cat:cs.RO AND (all:""automatic annotation"" OR all:relabeling OR all:segmentation)","cat:cs.RO AND (all:""automatic annotation"" OR all:relabeling OR all:segmentation)"
arXiv,2604.15495v1,GIST: Multimodal Knowledge Extraction and Spatial Grounding via Intelligent Semantic Topology,Shivendra Agrawal; Bradley Hayes,2026,arXiv,,http://arxiv.org/abs/2604.15495v1,"cat:cs.RO AND (all:""automatic annotation"" OR all:relabeling OR all:segmentation)","cat:cs.RO AND (all:""automatic annotation"" OR all:relabeling OR all:segmentation)"
arXiv,2604.07728v1,GEAR: GEometry-motion Alternating Refinement for Articulated Object Modeling with Gaussian Splatting,Jialin Li; Bin Fu; Ruiping Wang; Xilin Chen,2026,arXiv,,http://arxiv.org/abs/2604.07728v1,"cat:cs.RO AND (all:""automatic annotation"" OR all:relabeling OR all:segmentation)","cat:cs.RO AND (all:""automatic annotation"" OR all:relabeling OR all:segmentation)"
arXiv,2606.17520v1,GASE: Gaussian Splatting-Based Automated System for Reconstructing Embodied-Simulation Environments,Jiawei Zhang; Yiming Yan; Chao Liang; Nuo Xu; Seson Sun; Qichen Zhang; Yuhao Xu; Yantai Yang; Yingqiao Wang; Qin Jin; Zhipeng Zhang,2026,arXiv,,http://arxiv.org/abs/2606.17520v1,"cat:cs.RO AND (all:""automatic annotation"" OR all:relabeling OR all:segmentation)","cat:cs.RO AND (all:""automatic annotation"" OR all:relabeling OR all:segmentation)"
arXiv,2606.00886v1,GABI: Geometry-Aware Boundary Integration for Spacecraft Segmentation,Iason Georgios Velentzas; Dhruv Ahuja; Panagiotis Tsiotras,2026,arXiv,,http://arxiv.org/abs/2606.00886v1,"cat:cs.RO AND (all:""automatic annotation"" OR all:relabeling OR all:segmentation)","cat:cs.RO AND (all:""automatic annotation"" OR all:relabeling OR all:segmentation)"
arXiv,2605.06478v1,GA3T: A Ground-Aerial Terrain Traversability Dataset for Heterogeneous Robot Teams in Unstructured Environments,Siwei Cai; Knut Peterson; Quan Tran; Christian Ricks; Dhanush Parthasarathy; Amir Kaidarov; Neil Deshpande; Sukaina Najm; David Han; Lifeng Zhou,2026,arXiv,,http://arxiv.org/abs/2605.06478v1,"cat:cs.RO AND (all:""automatic annotation"" OR all:relabeling OR all:segmentation)","cat:cs.RO AND (all:""automatic annotation"" OR all:relabeling OR all:segmentation)"
arXiv,2604.20191v2,From Scene to Object: Text-Guided Dual-Gaze Prediction,Zehong Ke; Yanbo Jiang; Jinhao Li; Zhiyuan Liu; Yiqian Tu; Qingwen Meng; Heye Huang; Jianqiang Wang,2026,arXiv,,http://arxiv.org/abs/2604.20191v2,"cat:cs.RO AND (all:""automatic annotation"" OR all:relabeling OR all:segmentation)","cat:cs.RO AND (all:""automatic annotation"" OR all:relabeling OR all:segmentation)"
arXiv,2605.04649v1,From Reach to Insert: Tactile-Augmented Precision Assembly under Sub-Millimeter Tolerances,Xinpan Meng; Siyao Huang; JingPu Yang; Muyuan Ma; Zhenghua Ma; Lijun Han; Gao Yuan; Houcheng Li; Long Cheng,2026,arXiv,,http://arxiv.org/abs/2605.04649v1,"cat:cs.RO AND (all:""automatic annotation"" OR all:relabeling OR all:segmentation)","cat:cs.RO AND (all:""automatic annotation"" OR all:relabeling OR all:segmentation)"
arXiv,2607.17323v1,From Perception to Assistance: Open-Vocabulary Shared Autonomy for Robotic Manipulation,Murilo Vinicius da Silva; Ricardo V. Godoy; Juliano Negri; Gustavo J. G. Lahr; Ranulfo Bezerra; Marcelo Becker,2026,arXiv,,http://arxiv.org/abs/2607.17323v1,"cat:cs.RO AND (all:""automatic annotation"" OR all:relabeling OR all:segmentation)","cat:cs.RO AND (all:""automatic annotation"" OR all:relabeling OR all:segmentation)"
arXiv,2605.29565v1,From General Vision to Reliable Traversability Estimation: Adapting Vision Foundation Models for Unstructured Outdoor Environments,Ji-Hoon Hwang; Jisung Bae; Dong-Wook Kim; Yeonkyu Lee; Seung-Woo Seo,2026,arXiv,,http://arxiv.org/abs/2605.29565v1,"cat:cs.RO AND (all:""automatic annotation"" OR all:relabeling OR all:segmentation)","cat:cs.RO AND (all:""automatic annotation"" OR all:relabeling OR all:segmentation)"
arXiv,2604.17231v1,Fringe Projection Based Vision Pipeline for Autonomous Hard Drive Disassembly,Badrinath Balasubramaniam; Vignesh Suresh; Benjamin Metcalf; Beiwen Li,2026,arXiv,,http://arxiv.org/abs/2604.17231v1,"cat:cs.RO AND (all:""automatic annotation"" OR all:relabeling OR all:segmentation)","cat:cs.RO AND (all:""automatic annotation"" OR all:relabeling OR all:segmentation)"
arXiv,2606.32027v2,Freeform Preference Learning for Robotic Manipulation,Marcel Torne; Anubha Mahajan; Abhijnya Bhat; Chelsea Finn,2026,arXiv,,http://arxiv.org/abs/2606.32027v2,"cat:cs.RO AND (all:""automatic annotation"" OR all:relabeling OR all:segmentation)","cat:cs.RO AND (all:""automatic annotation"" OR all:relabeling OR all:segmentation)"
arXiv,2605.13757v1,FrameSkip: Learning from Fewer but More Informative Frames in VLA Training,Bin Yu; Shijie Lian; Xiaopeng Lin; Zhaolong Shen; Yuliang Wei; Changti Wu; Hang Yuan; Haishan Liu; Bailing Wang; Cong Huang; Kai Chen,2026,arXiv,,http://arxiv.org/abs/2605.13757v1,"cat:cs.RO AND (all:""automatic annotation"" OR all:relabeling OR all:segmentation)","cat:cs.RO AND (all:""automatic annotation"" OR all:relabeling OR all:segmentation)"
arXiv,2605.27178v1,FoundObj: Self-supervised Foundation Models as Rewards for Label-free 3D Object Segmentation,Zihui Zhang; Zhixuan Sun; Yafei Yang; Jinxi Li; Jiahao Chen; Bo Yang,2026,arXiv,,http://arxiv.org/abs/2605.27178v1,"cat:cs.RO AND (all:""automatic annotation"" OR all:relabeling OR all:segmentation)","cat:cs.RO AND (all:""automatic annotation"" OR all:relabeling OR all:segmentation)"
arXiv,2606.06461v1,Flow-based Policy Adaptation without Policy Updates,Luzhe Sun; Jingtian Ji; Haoran Chen; Jiawei Zhou; Matthew R. Walter,2026,arXiv,,http://arxiv.org/abs/2606.06461v1,"cat:cs.RO AND (all:""automatic annotation"" OR all:relabeling OR all:segmentation)","cat:cs.RO AND (all:""automatic annotation"" OR all:relabeling OR all:segmentation)"
arXiv,2606.01734v1,FlatVPR: Plug-and-play Geo-linear Residual Adapter for Geometric Rectification of Foundation Model Feature Manifolds,Rai Hisada; Kanji Tanaka,2026,arXiv,,http://arxiv.org/abs/2606.01734v1,"cat:cs.RO AND (all:""automatic annotation"" OR all:relabeling OR all:segmentation)","cat:cs.RO AND (all:""automatic annotation"" OR all:relabeling OR all:segmentation)"
arXiv,2604.09051v1,Fine-Grained Action Segmentation for Renorrhaphy in Robot-Assisted Partial Nephrectomy,Jiaheng Dai; Huanrong Liu; Tailai Zhou; Tongyu Jia; Qin Liu; Yutong Ban; Zeju Li; Yu Gao; Xin Ma; Qingbiao Li,2026,arXiv,,http://arxiv.org/abs/2604.09051v1,"cat:cs.RO AND (all:""automatic annotation"" OR all:relabeling OR all:segmentation)","cat:cs.RO AND (all:""automatic annotation"" OR all:relabeling OR all:segmentation)"
arXiv,2607.28293v1,Filling the Pareto-Optimal Front for Affordance Segmentation on Embedded Devices Using RGB-D Cameras,Edoardo Ragusa; Giovanni Paolo Canuti; Simone Lugani; Rodolfo Zunino; Paolo Gastaldo,2026,arXiv,,http://arxiv.org/abs/2607.28293v1,"cat:cs.RO AND (all:""automatic annotation"" OR all:relabeling OR all:segmentation)","cat:cs.RO AND (all:""automatic annotation"" OR all:relabeling OR all:segmentation)"
arXiv,2604.18831v1,Feasibility of Indoor Frame-Wise Lidar Semantic Segmentation via Distillation from Visual Foundation Model,Haiyang Wu; Juan J. Gonzales Torres; George Vosselman; Ville Lehtola,2026,arXiv,,http://arxiv.org/abs/2604.18831v1,"cat:cs.RO AND (all:""automatic annotation"" OR all:relabeling OR all:segmentation)","cat:cs.RO AND (all:""automatic annotation"" OR all:relabeling OR all:segmentation)"
arXiv,2604.10951v1,Fast-SegSim: Real-Time Open-Vocabulary Segmentation for Robotics in Simulation,Xuan Yu; Yuxuan Xie; Shichao Zhai; Shuhao Ye; Rong Xiong; Yue Wang,2026,arXiv,,http://arxiv.org/abs/2604.10951v1,"cat:cs.RO AND (all:""automatic annotation"" OR all:relabeling OR all:segmentation)","cat:cs.RO AND (all:""automatic annotation"" OR all:relabeling OR all:segmentation)"
arXiv,2605.03669v1,FUS3DMaps: Scalable and Accurate Open-Vocabulary Semantic Mapping by 3D Fusion of Voxel- and Instance-Level Layers,Timon Homberger; Finn Lukas Busch; Jesús Gerardo Ortega Peimbert; Quantao Yang; Olov Andersson,2026,arXiv,,http://arxiv.org/abs/2605.03669v1,"cat:cs.RO AND (all:""automatic annotation"" OR all:relabeling OR all:segmentation)","cat:cs.RO AND (all:""automatic annotation"" OR all:relabeling OR all:segmentation)"
arXiv,2606.17630v1,FLAP: FOV-Constrained Active Perception Planning for Prior-Map-Free 3D Navigation,Mengke Zhang; Sitong Li; Tiancheng Lai; Ruitian Pang; Mingxuan Zhang; Qingcheng Chen; Fei Gao; Chao Xu; Yanjun Cao,2026,arXiv,,http://arxiv.org/abs/2606.17630v1,"cat:cs.RO AND (all:""automatic annotation"" OR all:relabeling OR all:segmentation)","cat:cs.RO AND (all:""automatic annotation"" OR all:relabeling OR all:segmentation)"
arXiv,2603.10451v1,FAR-Dex: Few-shot Data Augmentation and Adaptive Residual Policy Refinement for Dexterous Manipulation,Yushan Bai; Fulin Chen; Hongzheng Sun; Yuchuang Tong; En Li; Zhengtao Zhang,2026,arXiv,,http://arxiv.org/abs/2603.10451v1,"cat:cs.RO AND all:""data quality""","cat:cs.RO AND all:""data quality"""
arXiv,2606.12406v1,FACTR 2: Learning External Force Sensing for Commodity Robot Arms Improves Policy Learning,Steven Oh; Jason Jingzhou Liu; Tony Tao; Philip Han; Kenneth Shaw; Satoshi Funabashi; Ruslan Salakhutdinov; Deepak Pathak,2026,arXiv,,http://arxiv.org/abs/2606.12406v1,"cat:cs.RO AND (all:""automatic annotation"" OR all:relabeling OR all:segmentation)","cat:cs.RO AND (all:""automatic annotation"" OR all:relabeling OR all:segmentation)"
arXiv,2607.20110v1,Extreme-RGMT: Continual Learning of Highly Dynamic Skills for Robust Generalist Humanoid Control,Yubiao Ma; Han Yu; Kai Guo; Changtai Lv; Zhengquan Mao; Boyang Xing; Xuemei Ren; Dongdong Zheng,2026,arXiv,,http://arxiv.org/abs/2607.20110v1,"cat:cs.RO AND (all:""automatic annotation"" OR all:relabeling OR all:segmentation)","cat:cs.RO AND (all:""automatic annotation"" OR all:relabeling OR all:segmentation)"
arXiv,2605.28312v1,EventShiftFlow: Towards Hardware-efficient FPGA-based Flow Estimation,Arianna Alonso Bizzi; Fernando Cladera; C. J. Taylor,2026,arXiv,,http://arxiv.org/abs/2605.28312v1,"cat:cs.RO AND (all:""automatic annotation"" OR all:relabeling OR all:segmentation)","cat:cs.RO AND (all:""automatic annotation"" OR all:relabeling OR all:segmentation)"
arXiv,2605.13152v1,EvObj: Learning Evolving Object-centric Representations for 3D Instance Segmentation without Scene Supervision,Jiahao Chen; Zihui Zhang; Yafei Yang; Jinxi Li; Shenxing Wei; Zhixuan Sun; Bo Yang,2026,arXiv,,http://arxiv.org/abs/2605.13152v1,"cat:cs.RO AND (all:""automatic annotation"" OR all:relabeling OR all:segmentation)","cat:cs.RO AND (all:""automatic annotation"" OR all:relabeling OR all:segmentation)"
arXiv,2604.22189v2,Energy-Efficient Multi-Robot Coverage Path Planning of Non-Convex Regions of Interests,Sourav Raxit; Jose Fuentes; Paulo Padrao; Abdullah Al Redwan Newaz; Md Tamjidul Hoque; Mark Kulp; Leonardo Bobadilla,2026,arXiv,,http://arxiv.org/abs/2604.22189v2,"cat:cs.RO AND (all:""automatic annotation"" OR all:relabeling OR all:segmentation)","cat:cs.RO AND (all:""automatic annotation"" OR all:relabeling OR all:segmentation)"
arXiv,2605.29773v1,Energy-Aware NECO for Single-Pass Pixel-wise Out-of-Distribution Detection in Semantic Segmentation,Boyuan Zhang; Huanshan Huang; Yifei Cao,2026,arXiv,,http://arxiv.org/abs/2605.29773v1,"cat:cs.RO AND (all:""automatic annotation"" OR all:relabeling OR all:segmentation)","cat:cs.RO AND (all:""automatic annotation"" OR all:relabeling OR all:segmentation)"
arXiv,2607.12065v1,Enabling 24-hour Agricultural Robotics: Unsupervised Day-to-Night Cross-Modal Image Translation for Nighttime Visual Navigation,Robel Mamo; Rajitha de Silva; Grzegorz Cielniak; Taeyeong Choi,2026,arXiv,,http://arxiv.org/abs/2607.12065v1,"cat:cs.RO AND (all:""automatic annotation"" OR all:relabeling OR all:segmentation)","cat:cs.RO AND (all:""automatic annotation"" OR all:relabeling OR all:segmentation)"
arXiv,2606.01605v2,Embedding Semantic Risk into Distance Fields and CBFs for Online Monocular Safe Control,Dawei Zhang; Nuo Chen; Shuo Liu; Roberto Tron; Zhiwen Fan,2026,arXiv,,http://arxiv.org/abs/2606.01605v2,"cat:cs.RO AND (all:""automatic annotation"" OR all:relabeling OR all:segmentation)","cat:cs.RO AND (all:""automatic annotation"" OR all:relabeling OR all:segmentation)"
arXiv,2607.19745v2,EgoRecovery: Acquiring Failure Recovery Ability Through Human Recovery Demonstration,Zuhao Ge; Yuchen Zhou; Weitao Zhou; Minglei Li; Xinyu Li; Chao Wu; Hanwen Zhao; Haotian Wang; Zuxuan Wu; Xiaosong Jia; Yu-Gang Jiang,2026,arXiv,,http://arxiv.org/abs/2607.19745v2,"cat:cs.RO AND (all:""automatic annotation"" OR all:relabeling OR all:segmentation)","cat:cs.RO AND (all:""automatic annotation"" OR all:relabeling OR all:segmentation)"
arXiv,2604.23570v1,EgoLive: A Large-Scale Egocentric Dataset from Real-World Human Tasks,Yihang Li; Xuelong Wei; Jingzhou Luo; Yingjing Xiao; Yibo Bai; Guangyuan Zhou; Teng Zou; Chenguang Gui; Jiajun Wen; He Zhang; Kangliang Chen; Xing Pan; Shuaiyan Liu; Daming Wang; Tao An; Jiayi Li; Shibo Jin; Wanwan Zhang; Tianyu Wang; Boren Wei; Zhixuan Huang; Fangsheng Liu; Ruodai Li; Hui Zhang; Anson Li; Yicheng Gong; Peng Cao; Jiaming Liang; Liang Lin,2026,arXiv,,http://arxiv.org/abs/2604.23570v1,"cat:cs.RO AND all:""data quality""","cat:cs.RO AND all:""data quality"""
arXiv,2606.17385v2,EgoInfinity: A Web-Scale 4D Hand-Object Interaction Data Engine for Any-View Robot Retargeting and Video-to-Action Robot Learning,Gaotian Wang; Kejia Ren; Andrew Morgan; Yiting Chen; Howard H. Qian; Podshara Chanrungmaneekul; Kaiyu Hang,2026,arXiv,,http://arxiv.org/abs/2606.17385v2,"cat:cs.RO AND (all:""automatic annotation"" OR all:relabeling OR all:segmentation)","cat:cs.RO AND (all:""automatic annotation"" OR all:relabeling OR all:segmentation)"
arXiv,2606.14665v1,EgoGuide: Egocentric Guidance for Efficient Robot-Free Demonstration Collection and Learning,Yue Xu; Mingtao Nie; Tianle Li; Hong Li; Yibo Luo; Siyuan Huang; Yong-Lu Li,2026,arXiv,,http://arxiv.org/abs/2606.14665v1,"cat:cs.RO AND all:""data quality""","cat:cs.RO AND all:""data quality"""
arXiv,2605.09801v1,Efficient Multi-Robot Motion Planning with Precomputed Translation-Invariant Edge Bundles,Himanshu Gupta; Paul Motter; Aritra Chakrabarty; Rishabh Sodani; Srikrishna Bangalore Raghu; Alessandro Roncone; Bradley Hayes; Zachary Sunberg,2026,arXiv,,http://arxiv.org/abs/2605.09801v1,"cat:cs.RO AND (all:""automatic annotation"" OR all:relabeling OR all:segmentation)","cat:cs.RO AND (all:""automatic annotation"" OR all:relabeling OR all:segmentation)"
arXiv,2604.22992v1,Efficient Image Annotation via Semi-Supervised Object Segmentation with Label Propagation,Vitalii Tutevych; Raphael Memmesheimer; Luca Eichler; Dmytro Pavlichenko; Fynn Schilke; Rodja Krudewig; Sven Behnke,2026,arXiv,,http://arxiv.org/abs/2604.22992v1,"cat:cs.RO AND (all:""automatic annotation"" OR all:relabeling OR all:segmentation)","cat:cs.RO AND (all:""automatic annotation"" OR all:relabeling OR all:segmentation)"
arXiv,2603.12769v1,Easy-IIL: Reducing Human Operational Burden in Interactive Imitation Learning via Assistant Experts,Chengjie Zhang; Chao Tang; Wenlong Dong; Dehao Huang; Aoxiang Gu; Hong Zhang,2026,arXiv,,http://arxiv.org/abs/2603.12769v1,"cat:cs.RO AND all:""data quality""","cat:cs.RO AND all:""data quality"""
arXiv,2607.11427v1,EDAR: Learning Environment-Dependent Action Representations for Robotic Manipulation,Yuecheng Xu; Tong Yang; Jingkai Jia; Chi Zhang; Xuelong Li; Wenqiang Zhang,2026,arXiv,,http://arxiv.org/abs/2607.11427v1,"cat:cs.RO AND (all:""automatic annotation"" OR all:relabeling OR all:segmentation)","cat:cs.RO AND (all:""automatic annotation"" OR all:relabeling OR all:segmentation)"
arXiv,2603.27757v2,"E-TIDE: Fast, Structure-Preserving Motion Forecasting from Event Sequences",Biswadeep Sen; Benoit R. Cottereau; Nicolas Cuperlier; Terence Sim,2026,arXiv,,http://arxiv.org/abs/2603.27757v2,"cat:cs.RO AND (all:""automatic annotation"" OR all:relabeling OR all:segmentation)","cat:cs.RO AND (all:""automatic annotation"" OR all:relabeling OR all:segmentation)"
arXiv,2603.26638v1,Drive-Through 3D Vehicle Exterior Reconstruction via Dynamic-Scene SfM and Distortion-Aware Gaussian Splatting,Nitin Kulkarni; Akhil Devarashetti; Charlie Cluss; Livio Forte; Philip Schneider; Chunming Qiao; Alina Vereshchaka,2026,arXiv,,http://arxiv.org/abs/2603.26638v1,"cat:cs.RO AND (all:""automatic annotation"" OR all:relabeling OR all:segmentation)","cat:cs.RO AND (all:""automatic annotation"" OR all:relabeling OR all:segmentation)"
arXiv,2606.22397v1,Do Rigid-Body Simulators Dream of Soft Robots? Learning Contact-Rich Manipulation for Tendon-Driven Continuum Robots,Chengnan Shentu; Nicholas Baldassini; Tongjia Zheng; Priyanka Rao; Jessica Burgner-Kahrs,2026,arXiv,,http://arxiv.org/abs/2606.22397v1,"cat:cs.RO AND (all:""automatic annotation"" OR all:relabeling OR all:segmentation)","cat:cs.RO AND (all:""automatic annotation"" OR all:relabeling OR all:segmentation)"
arXiv,2607.24482v1,Distributed Coordination for Resilient Multi-UAV Remote Sensing: A Photovoltaic Inspection Case Study,Guillermo GP-Lenza; Miguel Fernandez-Cortizas; Martin Molina; Pascual Campoy,2026,arXiv,,http://arxiv.org/abs/2607.24482v1,"cat:cs.RO AND all:""data quality""","cat:cs.RO AND all:""data quality"""
arXiv,2607.19919v1,Diffusion ReRoll: Revisable Denoising for Robotic Sequential Prediction,Seonsoo Kim; Seongil Hong; Jun-Gill Kang,2026,arXiv,,http://arxiv.org/abs/2607.19919v1,"cat:cs.RO AND (all:""automatic annotation"" OR all:relabeling OR all:segmentation)","cat:cs.RO AND (all:""automatic annotation"" OR all:relabeling OR all:segmentation)"
arXiv,2606.11019v1,Diffusion Forcing Planner: History-Annealed Planning with Time-Dependent Guidance for Autonomous Driving,Zehan Zhang; Neng Zhang; Yaoyi Li; Jia Cai; Zhiling Wang,2026,arXiv,,http://arxiv.org/abs/2606.11019v1,"cat:cs.RO AND (all:""automatic annotation"" OR all:relabeling OR all:segmentation)","cat:cs.RO AND (all:""automatic annotation"" OR all:relabeling OR all:segmentation)"
arXiv,2605.18722v1,Dexora: Open-source VLA for High-DoF Bimanual Dexterity,Zongzheng Zhang; Jingrui Pang; Zhuo Yang; Kun Li; Minwen Liao; Saining Zhang; Guoxuan Chi; Jinbang Guo; Huan-ang Gao; Modi Shi; Dongyun Ge; Yao Mu; Jiayuan Gu; Rui Chen; Hao Dong; Huazhe Xu; Li Yi; Yixin Zhu; Hang Zhao; Pengwei Wang; Shanghang Zhang; Guocai Yao; Jianyu Chen; Hongyang Li; Hao Zhao,2026,arXiv,,http://arxiv.org/abs/2605.18722v1,"cat:cs.RO AND all:""data quality""","cat:cs.RO AND all:""data quality"""
arXiv,2603.28594v2,Detection of Adversarial Attacks in Robotic Perception,Ziad Sharawy; Mohammad Nakshbandi; Sorin Mihai Grigorescu,2026,arXiv,,http://arxiv.org/abs/2603.28594v2,"cat:cs.RO AND (all:""automatic annotation"" OR all:relabeling OR all:segmentation)","cat:cs.RO AND (all:""automatic annotation"" OR all:relabeling OR all:segmentation)"
arXiv,2603.29646v1,Design and Aerodynamic Modeling of MetaMorpher: A Hybrid Rotary andFixed-Wing Morphing UAV,Anja Bosak; Dorian Erić; Ana Milas; Stjepan Bogdan,2026,arXiv,,http://arxiv.org/abs/2603.29646v1,"cat:cs.RO AND (all:""automatic annotation"" OR all:relabeling OR all:segmentation)","cat:cs.RO AND (all:""automatic annotation"" OR all:relabeling OR all:segmentation)"
arXiv,2607.13033v1,DenseReward: Dense Reward Learning via Failure Synthesis for Robotic Manipulation,Yu Fang; Wanxi Dong; Jiaqi Liu; Yue Yang; Mingxiao Huo; Yao Mu; Huaxiu Yao; Li Erran Li; Daniel Szafir; Mingyu Ding,2026,arXiv,,http://arxiv.org/abs/2607.13033v1,"cat:cs.RO AND (all:""automatic annotation"" OR all:relabeling OR all:segmentation)","cat:cs.RO AND (all:""automatic annotation"" OR all:relabeling OR all:segmentation)"
arXiv,2606.22116v1,DeformX: A Versatile Co-Simulation Framework for Deformable Linear Objects,Yi Yang; Xiang Fei; Lehong Wang; Chenhao Li; Zilin Dai; Henry Kou; Lu Li; Howie Choset,2026,arXiv,,http://arxiv.org/abs/2606.22116v1,"cat:cs.RO AND (all:""automatic annotation"" OR all:relabeling OR all:segmentation)","cat:cs.RO AND (all:""automatic annotation"" OR all:relabeling OR all:segmentation)"
arXiv,2604.23693v2,Decentralized Heterogeneous Multi-Robot Collaborative Exploration for Indoor and Outdoor 3D Environments,Yuxiang Li; Kun Chen; Jiancheng Wang; Shihao Fang; Haoyao Chen; Yunhui Liu,2026,arXiv,,http://arxiv.org/abs/2604.23693v2,"cat:cs.RO AND (all:""automatic annotation"" OR all:relabeling OR all:segmentation)","cat:cs.RO AND (all:""automatic annotation"" OR all:relabeling OR all:segmentation)"
arXiv,2602.11890v1,Data-Driven Trajectory Imputation for Vessel Mobility Analysis,Giannis Spiliopoulos; Alexandros Troupiotis-Kapeliaris; Kostas Patroumpas; Nikolaos Liapis; Dimitrios Skoutas; Dimitris Zissis; Nikos Bikakis,2026,arXiv,,http://arxiv.org/abs/2602.11890v1,"cat:cs.RO AND all:""data quality""","cat:cs.RO AND all:""data quality"""
arXiv,2607.15982v1,Data and Learning Where it Matters for Contact-Rich Manipulation,Oliver Hausdörfer; Linus Schwarz; Gabor Marko; Christian Dietz; Timo Class; Luka Hofer; Jim Yun-Jin Li; Johannes Hechtl; Ralf Römer; Angela P. Schoellig,2026,arXiv,,http://arxiv.org/abs/2607.15982v1,"cat:cs.RO AND (all:""automatic annotation"" OR all:relabeling OR all:segmentation)","cat:cs.RO AND (all:""automatic annotation"" OR all:relabeling OR all:segmentation)"
arXiv,2607.24744v1,Data Pyramid for Embodied Manipulation,Yifan Ye; Yankai Fu; Yaoxu Lv; Bohan Hou; Jun Cen; Lingdong Kong; Duo Zheng; Tianxing Chen; Jiaming Liu; Ziang Cao; Yunfan Lou; Wei Chow; Xian Sun; Yingshuo Wang; Kuangzhi Ge; Xiaowei Chi; Xidong Zhang; Zhibo Pang; Yiwu Zhong; Sirui Han; Zhihe Lu; Weihao Yuan; Qifeng Chen; Michael Yu Wang; Yao Mu; Ziwei Liu; Jianfei Yang; Ping Luo; Shanghang Zhang,2026,arXiv,,http://arxiv.org/abs/2607.24744v1,"cat:cs.RO AND all:""data quality""","cat:cs.RO AND all:""data quality"""
arXiv,2603.26263v1,DRUM: Diffusion-based Raydrop-aware Unpaired Mapping for Sim2Real LiDAR Segmentation,Tomoya Miyawaki; Kazuto Nakashima; Yumi Iwashita; Ryo Kurazume,2026,arXiv,,http://arxiv.org/abs/2603.26263v1,"cat:cs.RO AND (all:""automatic annotation"" OR all:relabeling OR all:segmentation)","cat:cs.RO AND (all:""automatic annotation"" OR all:relabeling OR all:segmentation)"
arXiv,2607.16012v1,DPNeXt: A Lightweight Multi-Scale Feature Fusion Framework for Efficient ViT-Based Multi-Task Dense Prediction,Jehun Kang; Jungha Wang; Youngjun Hwang; David Hyunchul Shim,2026,arXiv,,http://arxiv.org/abs/2607.16012v1,"cat:cs.RO AND (all:""automatic annotation"" OR all:relabeling OR all:segmentation)","cat:cs.RO AND (all:""automatic annotation"" OR all:relabeling OR all:segmentation)"
arXiv,2605.29879v2,DGSG-Mind: Dynamic 3D Gaussian Scene Graphs for Long-Term Scene Understanding and Grounding,Luzhou Ge; Xiangyu Zhu; Jinyan Liu; Xuesong Li,2026,arXiv,,http://arxiv.org/abs/2605.29879v2,"cat:cs.RO AND (all:""automatic annotation"" OR all:relabeling OR all:segmentation)","cat:cs.RO AND (all:""automatic annotation"" OR all:relabeling OR all:segmentation)"
arXiv,2606.22439v1,Curvature-aware 3D length estimation of greenhouse cucumbers using RGB-D imaging and cubic spline arc-length integration,Manveen Kaur; Rajmeet Singh; Saeed Mozaffri; Shahpour Alirezaee,2026,arXiv,,http://arxiv.org/abs/2606.22439v1,"cat:cs.RO AND (all:""automatic annotation"" OR all:relabeling OR all:segmentation)","cat:cs.RO AND (all:""automatic annotation"" OR all:relabeling OR all:segmentation)"
arXiv,2605.24810v1,Cross-Domain Energy-Guided Diffusion Generation for Off-Dynamics Reinforcement Learning,Yu Yang; Yihong Guo; Anqi Liu; Pan Xu,2026,arXiv,,http://arxiv.org/abs/2605.24810v1,"cat:cs.RO AND all:""data filtering""","cat:cs.RO AND all:""data filtering"""
arXiv,2606.29898v1,Critical Interval MSE: Toward Reliable Offline Validation for Robot Manipulation Policies,Haoxu Huang; Tongsam Zheng; Yifan Chen; Jiacheng You; Yang Gao,2026,arXiv,,http://arxiv.org/abs/2606.29898v1,"cat:cs.RO AND (all:""automatic annotation"" OR all:relabeling OR all:segmentation)","cat:cs.RO AND (all:""automatic annotation"" OR all:relabeling OR all:segmentation)"
arXiv,2605.19120v1,"CosFly: Plan in the Matrix, Fly in the World",Hanxuan Chen; Xiangyue Wang; Songsheng Cheng; Ruilong Ren; Jie Zheng; Shuai Yuan; Tianle Zeng; Hanzhong Guo; Binbo Li; Kangli Wang; Ji Pei,2026,arXiv,,http://arxiv.org/abs/2605.19120v1,"cat:cs.RO AND (all:""automatic annotation"" OR all:relabeling OR all:segmentation)","cat:cs.RO AND (all:""automatic annotation"" OR all:relabeling OR all:segmentation)"
arXiv,2605.17776v2,CosFly-Track: A Large-Scale Multi-Modal Dataset for UAV Visual Tracking via Multi-Constraint Trajectory Optimization,Xiangyue Wang; Hanxuan Chen; Songsheng Cheng; Ruilong Ren; Jie Zheng; Shuai Yuan; Tianle Zeng; Hanzhong Guo; Kangli Wang; Ji Pei,2026,arXiv,,http://arxiv.org/abs/2605.17776v2,"cat:cs.RO AND (all:""automatic annotation"" OR all:relabeling OR all:segmentation)","cat:cs.RO AND (all:""automatic annotation"" OR all:relabeling OR all:segmentation)"
arXiv,2607.05377v1,Cortex: A Bidirectionally Aligned Embodied Agent Framework for Long-horizon Manipulation,Jiaqi Peng; Xiqian Yu; Delin Feng; Yuqiang Yang; Wenzhe Cai; Jing Xiong; Ganlin Yang; Jinliang Zheng; Jiafei Cao; Xueyuan Wei; Jiangmiao Pang; Yuan Shen; Tai Wang,2026,arXiv,,http://arxiv.org/abs/2607.05377v1,"cat:cs.RO AND (all:""automatic annotation"" OR all:relabeling OR all:segmentation)","cat:cs.RO AND (all:""automatic annotation"" OR all:relabeling OR all:segmentation)"
arXiv,2607.02884v1,Continuous-Time Gaussian Belief Trees for Motion Planning,Rayan Mazouz; Qi Heng Ho; Zachary N. Sunberg; Morteza Lahijanian,2026,arXiv,,http://arxiv.org/abs/2607.02884v1,"cat:cs.RO AND (all:""automatic annotation"" OR all:relabeling OR all:segmentation)","cat:cs.RO AND (all:""automatic annotation"" OR all:relabeling OR all:segmentation)"
arXiv,2604.15638v1,Contact-Aware Planning and Control of Continuum Robots in Highly Constrained Environments,Aedan Mangan; Kehan Long; Ki Myung Brian Lee; Miheer Potdar; Nikolay Atanasov; Tania K. Morimoto,2026,arXiv,,http://arxiv.org/abs/2604.15638v1,"cat:cs.RO AND (all:""automatic annotation"" OR all:relabeling OR all:segmentation)","cat:cs.RO AND (all:""automatic annotation"" OR all:relabeling OR all:segmentation)"
arXiv,2607.07129v1,Compositional Motion Generation from Demonstration with Object-Centric Neural Fields,Ahmet Ercan Tekden; Yasemin Bekiroglu,2026,arXiv,,http://arxiv.org/abs/2607.07129v1,"cat:cs.RO AND (all:""automatic annotation"" OR all:relabeling OR all:segmentation)","cat:cs.RO AND (all:""automatic annotation"" OR all:relabeling OR all:segmentation)"
arXiv,2605.30488v1,CoMo3R-SLAM: Collaborative Monocular Dense SLAM with Learned 3D Reconstruction Priors for Outdoor Multi-Agent Systems,Zhihao Cao; Qi Shao; Shuhao Zhai; Feng Tian; Anh Nguyen; Hesheng Wang; Baoru Huang,2026,arXiv,,http://arxiv.org/abs/2605.30488v1,"cat:cs.RO AND (all:""automatic annotation"" OR all:relabeling OR all:segmentation)","cat:cs.RO AND (all:""automatic annotation"" OR all:relabeling OR all:segmentation)"
arXiv,2606.09919v1,Co-GLANCE: Uncertainty-Aware Active Perception for Heterogeneous Robot Teaming,Michal P. Podolinsky; Neel P. Bhatt; Pranay Samineni; Rohan Siva; Christian Ellis; Ufuk Topcu,2026,arXiv,,http://arxiv.org/abs/2606.09919v1,"cat:cs.RO AND (all:""automatic annotation"" OR all:relabeling OR all:segmentation)","cat:cs.RO AND (all:""automatic annotation"" OR all:relabeling OR all:segmentation)"
arXiv,2605.26349v1,Closing the Loop in Teleoperation: Episode-Level Data Quality Assessment and Feedback for High-Quality Demonstration Collection,Gokul Narayanan; Yash Shahapurkar; Melih Erdogan; Brian Zhu; Eugen Solowjow,2026,arXiv,,http://arxiv.org/abs/2605.26349v1,"cat:cs.RO AND all:""data quality""","cat:cs.RO AND all:""data quality"""
arXiv,2606.22836v1,Cloak: Zero-Shot Cross-Embodiment Manipulation by Masking the End-Effector from the VLA,Michael Piseno; Guy Tevet; C. Karen Liu,2026,arXiv,,http://arxiv.org/abs/2606.22836v1,"cat:cs.RO AND (all:""automatic annotation"" OR all:relabeling OR all:segmentation)","cat:cs.RO AND (all:""automatic annotation"" OR all:relabeling OR all:segmentation)"
arXiv,2606.06618v1,ChronoForest: Closed-Loop Multi-Tree Diffusion Planning for Efficient Bridge Search and Route Composition,Jungmin Seo; Jaesik Park,2026,arXiv,,http://arxiv.org/abs/2606.06618v1,"cat:cs.RO AND (all:""automatic annotation"" OR all:relabeling OR all:segmentation)","cat:cs.RO AND (all:""automatic annotation"" OR all:relabeling OR all:segmentation)"
arXiv,2606.27676v1,CWI: Composite Humanoid Whole-Body Imitation System for Loco-manipulation,Wenqi Ge; Junde Guo; Zhen Fu; Shunpeng Yang; Jiayu Chen; Hua Chen,2026,arXiv,,http://arxiv.org/abs/2606.27676v1,"cat:cs.RO AND all:""data filtering""","cat:cs.RO AND all:""data filtering"""
arXiv,2604.25388v1,COMPASS: COmpact Multi-channel Prior-map And Scene Signature for Floor-Plan-Based Visual Localization,Muhammad Shaheer; Miguel Fernandez-Cortizas; Asier Bikandi-Noya; Holger Voos; Jose Luis Sanchez-Lopez,2026,arXiv,,http://arxiv.org/abs/2604.25388v1,"cat:cs.RO AND (all:""automatic annotation"" OR all:relabeling OR all:segmentation)","cat:cs.RO AND (all:""automatic annotation"" OR all:relabeling OR all:segmentation)"
arXiv,2605.19138v2,COBALT: Crowdsourcing Robot Learning via Cloud-Based Teleoperation with Smartphones,Ayush Agarwal; Ansh Gandhi; Jeremy A. Collins; Omar Rayyan; Aryan Sarswat; Ranjani Koushik; Masoud Moghani; Ajay Mandlekar; Animesh Garg,2026,arXiv,,http://arxiv.org/abs/2605.19138v2,"cat:cs.RO AND all:""data quality""","cat:cs.RO AND all:""data quality"""
arXiv,2604.11251v3,CLAW: Composable Language-Annotated Whole-body Motion Generation,Jianuo Cao; Yuxin Chen; Masayoshi Tomizuka,2026,arXiv,,http://arxiv.org/abs/2604.11251v3,"cat:cs.RO AND (all:""automatic annotation"" OR all:relabeling OR all:segmentation)","cat:cs.RO AND (all:""automatic annotation"" OR all:relabeling OR all:segmentation)"
arXiv,2607.04816v1,CAC-VLA: Context-Gated Action Conditioning for Vision-Language-Action Models,Yifu Xiong; Wenhao Yu; Jiaxuan Lin; Bojun Zou; Jiahao Li; Lu Zhang; Yanyong Zhang; Jianmin Ji,2026,arXiv,,http://arxiv.org/abs/2607.04816v1,"cat:cs.RO AND (all:""automatic annotation"" OR all:relabeling OR all:segmentation)","cat:cs.RO AND (all:""automatic annotation"" OR all:relabeling OR all:segmentation)"
arXiv,2606.19258v1,CABLE: Cloud-Assisted Bandwidth-efficient LMM-based Encoding for V2X Systems,Haohua Que; Zhipeng Bao; Qianyi Wu; Handong Yao,2026,arXiv,,http://arxiv.org/abs/2606.19258v1,"cat:cs.RO AND (all:""automatic annotation"" OR all:relabeling OR all:segmentation)","cat:cs.RO AND (all:""automatic annotation"" OR all:relabeling OR all:segmentation)"
arXiv,2606.27962v2,"Building a Scalable, Reproducible, Evaluatable, and Closed-Loop Simulation Environment Foundation for Embodied Intelligence",Junwu Xiong; Yongjian Guo; Mingxi Luo; Ning Qiao; Lei Kang; Song Wang; Yince Gao; Chenfeng Gu; Zhen Sun; Haoran Li; Wei Lu; Yucheng Guo; Shuai Di; Xiaodong Bai; Haoran Sun; Jing Long; Jiaxuan Gao; Hui Zhang; Peng Hao; Lu Lu,2026,arXiv,,http://arxiv.org/abs/2606.27962v2,"cat:cs.RO AND all:""data filtering""","cat:cs.RO AND all:""data filtering"""
arXiv,2604.03759v1,Build on Priors: Vision--Language--Guided Neuro-Symbolic Imitation Learning for Data-Efficient Real-World Robot Manipulation,Pierrick Lorang; Johannes Huemer; Timothy Duggan; Kai Goebel; Patrik Zips; Matthias Scheutz,2026,arXiv,,http://arxiv.org/abs/2604.03759v1,"cat:cs.RO AND (all:""automatic annotation"" OR all:relabeling OR all:segmentation)","cat:cs.RO AND (all:""automatic annotation"" OR all:relabeling OR all:segmentation)"
arXiv,2606.26603v1,Bridging Handheld and Teleoperated Supervision for Contact-Rich Manipulation via State-Gated Experts,Vidullan Surendran; Neehar Peri; David Watkins,2026,arXiv,,http://arxiv.org/abs/2606.26603v1,"cat:cs.RO AND (all:""automatic annotation"" OR all:relabeling OR all:segmentation)","cat:cs.RO AND (all:""automatic annotation"" OR all:relabeling OR all:segmentation)"
arXiv,2606.21594v1,Boundary-by-Mask: Few-Shot Instance Segmentation with Mask-Conditioned Boundary Learning for Texture-Poor Industrial Parts,Yutaka Yoshinaga; Naoya Chiba; Koichi Hashimoto,2026,arXiv,,http://arxiv.org/abs/2606.21594v1,"cat:cs.RO AND (all:""automatic annotation"" OR all:relabeling OR all:segmentation)","cat:cs.RO AND (all:""automatic annotation"" OR all:relabeling OR all:segmentation)"
arXiv,2606.16902v1,Binary Tracking for Spatial QA and Navigation with Open Vision-Language Models,Dongbin Na; Chanwoo Kim; Soonbin Rho; Giyun Choi; Gangbok Lee; Dooyoung Hong,2026,arXiv,,http://arxiv.org/abs/2606.16902v1,"cat:cs.RO AND (all:""automatic annotation"" OR all:relabeling OR all:segmentation)","cat:cs.RO AND (all:""automatic annotation"" OR all:relabeling OR all:segmentation)"
arXiv,2606.25829v1,Beyond a Shadow of a Doubt: Close Proximity Geometry Reconstruction Using FMCW Radar Shadow Effects,Felix de Trogoff du Boisguezennec; Benjamin Ramtoula; Daniele De Martini,2026,arXiv,,http://arxiv.org/abs/2606.25829v1,"cat:cs.RO AND (all:""automatic annotation"" OR all:relabeling OR all:segmentation)","cat:cs.RO AND (all:""automatic annotation"" OR all:relabeling OR all:segmentation)"
arXiv,2606.24633v2,Beyond Monotonic Progress: Retry-Supervised Value Learning for Robot Imitation,Xinyao Qin; Junjie Lu; Kaixin Wang; Chuheng Zhang; Sinjae Kang; Kimin Lee; Min Xu; Bin Liang; Jun Yang; Li Zhao,2026,arXiv,,http://arxiv.org/abs/2606.24633v2,"cat:cs.RO AND (all:""automatic annotation"" OR all:relabeling OR all:segmentation)","cat:cs.RO AND (all:""automatic annotation"" OR all:relabeling OR all:segmentation)"
arXiv,2607.05348v1,Beyond Isolated Objects: Relationship-aware Open Vocabulary Scene Understanding via 3D Scene Graph Analysis,Xianhao Chen; Jiarui Hu; Yuanbo Yang; Xiyu Zhang; Tengyue Wang; Hujun Bao; Guofeng Zhang; Zhaopeng Cui,2026,arXiv,,http://arxiv.org/abs/2607.05348v1,"cat:cs.RO AND (all:""automatic annotation"" OR all:relabeling OR all:segmentation)","cat:cs.RO AND (all:""automatic annotation"" OR all:relabeling OR all:segmentation)"
arXiv,2606.00318v1,Belief Consistency Between Foundation-Model Evidence and Geometric Perception in Persistent Robotic Maps,Christoffer Heckman; Harel Biggie; Brendan Crowe; Nicholas Roy,2026,arXiv,,http://arxiv.org/abs/2606.00318v1,"cat:cs.RO AND (all:""automatic annotation"" OR all:relabeling OR all:segmentation)","cat:cs.RO AND (all:""automatic annotation"" OR all:relabeling OR all:segmentation)"
arXiv,2605.13548v3,AttenA+: Rectifying Action Inequality in Robotic Foundation Models,Daojie Peng; Fulong Ma; Jiahang Cao; Qiang Zhang; Xupeng Xie; Jian Guo; Ping Luo; Andrew F. Luo; Boyu Zhou; Jun Ma,2026,arXiv,,http://arxiv.org/abs/2605.13548v3,"cat:cs.RO AND (all:""automatic annotation"" OR all:relabeling OR all:segmentation)","cat:cs.RO AND (all:""automatic annotation"" OR all:relabeling OR all:segmentation)"
arXiv,2607.27749v1,Articulated Object Reconstruction from Rest-State Observation,Daeun Lee; Jaeah Lee; Woosung Kim; Haebeom Jung; Jaesik Park,2026,arXiv,,http://arxiv.org/abs/2607.27749v1,"cat:cs.RO AND (all:""automatic annotation"" OR all:relabeling OR all:segmentation)","cat:cs.RO AND (all:""automatic annotation"" OR all:relabeling OR all:segmentation)"
arXiv,2606.17446v1,AnnotateAnything: Automatic Annotation of 3D Assets for Robot Manipulation,Haoran Lu; Mutian Shen; Shuyang Yu; Yu Xiao; Songling Liu; Jianshu Zhang; Shang Wu; Yue Chen; Guo Ye; Jiayi Wang; Zhaoran Wang; Han Liu,2026,arXiv,,http://arxiv.org/abs/2606.17446v1,"cat:cs.RO AND (all:""automatic annotation"" OR all:relabeling OR all:segmentation)","cat:cs.RO AND (all:""automatic annotation"" OR all:relabeling OR all:segmentation)"
arXiv,2607.12181v1,Analysis of Mutual and Referential Human and Robot Gazes in a Collaborative Word Association Game,Jens V. Rüppel; Tim Schreiter; Andrey Rudenko; Achim J. Lilienthal,2026,arXiv,,http://arxiv.org/abs/2607.12181v1,"cat:cs.RO AND (all:""automatic annotation"" OR all:relabeling OR all:segmentation)","cat:cs.RO AND (all:""automatic annotation"" OR all:relabeling OR all:segmentation)"
arXiv,2607.13605v1,An Empirical Study on Stage-Information Interfaces for VLA Fine-Tuning,Yingwei Ji,2026,arXiv,,http://arxiv.org/abs/2607.13605v1,"cat:cs.RO AND (all:""automatic annotation"" OR all:relabeling OR all:segmentation)","cat:cs.RO AND (all:""automatic annotation"" OR all:relabeling OR all:segmentation)"
arXiv,2605.01544v1,An Efficient Metric for Data Quality Measurement in Imitation Learning,Noushad Sojib; Momotaz Begum,2026,arXiv,,http://arxiv.org/abs/2605.01544v1,"cat:cs.RO AND all:""data quality""","cat:cs.RO AND all:""data quality"""
arXiv,2606.12365v1,Ambient Diffusion Policy: Imitation Learning from Suboptimal Data in Robotics,Adam Wei; Nicholas Pfaff; Thomas Cohn; Arif Kerem Dayı; Constantinos Daskalakis; Giannis Daras; Russ Tedrake,2026,arXiv,,http://arxiv.org/abs/2606.12365v1,"cat:cs.RO AND all:""data quality""","cat:cs.RO AND all:""data quality"""
arXiv,2605.25901v1,AgentGrounder: Zero-Shot 3D Visual Pointcloud Grounding using Multimodal Language Models,Cuong Huynh; Maxim Popov; Denis Gridusov; Sergey Kolyubin,2026,arXiv,,http://arxiv.org/abs/2605.25901v1,"cat:cs.RO AND (all:""automatic annotation"" OR all:relabeling OR all:segmentation)","cat:cs.RO AND (all:""automatic annotation"" OR all:relabeling OR all:segmentation)"
arXiv,2606.04172v1,Affordance2Action: Task-Conditioned Scene-level Affordance Grounding for Real-Time Manipulation,Litao Liu; Yifan Han; Pengfei Yi; Wenbo Yu; Hanqing Wang; Haoran Du; Enze Yuan; Zilin Yuan; Ruiding Feng; Michael Liu; Qi Zhang; Jingjin Yu,2026,arXiv,,http://arxiv.org/abs/2606.04172v1,"cat:cs.RO AND (all:""automatic annotation"" OR all:relabeling OR all:segmentation)","cat:cs.RO AND (all:""automatic annotation"" OR all:relabeling OR all:segmentation)"
arXiv,2605.00663v2,Affordance Agent Harness: Verification-Gated Skill Orchestration,Haojian Huang; Jiahao Shi; Yinchuan Li; Yingcong Chen,2026,arXiv,,http://arxiv.org/abs/2605.00663v2,"cat:cs.RO AND (all:""automatic annotation"" OR all:relabeling OR all:segmentation)","cat:cs.RO AND (all:""automatic annotation"" OR all:relabeling OR all:segmentation)"
arXiv,2605.28362v1,Accelerating Robot Path Planning via Connectivity-Preserving Region Proposal Network,Zhanzheng Ma; Cancan Zhao; Shuai Zhang; Bo Ouyang,2026,arXiv,,http://arxiv.org/abs/2605.28362v1,"cat:cs.RO AND (all:""automatic annotation"" OR all:relabeling OR all:segmentation)","cat:cs.RO AND (all:""automatic annotation"" OR all:relabeling OR all:segmentation)"
arXiv,2604.22715v1,ATRS: Adaptive Trajectory Re-splitting via a Shared Neural Policy for Parallel Optimization,Jiajun Yu; Guodong Liu; Li Wang; Pengxiang Zhou; Wentao Liu; Yin He; Chao Xu; Fei Gao; Yanjun Cao,2026,arXiv,,http://arxiv.org/abs/2604.22715v1,"cat:cs.RO AND (all:""automatic annotation"" OR all:relabeling OR all:segmentation)","cat:cs.RO AND (all:""automatic annotation"" OR all:relabeling OR all:segmentation)"
arXiv,2604.26637v1,ATLAS: An Annotation Tool for Long-horizon Robotic Action Segmentation,Sergej Stanovcic; Daniel Sliwowski; Dongheui Lee,2026,arXiv,,http://arxiv.org/abs/2604.26637v1,"cat:cs.RO AND (all:""automatic annotation"" OR all:relabeling OR all:segmentation)","cat:cs.RO AND (all:""automatic annotation"" OR all:relabeling OR all:segmentation)"
arXiv,2605.11119v1,ASIP-Planner: Adaptive Planning for UAV Surface Inspection in Partially Known Indoor Environments,Hanyu Jin; Zhefan Xu; Haoyu Shen; Xinming Han; Kanlong Ye; Kenji Shimada,2026,arXiv,,http://arxiv.org/abs/2605.11119v1,"cat:cs.RO AND (all:""automatic annotation"" OR all:relabeling OR all:segmentation)","cat:cs.RO AND (all:""automatic annotation"" OR all:relabeling OR all:segmentation)"
arXiv,2606.02551v1,AFUN: Towards an Affordance Foundation Model for Functionality Understanding,Zhaoning Wang; Yi Zhong; Jiawei Fu; Henrik I. Christensen; Jun Gao,2026,arXiv,,http://arxiv.org/abs/2606.02551v1,"cat:cs.RO AND (all:""automatic annotation"" OR all:relabeling OR all:segmentation)","cat:cs.RO AND (all:""automatic annotation"" OR all:relabeling OR all:segmentation)"
arXiv,2604.02256v1,A virtual-variable-length method for robust inverse kinematics of multi-segment continuum robots,Weiting Feng; Federico Renda; Yunjie Yang; Francesco Giorgio-Serchi,2026,arXiv,,http://arxiv.org/abs/2604.02256v1,"cat:cs.RO AND (all:""automatic annotation"" OR all:relabeling OR all:segmentation)","cat:cs.RO AND (all:""automatic annotation"" OR all:relabeling OR all:segmentation)"
arXiv,2607.20748v1,"A real-time RGB-D perception pipeline for autonomous impact hammers in mining: self-filtering, rock segmentation and rock-breaking poses generation",Martín Gallegos; Francisco Leiva; Patricio Loncomilla; Michelle Cortés; Javier Ruiz-del-Solar,2026,arXiv,,http://arxiv.org/abs/2607.20748v1,"cat:cs.RO AND (all:""automatic annotation"" OR all:relabeling OR all:segmentation)","cat:cs.RO AND (all:""automatic annotation"" OR all:relabeling OR all:segmentation)"
arXiv,2606.00470v1,A passive universal grasping mechanism based on an everting shell,Mythra V. S. Balakuntala; Safvan Palathingal; G. K. Ananthasuresh,2026,arXiv,,http://arxiv.org/abs/2606.00470v1,"cat:cs.RO AND (all:""automatic annotation"" OR all:relabeling OR all:segmentation)","cat:cs.RO AND (all:""automatic annotation"" OR all:relabeling OR all:segmentation)"
arXiv,2604.14635v1,A multi-platform LiDAR dataset for standardized forest inventory measurement at long term ecological monitoring sites,Michael R. Chang; Anna Candotti; Karl von Ellenrieder; Enrico Tomelleri; Marco Camurri,2026,arXiv,,http://arxiv.org/abs/2604.14635v1,"cat:cs.RO AND (all:""automatic annotation"" OR all:relabeling OR all:segmentation)","cat:cs.RO AND (all:""automatic annotation"" OR all:relabeling OR all:segmentation)"
arXiv,2607.03621v1,A Vision Based System for Guided and Collaborative Reconstruction of Fragmented Documents,Oliver Krumpek; Diana Leo,2026,arXiv,,http://arxiv.org/abs/2607.03621v1,"cat:cs.RO AND (all:""automatic annotation"" OR all:relabeling OR all:segmentation)","cat:cs.RO AND (all:""automatic annotation"" OR all:relabeling OR all:segmentation)"
arXiv,2607.04689v1,A Reliable Context-Aware and Temporal Planning Framework for Autonomous Driving,Argho Dey; Yunfei Yin; Swachha Ray; Md Minhazul Islam; Zheng Yuan; Sijing Xiong; Hongyu Liu; Zhiqiu Huang,2026,arXiv,,http://arxiv.org/abs/2607.04689v1,"cat:cs.RO AND (all:""automatic annotation"" OR all:relabeling OR all:segmentation)","cat:cs.RO AND (all:""automatic annotation"" OR all:relabeling OR all:segmentation)"
arXiv,2604.17258v1,A Rapid Deployment Pipeline for Autonomous Humanoid Grasping Based on Foundation Models,Yifei Yan; Yankai Liao; Linqi Ye,2026,arXiv,,http://arxiv.org/abs/2604.17258v1,"cat:cs.RO AND (all:""automatic annotation"" OR all:relabeling OR all:segmentation)","cat:cs.RO AND (all:""automatic annotation"" OR all:relabeling OR all:segmentation)"
arXiv,2606.05236v1,A New Quaternion-Joint Cable-Driven Redundant Manipulator Configuration and its Control Through FABRIK and Residual Reinforcement Learning,Tanapath Pornthisan; Thanapat Kemthong; Thanyapisit Kangsathien; Pasut Aranchaiya; Paulo Garcia; Viboon Sangveraphunsiri,2026,arXiv,,http://arxiv.org/abs/2606.05236v1,"cat:cs.RO AND (all:""automatic annotation"" OR all:relabeling OR all:segmentation)","cat:cs.RO AND (all:""automatic annotation"" OR all:relabeling OR all:segmentation)"
arXiv,2606.11419v1,A Modular Dual-Camera Pipeline for Micro-Inspection Using Aerial Robots,S. H. Mirtajadini; N. Rublein; R. M. Ramakrishnan; G. ter Maat; M. Aldibaja; A. Y. Mersha,2026,arXiv,,http://arxiv.org/abs/2606.11419v1,"cat:cs.RO AND (all:""automatic annotation"" OR all:relabeling OR all:segmentation)","cat:cs.RO AND (all:""automatic annotation"" OR all:relabeling OR all:segmentation)"
arXiv,2607.15582v1,A Model-Based Decoupling Strategy for Proprioception and Contact Sensing in an Architected Soft Manipulator,Francesco Stella; Annan Zhang; Cosimo Della Santina; Josie Hughes; Daniela Rus,2026,arXiv,,http://arxiv.org/abs/2607.15582v1,"cat:cs.RO AND (all:""automatic annotation"" OR all:relabeling OR all:segmentation)","cat:cs.RO AND (all:""automatic annotation"" OR all:relabeling OR all:segmentation)"
arXiv,2604.10356v1,A Minimal Mathematical Model for Conducting Patterns,Tom Verhoeff,2026,arXiv,,http://arxiv.org/abs/2604.10356v1,"cat:cs.RO AND (all:""automatic annotation"" OR all:relabeling OR all:segmentation)","cat:cs.RO AND (all:""automatic annotation"" OR all:relabeling OR all:segmentation)"
arXiv,2604.10241v1,A Coordinate-Invariant Local Representation of Motion and Force Trajectories for Identification and Generalization Across Coordinate Systems,Arno Verduyn; Erwin Aertbeliën; Maxim Vochten; Joris De Schutter,2026,arXiv,,http://arxiv.org/abs/2604.10241v1,"cat:cs.RO AND (all:""automatic annotation"" OR all:relabeling OR all:segmentation)","cat:cs.RO AND (all:""automatic annotation"" OR all:relabeling OR all:segmentation)"
arXiv,2607.06740v1,A Continual Learning Framework for Adaptive Control of Modular Soft Robots,Nilay Kushawaha; Muhammad Sunny Nazeer; Baljinder Singh Bal; Cecilia Laschi; Egidio Falotico,2026,arXiv,,http://arxiv.org/abs/2607.06740v1,"cat:cs.RO AND (all:""automatic annotation"" OR all:relabeling OR all:segmentation)","cat:cs.RO AND (all:""automatic annotation"" OR all:relabeling OR all:segmentation)"
arXiv,2605.18074v1,4DLidarOpen: An Open 4D FMCW Lidar Dataset for Motion-Aware Autonomous Driving,Kane Qian; Xin Zhao; Yining Shi; Rujun Yan; Zhengqing Pan; Kaojin Zhu; Mengmeng Yang; Kai Sun; Diange Yang; Kun Jiang,2026,arXiv,,http://arxiv.org/abs/2605.18074v1,"cat:cs.RO AND (all:""automatic annotation"" OR all:relabeling OR all:segmentation)","cat:cs.RO AND (all:""automatic annotation"" OR all:relabeling OR all:segmentation)"
arXiv,2606.19451v1,3D-DLP: Self-Supervised 3D Object-Centric Scene Representation Learning,Ellina Zhang; Madhaven Iyengar; Amir Zadeh; Chuan Li; Deepak Pathak; David Held; Tal Daniel,2026,arXiv,,http://arxiv.org/abs/2606.19451v1,"cat:cs.RO AND (all:""automatic annotation"" OR all:relabeling OR all:segmentation)","cat:cs.RO AND (all:""automatic annotation"" OR all:relabeling OR all:segmentation)"
arXiv,2603.26441v1,120 Minutes and a Laptop: Minimalist Image-goal Navigation via Unsupervised Exploration and Offline RL,Xiaoming Liu; Borong Zhang; Qingbiao Li; Steven Morad,2026,arXiv,,http://arxiv.org/abs/2603.26441v1,"cat:cs.RO AND (all:""automatic annotation"" OR all:relabeling OR all:segmentation)","cat:cs.RO AND (all:""automatic annotation"" OR all:relabeling OR all:segmentation)"
arXiv,2606.13769v2,$μ_0$: A Scalable 3D Interaction-Trace World Model,Seungjae Lee; Yoonkyo Jung; Jusuk Lee; Jonghun Shin; Amir Hossein Shahidzadeh; Yao-Chih Lee; H. Jin Kim; Jia-Bin Huang; Furong Huang,2026,arXiv,,http://arxiv.org/abs/2606.13769v2,"cat:cs.RO AND (all:""automatic annotation"" OR all:relabeling OR all:segmentation)","cat:cs.RO AND (all:""automatic annotation"" OR all:relabeling OR all:segmentation)"
arXiv,2508.11485v3,i2Nav-Robot: A Large-Scale Indoor-Outdoor Robot Dataset for Multi-Sensor Fusion Navigation,Hailiang Tang; Tisheng Zhang; Liqiang Wang; Xin Ding; Man Yuan; Zhiyu Xiang; Jujin Chen; Yuhan Bian; Shuangyan Liu; Yuqing Wang; Guan Wang; Xiaoji Niu,2025,arXiv,,http://arxiv.org/abs/2508.11485v3,"cat:cs.RO AND all:""data quality""","cat:cs.RO AND all:""data quality"""
arXiv,2512.16011v1,dLITE: Differentiable Lighting-Informed Trajectory Evaluation for On-Orbit Inspection,Jack Naylor; Raghav Mishra; Nicholas H. Barbara; Donald G. Dansereau,2025,arXiv,,http://arxiv.org/abs/2512.16011v1,"cat:cs.RO AND all:""data quality""","cat:cs.RO AND all:""data quality"""
arXiv,2508.00097v2,XRoboToolkit: A Cross-Platform Framework for Robot Teleoperation,Zhigen Zhao; Liuchuan Yu; Ke Jing; Ning Yang,2025,arXiv,,http://arxiv.org/abs/2508.00097v2,"cat:cs.RO AND all:""data quality""","cat:cs.RO AND all:""data quality"""
arXiv,2511.04671v2,X-Diffusion: Training Diffusion Policies on Cross-Embodiment Human Demonstrations,Maximus A. Pace; Prithwish Dan; Chuanruo Ning; Atiksh Bhardwaj; Audrey Du; Edward W. Duan; Wei-Chiu Ma; Kushal Kedia,2025,arXiv,,http://arxiv.org/abs/2511.04671v2,"cat:cs.RO AND all:""data filtering""","cat:cs.RO AND all:""data filtering"""
arXiv,2507.09464v1,Unmanned Aerial Vehicle (UAV) Data-Driven Modeling Software with Integrated 9-Axis IMUGPS Sensor Fusion and Data Filtering Algorithm,Azfar Azdi Arfakhsyad; Aufa Nasywa Rahman; Larasati Kinanti; Ahmad Ataka Awwalur Rizqi; Hannan Nur Muhammad,2025,arXiv,,http://arxiv.org/abs/2507.09464v1,"cat:cs.RO AND all:""data quality""","cat:cs.RO AND all:""data filtering"" || cat:cs.RO AND all:""data quality"""
arXiv,2505.15005v1,UniSTPA: A Safety Analysis Framework for End-to-End Autonomous Driving,Hongrui Kou; Zhouhang Lyu; Ziyu Wang; Cheng Wang; Yuxin Zhang,2025,arXiv,,http://arxiv.org/abs/2505.15005v1,"cat:cs.RO AND all:""data quality""","cat:cs.RO AND all:""data quality"""
arXiv,2502.08957v1,Training Trajectory Predictors Without Ground-Truth Data,Mikolaj Kliniewski; Jesse Morris; Ian R. Manchester; Viorela Ila,2025,arXiv,,http://arxiv.org/abs/2502.08957v1,"cat:cs.RO AND all:""data quality""","cat:cs.RO AND all:""data quality"""
arXiv,2509.01251v3,Towards Data-Driven Metrics for Social Robot Navigation Benchmarking,Pilar Bachiller-Burgos; Ulysses Bernardet; Luis V. Calderita; Pranup Chhetri; Anthony Francis; Noriaki Hirose; Noé Pérez; Dhruv Shah; Phani T. Singamaneni; Xuesu Xiao; Luis J. Manso,2025,arXiv,,http://arxiv.org/abs/2509.01251v3,"cat:cs.RO AND all:""data quality""","cat:cs.RO AND all:""data quality"""
arXiv,2509.03222v1,The Role of Embodiment in Intuitive Whole-Body Teleoperation for Mobile Manipulation,Sophia Bianchi Moyen; Rickmer Krohn; Sophie Lueth; Kay Pompetzki; Jan Peters; Vignesh Prasad; Georgia Chalvatzaki,2025,arXiv,,http://arxiv.org/abs/2509.03222v1,"cat:cs.RO AND all:""data quality""","cat:cs.RO AND all:""data quality"""
arXiv,2507.12986v1,Robustness Requirement Coverage using a Situation Coverage Approach for Vision-based AI Systems,Sepeedeh Shahbeigi; Nawshin Mannan Proma; Victoria Hodge; Richard Hawkins; Boda Li; Valentina Donzella,2025,arXiv,,http://arxiv.org/abs/2507.12986v1,"cat:cs.RO AND all:""data quality""","cat:cs.RO AND all:""data quality"""
arXiv,2502.08623v3,Robot Data Curation with Mutual Information Estimators,Joey Hejna; Suvir Mirchandani; Ashwin Balakrishna; Annie Xie; Ayzaan Wahid; Jonathan Tompson; Pannag Sanketi; Dhruv Shah; Coline Devin; Dorsa Sadigh,2025,arXiv,,http://arxiv.org/abs/2502.08623v3,"cat:cs.RO AND all:""data quality""","cat:cs.RO AND all:""data filtering"" || cat:cs.RO AND all:""data quality"""
arXiv,2504.18904v1,"RoboVerse: Towards a Unified Platform, Dataset and Benchmark for Scalable and Generalizable Robot Learning",Haoran Geng; Feishi Wang; Songlin Wei; Yuyang Li; Bangjun Wang; Boshi An; Charlie Tianyue Cheng; Haozhe Lou; Peihao Li; Yen-Jen Wang; Yutong Liang; Dylan Goetting; Chaoyi Xu; Haozhe Chen; Yuxi Qian; Yiran Geng; Jiageng Mao; Weikang Wan; Mingtong Zhang; Jiangran Lyu; Siheng Zhao; Jiazhao Zhang; Jialiang Zhang; Chengyang Zhao; Haoran Lu; Yufei Ding; Ran Gong; Yuran Wang; Yuxuan Kuang; Ruihai Wu; Baoxiong Jia; Carlo Sferrazza; Hao Dong; Siyuan Huang; Yue Wang; Jitendra Malik; Pieter Abbeel,2025,arXiv,,http://arxiv.org/abs/2504.18904v1,"cat:cs.RO AND all:""data quality""","cat:cs.RO AND all:""data quality"""
arXiv,2505.07395v1,ReinboT: Amplifying Robot Visual-Language Manipulation with Reinforcement Learning,Hongyin Zhang; Zifeng Zhuang; Han Zhao; Pengxiang Ding; Hongchao Lu; Donglin Wang,2025,arXiv,,http://arxiv.org/abs/2505.07395v1,"cat:cs.RO AND all:""data quality""","cat:cs.RO AND all:""data quality"""
arXiv,2507.10158v2,MTF-Grasp: A Multi-tier Federated Learning Approach for Robotic Grasping,Obaidullah Zaland; Erik Elmroth; Monowar Bhuyan,2025,arXiv,,http://arxiv.org/abs/2507.10158v2,"cat:cs.RO AND all:""data quality""","cat:cs.RO AND all:""data quality"""
arXiv,2508.01808v1,Learning to Perform Low-Contact Autonomous Nasotracheal Intubation by Recurrent Action-Confidence Chunking with Transformer,Yu Tian; Ruoyi Hao; Yiming Huang; Dihong Xie; Catherine Po Ling Chan; Jason Ying Kuen Chan; Hongliang Ren,2025,arXiv,,http://arxiv.org/abs/2508.01808v1,"cat:cs.RO AND all:""data filtering""","cat:cs.RO AND all:""data filtering"""
arXiv,2503.07481v1,Learning Physics-Based Full-Body Human Reaching and Grasping from Brief Walking References,Yitang Li; Mingxian Lin; Zhuo Lin; Yipeng Deng; Yue Cao; Li Yi,2025,arXiv,,http://arxiv.org/abs/2503.07481v1,"cat:cs.RO AND all:""data quality""","cat:cs.RO AND all:""data quality"""
arXiv,2506.07150v1,Improving Traffic Signal Data Quality for the Waymo Open Motion Dataset,Xintao Yan; Erdao Liang; Jiawei Wang; Haojie Zhu; Henry X. Liu,2025,arXiv,,http://arxiv.org/abs/2506.07150v1,"cat:cs.RO AND all:""data quality""","cat:cs.RO AND all:""data quality"""
arXiv,2512.14222v2,History-Enhanced Two-Stage Transformer for Aerial Vision-and-Language Navigation,Xichen Ding; Jianzhe Gao; Cong Pan; Wenguan Wang; Jie Qin,2025,arXiv,,http://arxiv.org/abs/2512.14222v2,"cat:cs.RO AND all:""data quality""","cat:cs.RO AND all:""data quality"""
arXiv,2503.00803v3,HiMo: High-Speed Objects Motion Compensation in Point Clouds,Qingwen Zhang; Ajinkya Khoche; Yi Yang; Li Ling; Sina Sharif Mansouri; Olov Andersson; Patric Jensfelt,2025,arXiv,,http://arxiv.org/abs/2503.00803v3,"cat:cs.RO AND all:""data quality""","cat:cs.RO AND all:""data quality"""
arXiv,2503.05153v2,Generative Trajectory Stitching through Diffusion Composition,Yunhao Luo; Utkarsh A. Mishra; Yilun Du; Danfei Xu,2025,arXiv,,http://arxiv.org/abs/2503.05153v2,"cat:cs.RO AND all:""data quality""","cat:cs.RO AND all:""data quality"""
arXiv,2501.14942v1,Force-Based Robotic Imitation Learning: A Two-Phase Approach for Construction Assembly Tasks,Hengxu You; Yang Ye; Tianyu Zhou; Jing Du,2025,arXiv,,http://arxiv.org/abs/2501.14942v1,"cat:cs.RO AND all:""data quality""","cat:cs.RO AND all:""data quality"""
arXiv,2511.07720v2,Empowering Robot Teleoperation: Exploring the Synergies Between Devices and Manipulator Controllers in a Comparative Study,Yuxuan Zhao; Yuanchen Tang; Jindi Zhang; Hongyu Yu,2025,arXiv,,http://arxiv.org/abs/2511.07720v2,"cat:cs.RO AND all:""data quality""","cat:cs.RO AND all:""data quality"""
arXiv,2512.19043v1,EGM: Efficiently Learning General Motion Tracking Policy for High Dynamic Humanoid Whole-Body Control,Chao Yang; Yingkai Sun; Peng Ye; Xin Chen; Chong Yu; Tao Chen,2025,arXiv,,http://arxiv.org/abs/2512.19043v1,"cat:cs.RO AND all:""data quality""","cat:cs.RO AND all:""data quality"""
arXiv,2509.13774v1,Dual-Actor Fine-Tuning of VLA Models: A Talk-and-Tweak Human-in-the-Loop Approach,Piaopiao Jin; Qi Wang; Guokang Sun; Ziwen Cai; Pinjia He; Yangwei You,2025,arXiv,,http://arxiv.org/abs/2509.13774v1,"cat:cs.RO AND all:""data quality""","cat:cs.RO AND all:""data quality"""
arXiv,2502.12539v2,Design and Implementation of a Dual Uncrewed Surface Vessel Platform for Bathymetry Research under High-flow Conditions,Dinesh Kumar; Amin Ghorbanpour; Kin Yen; Iman Soltani,2025,arXiv,,http://arxiv.org/abs/2502.12539v2,"cat:cs.RO AND all:""data quality""","cat:cs.RO AND all:""data quality"""
arXiv,2504.10738v1,CleanMAP: Distilling Multimodal LLMs for Confidence-Driven Crowdsourced HD Map Updates,Ankit Kumar Shaw; Kun Jiang; Tuopu Wen; Chandan Kumar Sah; Yining Shi; Mengmeng Yang; Diange Yang; Xiaoli Lian,2025,arXiv,,http://arxiv.org/abs/2504.10738v1,"cat:cs.RO AND all:""data quality""","cat:cs.RO AND all:""data quality"""
arXiv,2503.11958v1,"CHOrD: Generation of Collision-Free, House-Scale, and Organized Digital Twins for 3D Indoor Scenes with Controllable Floor Plans and Optimal Layouts",Chong Su; Yingbin Fu; Zheyuan Hu; Jing Yang; Param Hanji; Shaojun Wang; Xuan Zhao; Cengiz Öztireli; Fangcheng Zhong,2025,arXiv,,http://arxiv.org/abs/2503.11958v1,"cat:cs.RO AND all:""data quality""","cat:cs.RO AND all:""data quality"""
arXiv,2506.14769v2,CDP: Towards Robust Autoregressive Visuomotor Policy Learning via Causal Diffusion,Jiahua Ma; Yiran Qin; Yixiong Li; Xuanqi Liao; Yulan Guo; Ruimao Zhang,2025,arXiv,,http://arxiv.org/abs/2506.14769v2,"cat:cs.RO AND all:""data quality""","cat:cs.RO AND all:""data quality"""
arXiv,2505.17389v1,Bootstrapping Imitation Learning for Long-horizon Manipulation via Hierarchical Data Collection Space,Jinrong Yang; Kexun Chen; Zhuoling Li; Shengkai Wu; Yong Zhao; Liangliang Ren; Wenqiu Luo; Chaohui Shang; Meiyu Zhi; Linfeng Gao; Mingshan Sun; Hui Cheng,2025,arXiv,,http://arxiv.org/abs/2505.17389v1,"cat:cs.RO AND all:""data quality""","cat:cs.RO AND all:""data quality"""
arXiv,2509.04063v1,Balancing Signal and Variance: Adaptive Offline RL Post-Training for VLA Flow Models,Hongyin Zhang; Shiyuan Zhang; Junxi Jin; Qixin Zeng; Yifan Qiao; Hongchao Lu; Donglin Wang,2025,arXiv,,http://arxiv.org/abs/2509.04063v1,"cat:cs.RO AND all:""data quality""","cat:cs.RO AND all:""data quality"""
arXiv,2507.12414v2,AutoVDC: Automated Vision Data Cleaning Using Vision-Language Models,Santosh Vasa; Aditi Ramadwar; Jnana Rama Krishna Darabattula; Md Zafar Anwar; Stanislaw Antol; Andrei Vatavu; Thomas Monninger; Sihao Ding,2025,arXiv,,http://arxiv.org/abs/2507.12414v2,"cat:cs.RO AND all:""data quality""","cat:cs.RO AND all:""data quality"""
arXiv,2503.10070v2,AhaRobot: A Low-Cost Open-Source Bimanual Mobile Manipulator for Embodied AI,Haiqin Cui; Yifu Yuan; Yan Zheng; Jianye Hao,2025,arXiv,,http://arxiv.org/abs/2503.10070v2,"cat:cs.RO AND all:""data quality""","cat:cs.RO AND all:""data quality"""
arXiv,2510.01607v1,ActiveUMI: Robotic Manipulation with Active Perception from Robot-Free Human Demonstrations,Qiyuan Zeng; Chengmeng Li; Jude St. John; Zhongyi Zhou; Junjie Wen; Guorui Feng; Yichen Zhu; Yi Xu,2025,arXiv,,http://arxiv.org/abs/2510.01607v1,"cat:cs.RO AND all:""data quality""","cat:cs.RO AND all:""data quality"""
arXiv,2509.17389v1,3D Printable Soft Liquid Metal Sensors for Delicate Manipulation Tasks,Lois Liow; Jonty Milford; Emre Uygun; Andre Farinha; Vinoth Viswanathan; Josh Pinskier; David Howard,2025,arXiv,,http://arxiv.org/abs/2509.17389v1,"cat:cs.RO AND all:""data quality""","cat:cs.RO AND all:""data quality"""
arXiv,2407.04281v3,WOMD-Reasoning: A Large-Scale Dataset for Interaction Reasoning in Driving,Yiheng Li; Cunxin Fan; Chongjian Ge; Zhihao Zhao; Chenran Li; Chenfeng Xu; Huaxiu Yao; Masayoshi Tomizuka; Bolei Zhou; Chen Tang; Mingyu Ding; Wei Zhan,2024,arXiv,,http://arxiv.org/abs/2407.04281v3,"cat:cs.RO AND all:""data quality""","cat:cs.RO AND all:""data quality"""
arXiv,2412.04114v1,Thermal and RGB Images Work Better Together in Wind Turbine Damage Detection,Serhii Svystun; Oleksandr Melnychenko; Pavlo Radiuk; Oleg Savenko; Anatoliy Sachenko; Andrii Lysyi,2024,arXiv,,http://arxiv.org/abs/2412.04114v1,"cat:cs.RO AND all:""data quality""","cat:cs.RO AND all:""data quality"""
arXiv,2401.12168v1,SpatialVLM: Endowing Vision-Language Models with Spatial Reasoning Capabilities,Boyuan Chen; Zhuo Xu; Sean Kirmani; Brian Ichter; Danny Driess; Pete Florence; Dorsa Sadigh; Leonidas Guibas; Fei Xia,2024,arXiv,,http://arxiv.org/abs/2401.12168v1,"cat:cs.RO AND all:""data quality""","cat:cs.RO AND all:""data quality"""
arXiv,2410.17772v2,Scaling Robot Policy Learning via Zero-Shot Labeling with Foundation Models,Nils Blank; Moritz Reuss; Marcel Rühle; Ömer Erdinç Yağmurlu; Fabian Wenzel; Oier Mees; Rudolf Lioutikov,2024,arXiv,,http://arxiv.org/abs/2410.17772v2,"cat:cs.RO AND all:""data quality""","cat:cs.RO AND all:""data quality"""
arXiv,2411.15371v2,"Safe and Trustworthy Robot Pathfinding with BIM, MHA*, and NLP",Mani Amani; Reza Akhavian,2024,arXiv,,http://arxiv.org/abs/2411.15371v2,"cat:cs.RO AND all:""data quality""","cat:cs.RO AND all:""data quality"""
arXiv,2409.13208v3,Redefining Data Pairing for Motion Retargeting Leveraging a Human Body Prior,Xiyana Figuera; Soogeun Park; Hyemin Ahn,2024,arXiv,,http://arxiv.org/abs/2409.13208v3,"cat:cs.RO AND all:""data filtering""","cat:cs.RO AND all:""data filtering"""
arXiv,2405.17769v1,Microsaccade-inspired Event Camera for Robotics,Botao He; Ze Wang; Yuan Zhou; Jingxi Chen; Chahat Deep Singh; Haojia Li; Yuman Gao; Shaojie Shen; Kaiwei Wang; Yanjun Cao; Chao Xu; Yiannis Aloimonos; Fei Gao; Cornelia Fermuller,2024,arXiv,,http://arxiv.org/abs/2405.17769v1,"cat:cs.RO AND all:""data quality""","cat:cs.RO AND all:""data quality"""
arXiv,2401.08957v3,Learning from Imperfect Demonstrations with Self-Supervision for Robotic Manipulation,Kun Wu; Ning Liu; Zhen Zhao; Di Qiu; Jinming Li; Zhengping Che; Zhiyuan Xu; Jian Tang,2024,arXiv,,http://arxiv.org/abs/2401.08957v3,"cat:cs.RO AND all:""data filtering""","cat:cs.RO AND all:""data filtering"""
arXiv,2402.10211v3,Hierarchical State Space Models for Continuous Sequence-to-Sequence Modeling,Raunaq Bhirangi; Chenyu Wang; Venkatesh Pattabiraman; Carmel Majidi; Abhinav Gupta; Tess Hellebrekers; Lerrel Pinto,2024,arXiv,,http://arxiv.org/abs/2402.10211v3,"cat:cs.RO AND all:""data filtering""","cat:cs.RO AND all:""data filtering"""
arXiv,2412.20519v2,Goal-Conditioned Data Augmentation for Offline Reinforcement Learning,Xingshuai Huang; Di Wu; Benoit Boulet,2024,arXiv,,http://arxiv.org/abs/2412.20519v2,"cat:cs.RO AND all:""data quality""","cat:cs.RO AND all:""data quality"""
arXiv,2411.08231v2,Enhanced Monocular Visual Odometry with AR Poses and Integrated INS-GPS for Robust Localization in Urban Environments,Ankit Shaw,2024,arXiv,,http://arxiv.org/abs/2411.08231v2,"cat:cs.RO AND all:""data filtering""","cat:cs.RO AND all:""data filtering"""
arXiv,2401.17996v2,Development and Adaptation of Robotic Vision in the Real-World: the Challenge of Door Detection,Michele Antonazzi; Matteo Luperto; N. Alberto Borghese; Nicola Basilico,2024,arXiv,,http://arxiv.org/abs/2401.17996v2,"cat:cs.RO AND all:""data quality""","cat:cs.RO AND all:""data quality"""
arXiv,2412.14309v2,Consistency Matters: Defining Demonstration Data Quality Metrics in Robot Learning from Demonstration,Maram Sakr; H. F. Machiel Van der Loos; Dana Kulic; Elizabeth Croft,2024,arXiv,,http://arxiv.org/abs/2412.14309v2,"cat:cs.RO AND all:""data quality""","cat:cs.RO AND all:""data quality"""
arXiv,2410.08464v1,ARCap: Collecting High-quality Human Demonstrations for Robot Learning with Augmented Reality Feedback,Sirui Chen; Chen Wang; Kaden Nguyen; Li Fei-Fei; C. Karen Liu,2024,arXiv,,http://arxiv.org/abs/2410.08464v1,"cat:cs.RO AND all:""data quality""","cat:cs.RO AND all:""data quality"""
arXiv,2307.08590v1,The Effect of Data Visualisation Quality and Task Density on Human-Swarm Interaction,Ayodeji O. Abioye; Mohammad Naiseh; William Hunt; Jediah Clark; Sarvapali D. Ramchurn; Mohammad D. Soorati,2023,arXiv,,http://arxiv.org/abs/2307.08590v1,"cat:cs.RO AND all:""data quality""","cat:cs.RO AND all:""data quality"""
arXiv,2311.11340v2,RflyMAD: A Dataset for Multicopter Fault Detection and Health Assessment,Xiangli Le; Bo Jin; Gen Cui; Xunhua Dai; Quan Quan,2023,arXiv,,http://arxiv.org/abs/2311.11340v2,"cat:cs.RO AND all:""data quality""","cat:cs.RO AND all:""data quality"""
arXiv,2302.14264v1,RGB-D Grasp Detection via Depth Guided Learning with Cross-modal Attention,Ran Qin; Haoxiang Ma; Boyang Gao; Di Huang,2023,arXiv,,http://arxiv.org/abs/2302.14264v1,"cat:cs.RO AND all:""data quality""","cat:cs.RO AND all:""data quality"""
arXiv,2309.00544v2,"Modular, Multi-Robot Integration of Laboratories: An Autonomous Solid-State Workflow for Powder X-Ray Diffraction",Amy. M. Lunt; Hatem Fakhruldeen; Gabriella Pizzuto; Louis Longley; Alexander White; Nicola Rankin; Rob Clowes; Ben Alston; Lucia Gigli; Graeme M. Day; Andrew I. Cooper; Sam. Y. Chong,2023,arXiv,,http://arxiv.org/abs/2309.00544v2,"cat:cs.RO AND all:""data quality""","cat:cs.RO AND all:""data quality"""
arXiv,2305.11996v2,EEG and EMG dataset for the detection of errors introduced by an active orthosis device,Niklas Kueper; Kartik Chari; Judith Bütefür; Julia Habenicht; Su Kyoung Kim; Tobias Rossol; Marc Tabie; Frank Kirchner; Elsa Andrea Kirchner,2023,arXiv,,http://arxiv.org/abs/2305.11996v2,"cat:cs.RO AND all:""data quality""","cat:cs.RO AND all:""data quality"""
arXiv,2306.02437v1,Data Quality in Imitation Learning,Suneel Belkhale; Yuchen Cui; Dorsa Sadigh,2023,arXiv,,http://arxiv.org/abs/2306.02437v1,"cat:cs.RO AND all:""data quality""","cat:cs.RO AND all:""data quality"""
arXiv,2304.00959v3,Autonomous Power Line Inspection with Drones via Perception-Aware MPC,Jiaxu Xing; Giovanni Cioffi; Javier Hidalgo-Carrió; Davide Scaramuzza,2023,arXiv,,http://arxiv.org/abs/2304.00959v3,"cat:cs.RO AND all:""data quality""","cat:cs.RO AND all:""data quality"""
arXiv,2303.12889v1,AVOID: Autonomous Vehicle Operation Incident Dataset Across the Globe,Ou Zheng; Mohamed Abdel-Aty; Zijin Wang; Shengxuan Ding; Dongdong Wang; Yuxuan Huang,2023,arXiv,,http://arxiv.org/abs/2303.12889v1,"cat:cs.RO AND all:""data quality""","cat:cs.RO AND all:""data quality"""
arXiv,2306.04242v4,4D Millimeter-Wave Radar in Autonomous Driving: A Survey,Zeyu Han; Jiahao Wang; Zikun Xu; Shuocheng Yang; Lei He; Shaobing Xu; Jianqiang Wang; Keqiang Li,2023,arXiv,,http://arxiv.org/abs/2306.04242v4,"cat:cs.RO AND all:""data quality""","cat:cs.RO AND all:""data quality"""
arXiv,2302.00968v1,3D Coverage Path Planning for Efficient Construction Progress Monitoring,Katrin Becker; Martin Oehler; Oskar von Stryk,2023,arXiv,,http://arxiv.org/abs/2302.00968v1,"cat:cs.RO AND all:""data quality""","cat:cs.RO AND all:""data quality"""
arXiv,2211.03020v2,Leveraging Haptic Feedback to Improve Data Quality and Quantity for Deep Imitation Learning Models,Catie Cuan; Allison Okamura; Mohi Khansari,2022,arXiv,,http://arxiv.org/abs/2211.03020v2,"cat:cs.RO AND all:""data quality""","cat:cs.RO AND all:""data quality"""
arXiv,2105.04112v2,ROBI: A Multi-View Dataset for Reflective Objects in Robotic Bin-Picking,Jun Yang; Yizhou Gao; Dong Li; Steven L. Waslander,2021,arXiv,,http://arxiv.org/abs/2105.04112v2,"cat:cs.RO AND all:""data quality""","cat:cs.RO AND all:""data quality"""
arXiv,2008.09679v1,Towards Resilient Autonomous Navigation of Drones,Angel Santamaria-Navarro; Rohan Thakker; David D. Fan; Benjamin Morrell; Ali-akbar Agha-mohammadi,2020,arXiv,,http://arxiv.org/abs/2008.09679v1,"cat:cs.RO AND all:""data quality""","cat:cs.RO AND all:""data quality"""
arXiv,2006.12896v1,Coverage Path Planning with Track Spacing Adaptation for Autonomous Underwater Vehicles,Veronika Yordanova; Bart Gips,2020,arXiv,,http://arxiv.org/abs/2006.12896v1,"cat:cs.RO AND all:""data quality""","cat:cs.RO AND all:""data quality"""
arXiv,1906.04055v2,Enabling Robust State Estimation through Measurement Error Covariance Adaptation,Ryan M. Watson; Jason N. Gross; Clark N. Taylor; Robert C. Leishman,2019,arXiv,,http://arxiv.org/abs/1906.04055v2,"cat:cs.RO AND all:""data quality""","cat:cs.RO AND all:""data quality"""
arXiv,1807.11034v1,PSDF Fusion: Probabilistic Signed Distance Function for On-the-fly 3D Data Fusion and Scene Reconstruction,Wei Dong; Qiuyuan Wang; Xin Wang; Hongbin Zha,2018,arXiv,,http://arxiv.org/abs/1807.11034v1,"cat:cs.RO AND all:""data quality""","cat:cs.RO AND all:""data quality"""
