source,source_id,title,authors,year,venue,doi,url,query,matched_queries
arXiv,2604.10982v1,Ψ-Map: Panoptic Surface Integrated Mapping Enables Real2Sim Transfer,Xuan Yu; Yuxuan Xie; Changjian Jiang; Shichao Zhai; Rong Xiong; Yu Zhang; Yue Wang,2026,arXiv,,http://arxiv.org/abs/2604.10982v1,"cat:cs.RO AND (all:""automatic annotation"" OR all:relabeling OR all:segmentation)","cat:cs.RO AND (all:""automatic annotation"" OR all:relabeling OR all:segmentation)"
arXiv,2603.28271v1,osmAG-Nav: A Hierarchical Semantic Topometric Navigation Stack for Robust Lifelong Indoor Autonomy,Yongqi Zhang; Jiajie Zhang; Chengqian Li; Fujing Xie; Sören Schwertfeger,2026,arXiv,,http://arxiv.org/abs/2603.28271v1,"cat:cs.RO AND (all:""automatic annotation"" OR all:relabeling OR all:segmentation)","cat:cs.RO AND (all:""automatic annotation"" OR all:relabeling OR all:segmentation)"
arXiv,2607.03553v1,iVISION-2DCD: A Long-Term Change Detection Dataset for Large-Scale Outdoor Construction Monitoring,Dayou Mao; Yuchen Lin; Ashkan Ebadi; John Zelek; Alexander Wong; Yuhao Chen,2026,arXiv,,http://arxiv.org/abs/2607.03553v1,"cat:cs.RO AND (all:""automatic annotation"" OR all:relabeling OR all:segmentation)","cat:cs.RO AND (all:""automatic annotation"" OR all:relabeling OR all:segmentation)"
arXiv,2607.14047v3,"Zero2Skill: Bootstrapping Robot Skills through Autonomous Data Collection, Training, and Deployment",Boyuan Wang; Zhenyuan Zhang; Zhiqin Yang; Peijun Gu; Shuya Wang; Xiaofeng Wang; Xianghui Ze; Yifan Chang; Guosheng Zhao; Jiangnan Shao; Guan Huang; Hengyu Liu; Yonggang Zhang; Wei Xue; Chunyuan Guan; Chenglin Pu; Yike Guo; Xingang Wang; Zheng Zhu,2026,arXiv,,http://arxiv.org/abs/2607.14047v3,"cat:cs.RO AND all:""autonomous data collection""","cat:cs.RO AND all:""autonomous data collection"""
arXiv,2607.11643v1,Xiaomi-Robotics-U0: Unified Embodied Synthesis with World Foundation Model,Xinghang Li; Jun Guo; Qiwei Li; Long Qian; Hang Lai; Yueze Wang; Hongyu Yan; Jiahang Cao; Xi Chen; Jingen Qu; Jiaxi Song; Nan Sun; Hanye Zhao; Futeng Liu; Wanli Peng; Heyun Wang; Yunhong Wang; Caoyu Xia; Jack Zhao; Diyun Xiang; Hangjun Ye; Heng Qu; Huaping Liu; Jason Li,2026,arXiv,,http://arxiv.org/abs/2607.11643v1,"cat:cs.RO AND all:""data engine""","cat:cs.RO AND all:""data engine"""
arXiv,2602.12684v2,Xiaomi-Robotics-0: An Open-Sourced Vision-Language-Action Model with Real-Time Execution,Rui Cai; Jun Guo; Xinze He; Piaopiao Jin; Jie Li; Bingxuan Lin; Futeng Liu; Wei Liu; Fei Ma; Kun Ma; Feng Qiu; Heng Qu; Yifei Su; Qiao Sun; Dong Wang; Donghao Wang; Yunhong Wang; Rujie Wu; Diyun Xiang; Yu Yang; Hangjun Ye; Yuan Zhang; Quanyun Zhou,2026,arXiv,,http://arxiv.org/abs/2602.12684v2,"cat:cs.RO AND (all:""cross-embodiment"" OR all:""action alignment"")","cat:cs.RO AND (all:""cross-embodiment"" OR all:""action alignment"")"
arXiv,2604.13001v2,"XRZero-G0: Pushing the Frontier of Dexterous Robotic Manipulation with Interfaces, Quality and Ratios",James Wang; Primo Pu; Zephyr Fung; Alex Wang; Sam Wang; Bender Deng; Kevin Wang; Zivid Liu; Chris Pan; Panda Yang; Andy Zhai; Lucy Liang; Shalfun Li; Johnny Sun; Jacky Xu; Will Tian; Kai Yan; Kohler Ye; Scott Li; Qian Wang; Roy Gan; Hao Wang,2026,arXiv,,http://arxiv.org/abs/2604.13001v2,"cat:cs.RO AND all:""data mixing""","cat:cs.RO AND (all:""cross-embodiment"" OR all:""action alignment"") || cat:cs.RO AND all:""data mixing"""
arXiv,2607.28560v1,X-NavDP: Generalizing Navigation Diffusion Policy to Novel Behavior and Embodiments with Group Q-score Reweighted Matching,Tianyu Yang; Yiming Zeng; Wenzhe Cai; Yuqiang Yang; Jiaqi Peng; Hui Cheng; Jiangmiao Pang; Tai Wang,2026,arXiv,,http://arxiv.org/abs/2607.28560v1,"cat:cs.RO AND (all:""cross-embodiment"" OR all:""action alignment"")","cat:cs.RO AND (all:""cross-embodiment"" OR all:""action alignment"")"
arXiv,2605.25044v2,X-DiffVLA: X-Embodied Diffusion Action Heads for Vision-Language-Action Models,Boyu Li; Chaoyi Xu; Haoqi Yuan; Xinrun Xu; Börje F. Karlsson; Haoran Li; Zongqing Lu; Dongbin Zhao,2026,arXiv,,http://arxiv.org/abs/2605.25044v2,"cat:cs.RO AND (all:""cross-embodiment"" OR all:""action alignment"")","cat:cs.RO AND (all:""cross-embodiment"" OR all:""action alignment"")"
arXiv,2606.03787v3,Worth Remembering: Surprise-Gated Robot Episodic Memory,Nicolas Gorlo; Derek K. Wise; Alberto Speranzon; Luca Carlone,2026,arXiv,,http://arxiv.org/abs/2606.03787v3,"cat:cs.RO AND (all:""automatic annotation"" OR all:relabeling OR all:segmentation)","cat:cs.RO AND (all:""automatic annotation"" OR all:relabeling OR all:segmentation)"
arXiv,2607.13154v2,Worlds in One Demo: A Synthetic Data Engine for Learning Open-World Mobile Manipulation,Lingxiao Guo; Huanyu Li; Guanya Shi,2026,arXiv,,http://arxiv.org/abs/2607.13154v2,"cat:cs.RO AND (all:""cross-embodiment"" OR all:""action alignment"")","cat:cs.RO AND (all:""automatic annotation"" OR all:relabeling OR all:segmentation) || cat:cs.RO AND (all:""cross-embodiment"" OR all:""action alignment"") || cat:cs.RO AND all:""data engine"""
arXiv,2605.15964v1,WorldVLN: Autoregressive World Action Model for Aerial Vision-Language Navigation,Baining Zhao; Jiacheng Xu; Weicheng Feng; Xin Zhang; Zhaolu Wang; Haoyang Wang; Shilong Ji; Ziyou Wang; Jianjie Fang; Zhiheng Zheng; Weichen Zhang; Yu Shang; Wei Wu; Chen Gao; Xinlei Chen; Yong Li,2026,arXiv,,http://arxiv.org/abs/2605.15964v1,"cat:cs.RO AND (all:""automatic annotation"" OR all:relabeling OR all:segmentation)","cat:cs.RO AND (all:""automatic annotation"" OR all:relabeling OR all:segmentation)"
arXiv,2607.18840v1,WorldScape Policy 2.0: Empowering Steerable World Action Modeling with Reasoning-Augmented Memory,Haisheng Su; Zongdai Liu; Xin Jin; Haoxuan Dou; Chengming Hu; Baorun Li; Zhanwang Liu; Ruiyan Xu; Jianjie Fang; Xin Zhang; Zhenjie Yang; Xue Yang; Chen Gao; Junchi Yan; Yong Li; Wei Wu,2026,arXiv,,http://arxiv.org/abs/2607.18840v1,"cat:cs.RO AND (all:""cross-embodiment"" OR all:""action alignment"")","cat:cs.RO AND (all:""automatic annotation"" OR all:relabeling OR all:segmentation) || cat:cs.RO AND (all:""cross-embodiment"" OR all:""action alignment"")"
arXiv,2607.02431v1,WorldSample: Closed-loop Real-robot RL with World Modelling,Yuquan Xue; Le Xu; Zeyi Liu; Zhenyu Wu; Zhengyi Gu; Xinyang Song; Bofang Jia; Ziwei Wang,2026,arXiv,,http://arxiv.org/abs/2607.02431v1,"cat:cs.RO AND (all:""data augmentation"" OR all:""synthetic demonstrations"")","cat:cs.RO AND (all:""data augmentation"" OR all:""synthetic demonstrations"")"
arXiv,2602.08971v2,WorldArena: A Unified Benchmark for Evaluating Perception and Functional Utility of Embodied World Models,Yu Shang; Zhuohang Li; Yiding Ma; Weikang Su; Xin Jin; Ziyou Wang; Lei Jin; Xin Zhang; Yinzhou Tang; Haisheng Su; Chen Gao; Wei Wu; Xihui Liu; Dhruv Shah; Zhaoxiang Zhang; Zhibo Chen; Jun Zhu; Yonghong Tian; Tat-Seng Chua; Wenwu Zhu; Yong Li,2026,arXiv,,http://arxiv.org/abs/2602.08971v2,"cat:cs.RO AND all:""data engine""","cat:cs.RO AND all:""data engine"""
arXiv,2606.02027v1,World-Task Factorization for Robot Learning,Eduardo Sebastián; Adrian Pfisterer; Vito Mengers; Oliver Brock; Amanda Prorok,2026,arXiv,,http://arxiv.org/abs/2606.02027v1,"cat:cs.RO AND (all:""world model"" AND all:""data generation"")","cat:cs.RO AND (all:""world model"" AND all:""data generation"")"
arXiv,2606.05979v1,"World-Language-Action Model for Unified World Modeling, Language Reasoning, and Action Synthesis",Yi Yang; Zhihong Liu; Siqi Kou; Yiyang Chen; Yanzhe Hu; Jianbo Zhou; Boyuan Zhao; Zhijie Wei; Xiao Xia; Xueqi Li; Pengfei Liu; Zhijie Deng,2026,arXiv,,http://arxiv.org/abs/2606.05979v1,"cat:cs.RO AND (all:""cross-embodiment"" OR all:""action alignment"")","cat:cs.RO AND (all:""cross-embodiment"" OR all:""action alignment"")"
arXiv,2606.24742v1,World Value Models for Robotic Manipulation,Zhihao Wang; Jianxiong Li; Yu Cui; Yuan Gao; Xianyuan Zhan; Junzhi Yu; Xiao Ma,2026,arXiv,,http://arxiv.org/abs/2606.24742v1,"cat:cs.RO AND all:""data quality""","cat:cs.RO AND all:""data quality"""
arXiv,2606.00113v1,World Models for Robotic Manipulation: A Survey,Fangyuan Wang; Ziyuan Wang; Guorui Pei; Mengshi Zhang; Canxi Liang; Jun Hu; Zhongxuan Li; Jinsong Wu; Ning Han; Zeqing Zhang; Jiaming Qi; Hongmin Wu; Shiyao Zhang; Pai Zheng; Jia Pan; David Navarro-Alarcon; Sichao Liu; Peng Zhou,2026,arXiv,,http://arxiv.org/abs/2606.00113v1,"cat:cs.RO AND (all:""cross-embodiment"" OR all:""action alignment"")","cat:cs.RO AND (all:""cross-embodiment"" OR all:""action alignment"")"
arXiv,2605.00080v1,World Model for Robot Learning: A Comprehensive Survey,Bohan Hou; Gen Li; Jindou Jia; Tuo An; Xinying Guo; Sicong Leng; Haoran Geng; Yanjie Ze; Tatsuya Harada; Philip Torr; Oier Mees; Marc Pollefeys; Zhuang Liu; Jiajun Wu; Pieter Abbeel; Jitendra Malik; Yilun Du; Jianfei Yang,2026,arXiv,,http://arxiv.org/abs/2605.00080v1,"cat:cs.RO AND (all:""world model"" AND all:""data generation"")","cat:cs.RO AND (all:""world model"" AND all:""data generation"")"
arXiv,2604.01985v2,World Action Verifier: Self-Improving World Models via Forward-Inverse Asymmetry,Yuejiang Liu; Fan Feng; Lingjing Kong; Weifeng Lu; Jinzhou Tang; Kun Zhang; Kevin Murphy; Chelsea Finn; Yilun Du,2026,arXiv,,http://arxiv.org/abs/2604.01985v2,"cat:cs.RO AND (all:""self-improvement"" OR all:""online post-training"")","cat:cs.RO AND (all:""self-improvement"" OR all:""online post-training"")"
arXiv,2602.15922v1,World Action Models are Zero-shot Policies,"Seonghyeon Ye; Yunhao Ge; Kaiyuan Zheng; Shenyuan Gao; Sihyun Yu; George Kurian; Suneel Indupuru; You Liang Tan; Chuning Zhu; Jiannan Xiang; Ayaan Malik; Kyungmin Lee; William Liang; Nadun Ranawaka; Jiasheng Gu; Yinzhen Xu; Guanzhi Wang; Fengyuan Hu; Avnish Narayan; Johan Bjorck; Jing Wang; Gwanghyun Kim; Dantong Niu; Ruijie Zheng; Yuqi Xie; Jimmy Wu; Qi Wang; Ryan Julian; Danfei Xu; Yilun Du; Yevgen Chebotar; Scott Reed; Jan Kautz; Yuke Zhu; Linxi ""Jim"" Fan; Joel Jang",2026,arXiv,,http://arxiv.org/abs/2602.15922v1,"cat:cs.RO AND (all:""cross-embodiment"" OR all:""action alignment"")","cat:cs.RO AND (all:""cross-embodiment"" OR all:""action alignment"")"
arXiv,2605.15619v1,Wind-Aware Optimal Trajectory Planning for Efficient Gliding of Fixed-Wing Aerial Systems,Luca Morando; Nishanth Bobbili; Giuseppe Loianno,2026,arXiv,,http://arxiv.org/abs/2605.15619v1,"cat:cs.RO AND (all:""automatic annotation"" OR all:relabeling OR all:segmentation)","cat:cs.RO AND (all:""automatic annotation"" OR all:relabeling OR all:segmentation)"
arXiv,2605.15430v1,Where to Perch in a Tree: Vision-Guidance for Tree-Grasping Drones,Alex Dunnett; Leonie Bottomley; Mirko Kovac; Basaran Bahadir Kocer,2026,arXiv,,http://arxiv.org/abs/2605.15430v1,"cat:cs.RO AND (all:""automatic annotation"" OR all:relabeling OR all:segmentation)","cat:cs.RO AND (all:""automatic annotation"" OR all:relabeling OR all:segmentation)"
arXiv,2606.17463v1,WeaveLA: Event Driven Cross-Subtask Latent Memory Weaving for Repetitive Robot Manipulation,Shoujing Zhu; Zhenyang Liu; Fungmiu Wang; Jiafeng Wang; Bo Yue; Guiliang Liu; Simo Wu; Xiangyang Xue; Taiping Zeng,2026,arXiv,,http://arxiv.org/abs/2606.17463v1,"cat:cs.RO AND (all:""automatic annotation"" OR all:relabeling OR all:segmentation)","cat:cs.RO AND (all:""automatic annotation"" OR all:relabeling OR all:segmentation)"
arXiv,2607.10999v1,Wearing A Coat: Dual-Arm Robot-Assisted Dressing with Differentiable Clothing Simulation,Yiming Liu; Lijun Han; Hesheng Wang,2026,arXiv,,http://arxiv.org/abs/2607.10999v1,"cat:cs.RO AND (all:""automatic annotation"" OR all:relabeling OR all:segmentation)","cat:cs.RO AND (all:""automatic annotation"" OR all:relabeling OR all:segmentation)"
DBLP,62160,"Weakly labelled spatial-temporal sweet pepper data: Enabling higher quality detection, segmentation, and tracking",Esra Guclu; Michael Halstead; Simon Denman; Chris McCool,2026,Int. J. Robotics Res.,10.1177/02783649251379093,https://doi.org/10.1177/02783649251379093,robot data quality,robot data quality
arXiv,2607.11603v1,WarpMPC: Large-Batch MPC on GPU via ADMM with Unrolled $LDL^\top$ Factorization,Henrik Hose; Se Hwan Jeon; Charles Khazoom; Sangbae Kim; Sebastian Trimpe,2026,arXiv,,http://arxiv.org/abs/2607.11603v1,"cat:cs.RO AND (all:""automatic annotation"" OR all:relabeling OR all:segmentation)","cat:cs.RO AND (all:""automatic annotation"" OR all:relabeling OR all:segmentation)"
arXiv,2604.26839v1,Walk With Me: Long-Horizon Social Navigation for Human-Centric Outdoor Assistance,Lingfeng Zhang; Xiaoshuai Hao; Xizhou Bu; Yingbo Tang; Hongsheng Li; Jinghui Lu; Xiu-shen Wei; Jiayi Ma; Yu Liu; Jing Zhang; Hangjun Ye; Xiaojun Liang; Long Chen; Wenbo Ding,2026,arXiv,,http://arxiv.org/abs/2604.26839v1,"cat:cs.RO AND (all:""automatic annotation"" OR all:relabeling OR all:segmentation)","cat:cs.RO AND (all:""automatic annotation"" OR all:relabeling OR all:segmentation)"
arXiv,2604.08958v3,WOMBET: World Model-Based Experience Transfer for Robust and Sample-efficient Reinforcement Learning,Mintae Kim; Koushil Sreenath,2026,arXiv,,http://arxiv.org/abs/2604.08958v3,"cat:cs.RO AND (all:""world model"" AND all:""data generation"")","cat:cs.RO AND (all:""world model"" AND all:""data generation"")"
arXiv,2607.13405v1,WNOJ-LIO: A White-Noise-on-Jerk Motion-Prior EKF for High-Dynamic LiDAR-IMU Fusion,Junning Lyu; Qizhi Guo; Xia Ning; Tao Song; Shaoming He,2026,arXiv,,http://arxiv.org/abs/2607.13405v1,"cat:cs.RO AND (all:""automatic annotation"" OR all:relabeling OR all:segmentation)","cat:cs.RO AND (all:""automatic annotation"" OR all:relabeling OR all:segmentation)"
arXiv,2606.28320v3,WARP-RM: A Warp-Augmented Relative Progress Reward Model for Data Curation,Justin Yu; Andrew Goldberg; Kavish Kondap; Karim El-Refai; Ethan Ransing; Qianzhong Chen; Mac Schwager; Fred Shentu; Philipp Wu; Ken Goldberg,2026,arXiv,,http://arxiv.org/abs/2606.28320v3,"cat:cs.RO AND all:""data curation""","cat:cs.RO AND all:""data curation"""
arXiv,2605.01365v1,VoxAfford: Multi-Scale Voxel-Token Fusion for Open-Vocabulary 3D Affordance Detection,Haowen Sun; Shaolong Zhang; Mingyang Li; Chengzhong Ma; Xinzhe Chen; Qiongjie Cui; Xingyu Chen; Zeyang Liu; Xuguang Lan,2026,arXiv,,http://arxiv.org/abs/2605.01365v1,"cat:cs.RO AND (all:""automatic annotation"" OR all:relabeling OR all:segmentation)","cat:cs.RO AND (all:""automatic annotation"" OR all:relabeling OR all:segmentation)"
arXiv,2607.21400v1,"VoLN: Vision-Only Long-Horizon Navigation---Paradigm, Benchmark, and Method",Jiabin Lou; Haopeng Wang; Yuanshuai Wang; Xinyu Liu; Xuxin Lv; Yuxin Guo; Lei Huang; Rongye Shi; Wenjun Wu,2026,arXiv,,http://arxiv.org/abs/2607.21400v1,"cat:cs.RO AND (all:""automatic annotation"" OR all:relabeling OR all:segmentation)","cat:cs.RO AND (all:""automatic annotation"" OR all:relabeling OR all:segmentation)"
arXiv,2606.18247v1,Visual Verification Enables Inference-time Steering and Autonomous Policy Improvement,Mingtong Zhang; Dhruv Shah,2026,arXiv,,http://arxiv.org/abs/2606.18247v1,"cat:cs.RO AND (all:""self-improvement"" OR all:""online post-training"")","cat:cs.RO AND (all:""self-improvement"" OR all:""online post-training"")"
arXiv,2604.04564v1,Visual Prompt Based Reasoning for Offroad Mapping using Multimodal LLMs,Abdelmoamen Nasser; Yousef Baba'a; Murad Mebrahtu; Nadya Abdel Madjid; Jorge Dias; Majid Khonji,2026,arXiv,,http://arxiv.org/abs/2604.04564v1,"cat:cs.RO AND (all:""automatic annotation"" OR all:relabeling OR all:segmentation)","cat:cs.RO AND (all:""automatic annotation"" OR all:relabeling OR all:segmentation)"
DBLP,130603,"Vision-Language-Action in Robotics: A Survey of Datasets, Benchmarks, and Data Engines",Ziyao Wang; Bingying Wang; Hanrong Zhang; Tingting Du; Tianyang Chen; Guoheng Sun; Yexiao He; Zheyu Shen; Wanghao Ye; Ang Li 0005,2026,Trans. Mach. Learn. Res.,,https://openreview.net/forum?id=tAaWFpvnmm,vision language action data engine,"cat:cs.RO AND all:""data engine"" || vision language action data engine"
arXiv,2606.24814v2,Vision-Language Model Reasoning for Contextual Semantic Mapping in Intralogistics,Marvin Rüdt; Hao Pang; Constantin Enke; Zäzilia Seibold; Kai Furmans,2026,arXiv,,http://arxiv.org/abs/2606.24814v2,"cat:cs.RO AND (all:""automatic annotation"" OR all:relabeling OR all:segmentation)","cat:cs.RO AND (all:""automatic annotation"" OR all:relabeling OR all:segmentation)"
arXiv,2606.19154v1,Viking Hill Dataset: A Lidar-Radar-Camera Dataset for Detection and Segmentation in Forest Scenes,Vladimír Kubelka; Oleksandr Kotlyar; Unal Artan; Martin Magnusson,2026,arXiv,,http://arxiv.org/abs/2606.19154v1,"cat:cs.RO AND (all:""automatic annotation"" OR all:relabeling OR all:segmentation)","cat:cs.RO AND (all:""automatic annotation"" OR all:relabeling OR all:segmentation)"
arXiv,2601.07823v1,"Video Generation Models in Robotics -- Applications, Research Challenges, Future Directions",Zhiting Mei; Tenny Yin; Ola Shorinwa; Apurva Badithela; Zhonghe Zheng; Joseph Bruno; Madison Bland; Lihan Zha; Asher Hancock; Jaime Fernández Fisac; Philip Dames; Anirudha Majumdar,2026,arXiv,,http://arxiv.org/abs/2601.07823v1,"cat:cs.RO AND all:""data curation""","cat:cs.RO AND (all:""world model"" AND all:""data generation"") || cat:cs.RO AND all:""data curation"""
arXiv,2607.22530v1,ViTacWorld: Scaling Visuo-Tactile World Models for Contact-Rich Robot Manipulation,Yunao Huang; Shiyu Sang; Haotao Lu; Suting Ni; Shijie Wu; Ziyang Guo; Ye Shi; Jingya Wang,2026,arXiv,,http://arxiv.org/abs/2607.22530v1,"cat:cs.RO AND (all:""data augmentation"" OR all:""synthetic demonstrations"")","cat:cs.RO AND (all:""data augmentation"" OR all:""synthetic demonstrations"")"
arXiv,2603.14887v2,ViSA: Visited-State Augmentation for Generalized Goal-Space Contrastive Reinforcement Learning,Issa Nakamura; Tomoya Yamanokuchi; Yuki Kadokawa; Jia Qu; Shun Otsub; Ken Miyamoto; Shotaro Miwa; Takamitsu Matsubara,2026,arXiv,,http://arxiv.org/abs/2603.14887v2,"cat:cs.RO AND (all:""data augmentation"" OR all:""synthetic demonstrations"")","cat:cs.RO AND (all:""data augmentation"" OR all:""synthetic demonstrations"")"
arXiv,2606.28804v1,ViPSim: Collaborating Visual and Parameter Spaces for Consistent Long-Horizon Embodied World Models,Longyu Chen; Heng Li; Wei Yang; Manqi Zhao; Dongsheng Jiang,2026,arXiv,,http://arxiv.org/abs/2606.28804v1,"cat:cs.RO AND (all:""cross-embodiment"" OR all:""action alignment"")","cat:cs.RO AND (all:""cross-embodiment"" OR all:""action alignment"")"
arXiv,2607.09130v1,Vascular Geometry Characterization for AI-Based Endovascular Navigation,Han-Ru Wu; Harry Robertshaw; Lisa Dwyer-Joyce; Thomas C Booth; Alejandro Granados,2026,arXiv,,http://arxiv.org/abs/2607.09130v1,"cat:cs.RO AND (all:""automatic annotation"" OR all:relabeling OR all:segmentation)","cat:cs.RO AND (all:""automatic annotation"" OR all:relabeling OR all:segmentation)"
arXiv,2605.27114v2,VR-DAgger: Immersive VR for Dexterous Data Collection and Uncertainty-Guided On-Policy Correction,René Zurbrügg; Tifanny Portela; Arjun Bhardwaj; Aravind Elanjimattathil Vijayan; Maximum Wilder-Smith; Marco Hutter,2026,arXiv,,http://arxiv.org/abs/2605.27114v2,"cat:cs.RO AND (all:""automatic annotation"" OR all:relabeling OR all:segmentation)","cat:cs.RO AND (all:""automatic annotation"" OR all:relabeling OR all:segmentation)"
arXiv,2606.06323v2,VOLT: Vision and Language Trajectory Segmentation for Faster-than-Demonstration Policies,Robert Ramirez Sanchez; Daniel J. Evans; Dylan P. Losey; Siddarth Jain,2026,arXiv,,http://arxiv.org/abs/2606.06323v2,"cat:cs.RO AND (all:""automatic annotation"" OR all:relabeling OR all:segmentation)","cat:cs.RO AND (all:""automatic annotation"" OR all:relabeling OR all:segmentation)"
arXiv,2604.11671v2,VLMaterial: Vision-Language Model-Based Camera-Radar Fusion for Physics-Grounded Material Identification,Jiangyou Zhu; He Chen,2026,arXiv,,http://arxiv.org/abs/2604.11671v2,"cat:cs.RO AND (all:""automatic annotation"" OR all:relabeling OR all:segmentation)","cat:cs.RO AND (all:""automatic annotation"" OR all:relabeling OR all:segmentation)"
arXiv,2605.30506v1,VLM-GLoc: Vision-Language Model Enhanced Monte Carlo Localization for Robust Semantic Global Localization in Cluttered Quasi-Static Environments,Shivendra Agrawal; Bradley Hayes,2026,arXiv,,http://arxiv.org/abs/2605.30506v1,"cat:cs.RO AND (all:""data augmentation"" OR all:""synthetic demonstrations"")","cat:cs.RO AND (all:""data augmentation"" OR all:""synthetic demonstrations"")"
arXiv,2605.27948v1,VLM-Based Advanced Rider Assistance System for Motorcycle Safety,Mohamed Elnoor; Francesca Baldini; Ananya Trivedi; Faizan M. Tariq; Jovin D'sa; David Isele; Sangjae Bae; Dinesh Manocha; Yosuke Sakamoto,2026,arXiv,,http://arxiv.org/abs/2605.27948v1,"cat:cs.RO AND (all:""automatic annotation"" OR all:relabeling OR all:segmentation)","cat:cs.RO AND (all:""automatic annotation"" OR all:relabeling OR all:segmentation)"
arXiv,2606.17183v1,VL-MemKnG: Hybrid Memory with a Spatio-Temporal Knowledge Graph for Question Answering over Long Egocentric Navigation Trajectories,Svetlana Lukina; Mohamad Al Mdfaa; Gloria Haro; Sergey Zagoruyko; Gonzalo Ferrer,2026,arXiv,,http://arxiv.org/abs/2606.17183v1,"cat:cs.RO AND (all:""automatic annotation"" OR all:relabeling OR all:segmentation)","cat:cs.RO AND (all:""automatic annotation"" OR all:relabeling OR all:segmentation)"
arXiv,2606.12028v1,VICX: Generalizable Robot Manipulation via Video Generation and In-Context Operator Network,Song Chen; Linyan Xiang; Ying Zhou; Liu Yang,2026,arXiv,,http://arxiv.org/abs/2606.12028v1,"cat:cs.RO AND (all:""cross-embodiment"" OR all:""action alignment"")","cat:cs.RO AND (all:""automatic annotation"" OR all:relabeling OR all:segmentation) || cat:cs.RO AND (all:""cross-embodiment"" OR all:""action alignment"")"
arXiv,2606.16696v1,VENOM: Versatile Embodied Network for Omni-bodied Motion tracking,Siddharth Padmanabhan; Kazuki Miyazawa; Takato Horii,2026,arXiv,,http://arxiv.org/abs/2606.16696v1,"cat:cs.RO AND (all:""cross-embodiment"" OR all:""action alignment"")","cat:cs.RO AND (all:""cross-embodiment"" OR all:""action alignment"")"
arXiv,2605.29564v1,VE2VF: Vision-Enabled to Vision-Free Distillation via Real-world Reinforcement Learning for Robust Contact-Rich Manipulation,Victor Kowalski; Chengxi Li; Dongheui Lee,2026,arXiv,,http://arxiv.org/abs/2605.29564v1,"cat:cs.RO AND (all:""data augmentation"" OR all:""synthetic demonstrations"")","cat:cs.RO AND (all:""data augmentation"" OR all:""synthetic demonstrations"")"
arXiv,2604.09330v1,VAG: Dual-Stream Video-Action Generation for Embodied Data Synthesis,Xiaolei Lang; Yang Wang; Yukun Zhou; Chaojun Ni; Kerui Li; Jiagang Zhu; Tianze Liu; Jiajun Lv; Xingxing Zuo; Yun Ye; Guan Huang; Xiaofeng Wang; Zheng Zhu,2026,arXiv,,http://arxiv.org/abs/2604.09330v1,"cat:cs.RO AND (all:""cross-embodiment"" OR all:""action alignment"")","cat:cs.RO AND (all:""cross-embodiment"" OR all:""action alignment"")"
arXiv,2604.15938v1,VADF: Vision-Adaptive Diffusion Policy Framework for Efficient Robotic Manipulation,Xinglei Yu; Zhenyang Liu; Shufeng Nan; Simo Wu; Yanwei Fu,2026,arXiv,,http://arxiv.org/abs/2604.15938v1,"cat:cs.RO AND (all:""automatic annotation"" OR all:relabeling OR all:segmentation)","cat:cs.RO AND (all:""automatic annotation"" OR all:relabeling OR all:segmentation)"
arXiv,2607.19804v1,V2F: Vision-Informed Grasp Force Prediction for Damage-Aware Robotic Handling of Date Fruits,Shahd Shami; Obadah Wali; Eric Feron; Shinkyu Park,2026,arXiv,,http://arxiv.org/abs/2607.19804v1,"cat:cs.RO AND (all:""automatic annotation"" OR all:relabeling OR all:segmentation)","cat:cs.RO AND (all:""automatic annotation"" OR all:relabeling OR all:segmentation)"
arXiv,2606.26151v1,Unsupervised Memory-Enhanced Video Transformers: Obstacle Detection for Autonomous Agricultural Rover,Théo Biardeau; Anne-Sophie Capelle-Laizé; Salwan Alwan; David Helbert,2026,arXiv,,http://arxiv.org/abs/2606.26151v1,"cat:cs.RO AND (all:""automatic annotation"" OR all:relabeling OR all:segmentation)","cat:cs.RO AND (all:""automatic annotation"" OR all:relabeling OR all:segmentation)"
arXiv,2606.03581v1,UnsOcc: 3D Semantic Occupancy Prediction in Unstructured Scene via Rendering Fusion,Ye Wu; Ruiqi Song; Baiyong Ding; Nanxin Zeng; Junjie Cheng; Yunfeng Ai,2026,arXiv,,http://arxiv.org/abs/2606.03581v1,"cat:cs.RO AND (all:""automatic annotation"" OR all:relabeling OR all:segmentation)","cat:cs.RO AND (all:""automatic annotation"" OR all:relabeling OR all:segmentation)"
arXiv,2607.00351v1,Unleashing More Actions via Action Compositional Training for VLA Models,Kai Peng; Jie Lu; Xiaojiang Peng,2026,arXiv,,http://arxiv.org/abs/2607.00351v1,"cat:cs.RO AND (all:""data augmentation"" OR all:""synthetic demonstrations"")","cat:cs.RO AND (all:""data augmentation"" OR all:""synthetic demonstrations"")"
arXiv,2606.16917v3,Unified Motion-Action Modeling for Heterogeneous Robot Learning,Yunhao Cao; Shitong Liu; Chao Feng; Meryl Zhang; Xuanchen Lu; Andrew Owens; Kuan Fang,2026,arXiv,,http://arxiv.org/abs/2606.16917v3,"cat:cs.RO AND (all:""automatic annotation"" OR all:relabeling OR all:segmentation)","cat:cs.RO AND (all:""automatic annotation"" OR all:relabeling OR all:segmentation)"
arXiv,2604.19734v1,UniT: Toward a Unified Physical Language for Human-to-Humanoid Policy Learning and World Modeling,Boyu Chen; Yi Chen; Lu Qiu; Jerry Bai; Yuying Ge; Yixiao Ge,2026,arXiv,,http://arxiv.org/abs/2604.19734v1,"cat:cs.RO AND (all:""cross-embodiment"" OR all:""action alignment"")","cat:cs.RO AND (all:""cross-embodiment"" OR all:""action alignment"")"
arXiv,2602.00915v1,UniMorphGrasp: Diffusion Model with Morphology-Awareness for Cross-Embodiment Dexterous Grasp Generation,Zhiyuan Wu; Xiangyu Zhang; Zhuo Chen; Jiankang Deng; Rolandos Alexandros Potamias; Shan Luo,2026,arXiv,,http://arxiv.org/abs/2602.00915v1,"cat:cs.RO AND (all:""cross-embodiment"" OR all:""action alignment"")","cat:cs.RO AND (all:""cross-embodiment"" OR all:""action alignment"")"
arXiv,2606.10683v2,UniDexTok: A Unified Dexterous Hand Tokenizer from Real Data,Dong Fang; Youjun Wu; Yuanxin Zhong; Rui Zhang; Yunlong Wang; Xiaosong Jia; Yu-Gang Jiang,2026,arXiv,,http://arxiv.org/abs/2606.10683v2,"cat:cs.RO AND (all:""cross-embodiment"" OR all:""action alignment"")","cat:cs.RO AND (all:""cross-embodiment"" OR all:""action alignment"")"
arXiv,2607.10597v1,Underwater Dead Reckoning with Deployable Situation-Triggered Covariance Scheduling,Akshay Naik; Ramavarapu S. Sreenivas; Dustin Nottage; Ahmet Soylemezoglu,2026,arXiv,,http://arxiv.org/abs/2607.10597v1,"cat:cs.RO AND (all:""automatic annotation"" OR all:relabeling OR all:segmentation)","cat:cs.RO AND (all:""automatic annotation"" OR all:relabeling OR all:segmentation)"
arXiv,2606.08341v1,Uncertainty-Aware Intention Prediction for Human-to-Robot Assembly Teleoperation,Fnu Heman; Yixuan Wang; Kolin Xu; Conner Wallace; John Dang; Akhil Joshi; Jun Sheng; Pinhas Ben-Tzvi; Mingyu Cai,2026,arXiv,,http://arxiv.org/abs/2606.08341v1,"cat:cs.RO AND (all:""automatic annotation"" OR all:relabeling OR all:segmentation)","cat:cs.RO AND (all:""automatic annotation"" OR all:relabeling OR all:segmentation)"
arXiv,2602.09023v4,TwinRL: Digital Twin-Driven Reinforcement Learning for Real-World Robotic Manipulation,Qinwen Xu; Jiaming Liu; Rui Zhou; Shaojun Shi; Nuowei Han; Zhuoyang Liu; Chenyang Gu; Shuo Gu; Yang Yue; Gao Huang; Wenzhao Zheng; Sirui Han; Peng Jia; Shanghang Zhang,2026,arXiv,,http://arxiv.org/abs/2602.09023v4,"cat:cs.RO AND (all:""data augmentation"" OR all:""synthetic demonstrations"")","cat:cs.RO AND (all:""data augmentation"" OR all:""synthetic demonstrations"")"
arXiv,2605.27817v1,Turning Video Models into Generalist Robot Policies,Sizhe Lester Li; Evan Kim; Xingjian Bai; Tong Zhao; Tao Pang; Max Simchowitz; Vincent Sitzmann,2026,arXiv,,http://arxiv.org/abs/2605.27817v1,"cat:cs.RO AND (all:""cross-embodiment"" OR all:""action alignment"")","cat:cs.RO AND (all:""cross-embodiment"" OR all:""action alignment"")"
arXiv,2605.27644v1,Trinity: Unifying Class-Agnostic Terrain and Semantic Segmentation for Unstructured Outdoor Environments by Leveraging Synthetic Data,Marcus G Müller; Wout Boerdijk; Maximilian Durner; Riccardo Giubilato; Abel Gawel; Wolfgang Stürzl; Roland Siegwart; Rudolph Triebel,2026,arXiv,,http://arxiv.org/abs/2605.27644v1,"cat:cs.RO AND (all:""automatic annotation"" OR all:relabeling OR all:segmentation)","cat:cs.RO AND (all:""automatic annotation"" OR all:relabeling OR all:segmentation)"
arXiv,2607.25731v2,Tri-Manual Visuomotor Imitation Learning of Robot Policies,James Zhao; Mingyuan Ba; Weiming Zhi,2026,arXiv,,http://arxiv.org/abs/2607.25731v2,"cat:cs.RO AND (all:""automatic annotation"" OR all:relabeling OR all:segmentation)","cat:cs.RO AND (all:""automatic annotation"" OR all:relabeling OR all:segmentation)"
arXiv,2605.19958v1,TravExplorer: Cross-Floor Embodied Exploration via Traversability-Aware 3-D Planning,Han Zheng; Zhe Chen; Yudong Huang; Haoran Liu; Jinghao Wang; Ming Yang; Tong Qin,2026,arXiv,,http://arxiv.org/abs/2605.19958v1,"cat:cs.RO AND (all:""automatic annotation"" OR all:relabeling OR all:segmentation)","cat:cs.RO AND (all:""automatic annotation"" OR all:relabeling OR all:segmentation)"
arXiv,2607.25798v1,Transformer Transformer: A Unified Model for Motion-Conditioned Robot Co-design,Huy Ha; C. Karen Liu; Shuran Song,2026,arXiv,,http://arxiv.org/abs/2607.25798v1,"cat:cs.RO AND (all:""cross-embodiment"" OR all:""action alignment"")","cat:cs.RO AND (all:""cross-embodiment"" OR all:""action alignment"")"
arXiv,2606.15516v2,"Transferring Contact, Not Just Motion: Compliant Grasping Across Dexterous Hands",Soofiyan Atar; Yao-Ting Huang; Michael Yip,2026,arXiv,,http://arxiv.org/abs/2606.15516v2,"cat:cs.RO AND (all:""cross-embodiment"" OR all:""action alignment"")","cat:cs.RO AND (all:""cross-embodiment"" OR all:""action alignment"")"
arXiv,2607.21071v1,TransBiolab: A Real-World Multi-View Dataset of Cluttered Transparent Biomedical Objects,Ke Ma; Yifei Wang; Meng Wang; Tian Xia,2026,arXiv,,http://arxiv.org/abs/2607.21071v1,"cat:cs.RO AND (all:""automatic annotation"" OR all:relabeling OR all:segmentation)","cat:cs.RO AND (all:""automatic annotation"" OR all:relabeling OR all:segmentation)"
arXiv,2605.13401v1,Trajectory-Level Data Augmentation for Offline Reinforcement Learning,Tobias Schmähling; Matthias Burkhardt; Tobias Windisch,2026,arXiv,,http://arxiv.org/abs/2605.13401v1,"cat:cs.RO AND (all:""data augmentation"" OR all:""synthetic demonstrations"")","cat:cs.RO AND (all:""data augmentation"" OR all:""synthetic demonstrations"") || cat:cs.RO AND all:""data quality"""
arXiv,2605.08511v1,Trajectory-Consistent Flow Matching for Robust Visuomotor Policy Learning,Riad Ahmed; Sujosh Nag; Moniruzzaman Akash; Mostafa Hussein; Momotaz Begum,2026,arXiv,,http://arxiv.org/abs/2605.08511v1,"cat:cs.RO AND (all:""automatic annotation"" OR all:relabeling OR all:segmentation)","cat:cs.RO AND (all:""automatic annotation"" OR all:relabeling OR all:segmentation)"
arXiv,2607.11657v1,Trajectory Planning and Certification for 3-DOF Robot Manipulators Using Real Quantifier Elimination Based on Comprehensive Gröbner Systems,Yu Nakai; Akira Terui; Masahiko Mikawa,2026,arXiv,,http://arxiv.org/abs/2607.11657v1,"cat:cs.RO AND (all:""automatic annotation"" OR all:relabeling OR all:segmentation)","cat:cs.RO AND (all:""automatic annotation"" OR all:relabeling OR all:segmentation)"
arXiv,2606.30552v2,Training Vision-Language-Action Models with Dense Embodied Chain-of-Thought Supervision,Haoyang Li; Guanlin Li; Youhe Feng; Chen Zhao; Zhuoran Wang; Yang Li; Qizhe Wei; Shifeng Bao; Haitao Shen; Yihan Zhao; Tong Yang; Jing Zhang,2026,arXiv,,http://arxiv.org/abs/2606.30552v2,"cat:cs.RO AND (all:""cross-embodiment"" OR all:""action alignment"")","cat:cs.RO AND (all:""cross-embodiment"" OR all:""action alignment"")"
DBLP,172673,Towards Edge Intelligence via Autonomous Navigation: A Robot-Assisted Data Collection Approach,Tingting Huang; Yingyang Chen; Sixian Qin; Zhijian Lin; Jun Li 0036; Li Wang 0039,2026,ICC Workshops,10.1109/ICCWORKSHOPS63917.2026.11586500,https://doi.org/10.1109/ICCWorkshops63917.2026.11586500,robot autonomous data collection,robot autonomous data collection
arXiv,2606.02979v1,Towards Compact Autonomous Driving Perception with Balanced Learning and Multi-sensor Fusion,Oskar Natan; Jun Miura,2026,arXiv,,http://arxiv.org/abs/2606.02979v1,"cat:cs.RO AND (all:""automatic annotation"" OR all:relabeling OR all:segmentation)","cat:cs.RO AND (all:""automatic annotation"" OR all:relabeling OR all:segmentation)"
arXiv,2605.06311v1,Toward Visually Realistic Simulation: A Benchmark for Evaluating Robot Manipulation in Simulation,Yixin Zhu; Zixiong Wang; Jian Yang; Jin Xie; Jingyi Yu; Jiayuan Gu; Beibei Wang,2026,arXiv,,http://arxiv.org/abs/2605.06311v1,"cat:cs.RO AND (all:""automatic annotation"" OR all:relabeling OR all:segmentation)","cat:cs.RO AND (all:""automatic annotation"" OR all:relabeling OR all:segmentation)"
arXiv,2603.23052v1,Tightly-Coupled Radar-Visual-Inertial Odometry,Morten Nissov; Mohit Singh; Kostas Alexis,2026,arXiv,,http://arxiv.org/abs/2603.23052v1,"cat:cs.RO AND (all:""data augmentation"" OR all:""synthetic demonstrations"")","cat:cs.RO AND (all:""data augmentation"" OR all:""synthetic demonstrations"")"
arXiv,2605.00438v1,Thinking in Text and Images: Interleaved Vision--Language Reasoning Traces for Long-Horizon Robot Manipulation,Jinkun Liu; Haohan Chi; Lingfeng Zhang; Yifan Xie; YuAn Wang; Long Chen; Hangjun Ye; Xiaoshuai Hao; Wenbo Ding,2026,arXiv,,http://arxiv.org/abs/2605.00438v1,"cat:cs.RO AND (all:""automatic annotation"" OR all:relabeling OR all:segmentation)","cat:cs.RO AND (all:""automatic annotation"" OR all:relabeling OR all:segmentation)"
arXiv,2605.01340v1,Terrain Perception for Agricultural UAVs in Complex Farmland via Rotating mmWave Radar,Zhihao Zhan; Le Tao; Shaobin Li; Chenxin Fang; Xingrui Yang; Liang Li; Rui Fan; Yuhang Ming,2026,arXiv,,http://arxiv.org/abs/2605.01340v1,"cat:cs.RO AND (all:""automatic annotation"" OR all:relabeling OR all:segmentation)","cat:cs.RO AND (all:""automatic annotation"" OR all:relabeling OR all:segmentation)"
arXiv,2606.18582v1,Technical Report for ICRA 2026 GOOSE 2D Fine-Grained Semantic Segmentation Challenge: Leveraging DINOv3 for Robust Outdoor Scene Understanding in Field Robotics,Jaeil Park; Hyobin Choi; Sangjin Lee; Hyungtae Lim; Sung-Hoon Yoon,2026,arXiv,,http://arxiv.org/abs/2606.18582v1,"cat:cs.RO AND (all:""automatic annotation"" OR all:relabeling OR all:segmentation)","cat:cs.RO AND (all:""automatic annotation"" OR all:relabeling OR all:segmentation)"
arXiv,2606.21456v1,Technical Report for ICRA 2026 GOOSE 2D Fine-Grained Semantic Segmentation Challenge: Exploring Query-Based Segmentation and Increased Spatial Context for Outdoor Scene Understanding,David Pascual-Hernández; Roberto Calvo-Palomino; Inmaculada Mora-Jiménez; Jose María Cañas-Plaza,2026,arXiv,,http://arxiv.org/abs/2606.21456v1,"cat:cs.RO AND (all:""automatic annotation"" OR all:relabeling OR all:segmentation)","cat:cs.RO AND (all:""automatic annotation"" OR all:relabeling OR all:segmentation)"
arXiv,2604.08726v1,Task-Aware Bimanual Affordance Prediction via VLM-Guided Semantic-Geometric Reasoning,Fabian Hahne; Vignesh Prasad; Georgia Chalvatzaki; Jan Peters; Alap Kshirsagar,2026,arXiv,,http://arxiv.org/abs/2604.08726v1,"cat:cs.RO AND (all:""automatic annotation"" OR all:relabeling OR all:segmentation)","cat:cs.RO AND (all:""automatic annotation"" OR all:relabeling OR all:segmentation)"
arXiv,2606.10918v1,Task Robustness via Re-Labelling Vision-Action Robot Data,Artur Kuramshin; Özgür Aslan; Cyrus Neary; Glen Berseth,2026,arXiv,,http://arxiv.org/abs/2606.10918v1,"cat:cs.RO AND (all:""automatic annotation"" OR all:relabeling OR all:segmentation)","cat:cs.RO AND (all:""automatic annotation"" OR all:relabeling OR all:segmentation)"
arXiv,2602.13579v1,TactAlign: Human-to-Robot Policy Transfer via Tactile Alignment,Youngsun Wi; Jessica Yin; Elvis Xiang; Akash Sharma; Jitendra Malik; Mustafa Mukadam; Nima Fazeli; Tess Hellebrekers,2026,arXiv,,http://arxiv.org/abs/2602.13579v1,"cat:cs.RO AND (all:""cross-embodiment"" OR all:""action alignment"")","cat:cs.RO AND (all:""cross-embodiment"" OR all:""action alignment"")"
arXiv,2606.15645v1,TO-SoFiT: Topology Optimization of Hydraulic Soft Fish Tail Design for programmable undulating locomotion,A Padmaprabhan; Amal Shaji; Prabhat Kumar,2026,arXiv,,http://arxiv.org/abs/2606.15645v1,"cat:cs.RO AND (all:""automatic annotation"" OR all:relabeling OR all:segmentation)","cat:cs.RO AND (all:""automatic annotation"" OR all:relabeling OR all:segmentation)"
arXiv,2606.21792v1,THREAD: Trajectory Planning for Hybrid Rigid-Soft Manipulators with Environment-Aware Diffusion,Shivani Kamtikar; Pranav Asthana; Naveen Kumar Uppalapati; Girish Krishnan; Girish Chowdhary,2026,arXiv,,http://arxiv.org/abs/2606.21792v1,"cat:cs.RO AND (all:""cross-embodiment"" OR all:""action alignment"")","cat:cs.RO AND (all:""automatic annotation"" OR all:relabeling OR all:segmentation) || cat:cs.RO AND (all:""cross-embodiment"" OR all:""action alignment"")"
arXiv,2603.00615v1,TGM-VLA: Task-Guided Mixup for Sampling-Efficient and Robust Robotic Manipulation,Fanqi Pu; Lei Jiang; Wenming Yang,2026,arXiv,,http://arxiv.org/abs/2603.00615v1,"cat:cs.RO AND all:""data quality""","cat:cs.RO AND all:""data quality"""
arXiv,2604.07335v1,TAMEn: Tactile-Aware Manipulation Engine for Closed-Loop Data Collection in Contact-Rich Tasks,Longyan Wu; Jieji Ren; Chenghang Jiang; Junxi Zhou; Shijia Peng; Ran Huang; Guoying Gu; Li Chen; Hongyang Li,2026,arXiv,,http://arxiv.org/abs/2604.07335v1,"cat:cs.RO AND all:""data quality""","cat:cs.RO AND all:""data quality"""
arXiv,2607.02840v1,TACO: TActile World Model as a Self-COrrector forScalable VLA Post-Training,Shengbang Liu; Yueru Jia; Yuyang Yan; Jiaming Liu; Xinran Zhang; Qiuxuan Feng; Yandong Guo; Shiji Zhou; Boxin Shi; Shanghang Zhang,2026,arXiv,,http://arxiv.org/abs/2607.02840v1,"cat:cs.RO AND (all:""automatic annotation"" OR all:relabeling OR all:segmentation)","cat:cs.RO AND (all:""automatic annotation"" OR all:relabeling OR all:segmentation)"
arXiv,2606.05975v1,T-FunS3D: Task-Driven Hierarchical Open-Vocabulary 3D Functionality Segmentation,Jingkun Feng; Reza Sabzevari,2026,arXiv,,http://arxiv.org/abs/2606.05975v1,"cat:cs.RO AND (all:""automatic annotation"" OR all:relabeling OR all:segmentation)","cat:cs.RO AND (all:""automatic annotation"" OR all:relabeling OR all:segmentation)"
arXiv,2603.06914v1,"SysNav: Multi-Level Systematic Cooperation Enables Real-World, Cross-Embodiment Object Navigation",Haokun Zhu; Zongtai Li; Zihan Liu; Kevin Guo; Zhengzhi Lin; Yuxin Cai; Guofei Chen; Chen Lv; Wenshan Wang; Jean Oh; Ji Zhang,2026,arXiv,,http://arxiv.org/abs/2603.06914v1,"cat:cs.RO AND (all:""cross-embodiment"" OR all:""action alignment"")","cat:cs.RO AND (all:""cross-embodiment"" OR all:""action alignment"")"
arXiv,2606.14767v1,Synthetic-to-Real Pipeline for Safe Landing Zone Detection,Shrikant Banerjee; Reza Faieghi,2026,arXiv,,http://arxiv.org/abs/2606.14767v1,"cat:cs.RO AND all:""data engine""","cat:cs.RO AND (all:""automatic annotation"" OR all:relabeling OR all:segmentation) || cat:cs.RO AND all:""data engine"""
DBLP,102766,SyntheFormer: A multivariate variable-length time series data-based parallel Transformer model for explainable quality predicting and anomaly tracing,Jiewu Leng; Xiaofeng Zhu; Jiahe Li 0016; Zean Liu; Yuanfa Dong; Xueliang Zhou; Changhui Liu; Shuai Zheng; Chao Zhang 0037; Qiang Liu 0031; Xin Chen 0005,2026,Robotics Comput. Integr. Manuf.,10.1016/J.RCIM.2026.103304,https://doi.org/10.1016/j.rcim.2026.103304,robot data quality,robot data quality
arXiv,2606.27883v1,Swarm sign language: motion-based communication between drones,Thomas Rey; Julien Moras; Alexandre Eudes; Antoine Manzanera,2026,arXiv,,http://arxiv.org/abs/2606.27883v1,"cat:cs.RO AND (all:""automatic annotation"" OR all:relabeling OR all:segmentation)","cat:cs.RO AND (all:""automatic annotation"" OR all:relabeling OR all:segmentation)"
arXiv,2607.04378v1,SurgAM: Surgical Affordance Map Prediction with Multimodal Feature Fusion for Robot Autonomy,Lei Song; Yonghao Long; Mengya Xu; Jiayi Geng; Xiuyuan Chen; Qi Dou,2026,arXiv,,http://arxiv.org/abs/2607.04378v1,"cat:cs.RO AND (all:""automatic annotation"" OR all:relabeling OR all:segmentation)","cat:cs.RO AND (all:""automatic annotation"" OR all:relabeling OR all:segmentation)"
arXiv,2605.16398v1,Support-Safe Variational Hybrid Filtering for Contact-Mode and Sparse-Law Recovery,Marios Papamichalis; Regina Ruane,2026,arXiv,,http://arxiv.org/abs/2605.16398v1,"cat:cs.RO AND (all:""automatic annotation"" OR all:relabeling OR all:segmentation)","cat:cs.RO AND (all:""automatic annotation"" OR all:relabeling OR all:segmentation)"
arXiv,2603.06280v1,SuperSuit: An Isomorphic Bimodal Interface for Scalable Mobile Manipulation,Tongqing Chen; Hang Wu; Jiasen Wang; Xiaotao Li; Zhu Jin; Lu Fang,2026,arXiv,,http://arxiv.org/abs/2603.06280v1,"cat:cs.RO AND all:""data mixing""","cat:cs.RO AND all:""data mixing"""
arXiv,2605.20917v1,SubTGraph: Large-Scale Subterranean Environment Synthesis with Controllable Topological Variability for Robotic Autonomy Validation,F. Labra Caso; A. Saradagi; S. Fredriksson; S. Nordström; A. Koval; G. Nikolakopoulos,2026,arXiv,,http://arxiv.org/abs/2605.20917v1,"cat:cs.RO AND (all:""automatic annotation"" OR all:relabeling OR all:segmentation)","cat:cs.RO AND (all:""automatic annotation"" OR all:relabeling OR all:segmentation)"
arXiv,2606.12814v1,Stubborn: A Streamlined and Unified Reinforcement Learning Framework for Robust Motion Tracking and Fall Recovery for Humanoids,Xiao Ren; Yuhui Yang; Zongbiao Weng; Zhijie Liu; He Kong,2026,arXiv,,http://arxiv.org/abs/2606.12814v1,"cat:cs.RO AND (all:""automatic annotation"" OR all:relabeling OR all:segmentation)","cat:cs.RO AND (all:""automatic annotation"" OR all:relabeling OR all:segmentation)"
arXiv,2603.03960v1,Structural Action Transformer for 3D Dexterous Manipulation,Xiaohan Lei; Min Wang; Bohong Weng; Wengang Zhou; Houqiang Li,2026,arXiv,,http://arxiv.org/abs/2603.03960v1,"cat:cs.RO AND (all:""cross-embodiment"" OR all:""action alignment"")","cat:cs.RO AND (all:""cross-embodiment"" OR all:""action alignment"")"
arXiv,2607.12604v1,Streamlining stereo differentiable rendering for marker-free real-time tracking of surgical robots,Yanghe Hao; Martin Huber; Christos Bergeles; Tom Vercauteren,2026,arXiv,,http://arxiv.org/abs/2607.12604v1,"cat:cs.RO AND (all:""automatic annotation"" OR all:relabeling OR all:segmentation)","cat:cs.RO AND (all:""automatic annotation"" OR all:relabeling OR all:segmentation)"
arXiv,2604.20017v1,Strain in Sound: Soft Corrugated Tube for Local Strain Sensing with Acoustic Resonance,Michael Chun; Ananya Nukala; Tae Myung Huh,2026,arXiv,,http://arxiv.org/abs/2604.20017v1,"cat:cs.RO AND (all:""automatic annotation"" OR all:relabeling OR all:segmentation)","cat:cs.RO AND (all:""automatic annotation"" OR all:relabeling OR all:segmentation)"
arXiv,2607.11204v2,Stop to Decide: Latency-Aware Proprioceptive Navigation Primitives for Mapping-Free Quadruped Inspection,Hanting Suo; Haonan Yan; Liang Wang; Aiguo Song,2026,arXiv,,http://arxiv.org/abs/2607.11204v2,"cat:cs.RO AND (all:""automatic annotation"" OR all:relabeling OR all:segmentation)","cat:cs.RO AND (all:""automatic annotation"" OR all:relabeling OR all:segmentation)"
arXiv,2605.25005v2,Stiffness Optimization for Concentrated Bending in Magnetically Actuated Catheters: Maintaining Steerability under Gradient Stiffness,Jiewen Tan; Junnan Xue; Shing Shin Cheng; Shuang Song; Erli Lyu; Jiaole Wang,2026,arXiv,,http://arxiv.org/abs/2605.25005v2,"cat:cs.RO AND (all:""automatic annotation"" OR all:relabeling OR all:segmentation)","cat:cs.RO AND (all:""automatic annotation"" OR all:relabeling OR all:segmentation)"
arXiv,2605.26682v1,SteelDS: A High-Resolution Video Dataset of E40 Steel Scrap for Object Detection and Instance Segmentation,Melanie Neubauer; Christian Rauch; Gerald Koinig; Alexia Tischberger-Aldrian; Roland Pomberger; Elmar Rueckert,2026,arXiv,,http://arxiv.org/abs/2605.26682v1,"cat:cs.RO AND (all:""automatic annotation"" OR all:relabeling OR all:segmentation)","cat:cs.RO AND (all:""automatic annotation"" OR all:relabeling OR all:segmentation)"
arXiv,2604.05014v1,StarVLA: A Lego-like Codebase for Vision-Language-Action Model Developing,StarVLA Community,2026,arXiv,,http://arxiv.org/abs/2604.05014v1,"cat:cs.RO AND (all:""cross-embodiment"" OR all:""action alignment"")","cat:cs.RO AND (all:""cross-embodiment"" OR all:""action alignment"") || cat:cs.RO AND all:""data engine"""
arXiv,2604.17887v1,StableIDM: Stabilizing Inverse Dynamics Model against Manipulator Truncation via Spatio-Temporal Refinement,Kerui Li; Zhe Jing; Xiaofeng Wang; Zheng Zhu; Yukun Zhou; Guan Huang; Dongze Li; Qingkai Yang; Huaibo Huang,2026,arXiv,,http://arxiv.org/abs/2604.17887v1,"cat:cs.RO AND (all:""automatic annotation"" OR all:relabeling OR all:segmentation)","cat:cs.RO AND (all:""automatic annotation"" OR all:relabeling OR all:segmentation)"
arXiv,2606.12759v1,Sparse2Act: Learning Action-Aligned Sparse 3D Representations for Cross-Domain Robot Manipulation,Yu Guo; Chang Yu; Siyu Ma; Yunuo Chen; Yin Yang; Ying Nian Wu; Chenfanfu Jiang,2026,arXiv,,http://arxiv.org/abs/2606.12759v1,"cat:cs.RO AND (all:""cross-embodiment"" OR all:""action alignment"")","cat:cs.RO AND (all:""cross-embodiment"" OR all:""action alignment"")"
arXiv,2605.23341v1,Sparse Compositional Flow Matching by geometric assembly from motion primitives,Yan Tang; Yuanbo Tang; Tingyu Cao; Shaolun Huang; Yang Li,2026,arXiv,,http://arxiv.org/abs/2605.23341v1,"cat:cs.RO AND (all:""automatic annotation"" OR all:relabeling OR all:segmentation)","cat:cs.RO AND (all:""automatic annotation"" OR all:relabeling OR all:segmentation)"
arXiv,2604.17888v1,SpaceDex: Generalizable Dexterous Grasping in Tiered Workspaces,Wensheng Wang; Chuanjun Guo; Wei Wei; Tong Wu; Ning Tan,2026,arXiv,,http://arxiv.org/abs/2604.17888v1,"cat:cs.RO AND (all:""automatic annotation"" OR all:relabeling OR all:segmentation)","cat:cs.RO AND (all:""automatic annotation"" OR all:relabeling OR all:segmentation)"
arXiv,2604.20395v2,SpaCeFormer: Fast Proposal-Free Open-Vocabulary 3D Instance Segmentation,Chris Choy; Junha Lee; Chunghyun Park; Minsu Cho; Jan Kautz,2026,arXiv,,http://arxiv.org/abs/2604.20395v2,"cat:cs.RO AND (all:""automatic annotation"" OR all:relabeling OR all:segmentation)","cat:cs.RO AND (all:""automatic annotation"" OR all:relabeling OR all:segmentation)"
arXiv,2607.07491v2,Smooth Operator: A Real-Time Sampling-Based Algorithm for Kinematic Hand Retargeting,Robert Jomar Malate; Erik Bauer; Norica Bacuieti; Stefanos Charalambous; Elvis Nava; Robert K. Katzschmann; Benedek Forrai,2026,arXiv,,http://arxiv.org/abs/2607.07491v2,"cat:cs.RO AND all:""data quality""","cat:cs.RO AND all:""data quality"""
arXiv,2605.20850v1,SmoCap: Unified Scale-Pose Canonicalization with Proxy-Mapped Trust-Region QP,Shihao Li; Naohiko Sugita,2026,arXiv,,http://arxiv.org/abs/2605.20850v1,"cat:cs.RO AND (all:""automatic annotation"" OR all:relabeling OR all:segmentation)","cat:cs.RO AND (all:""automatic annotation"" OR all:relabeling OR all:segmentation)"
arXiv,2605.15536v1,SkiP: When to Skip and When to Refine for Efficient Robot Manipulation,Mingtong Dai; Guanqi Peng; Yongjie Bai; Feng Yan; Chunjie Chen; Lingbo Liu; Liang Lin; Xinyu Wu,2026,arXiv,,http://arxiv.org/abs/2605.15536v1,"cat:cs.RO AND (all:""automatic annotation"" OR all:relabeling OR all:segmentation)","cat:cs.RO AND (all:""automatic annotation"" OR all:relabeling OR all:segmentation)"
arXiv,2603.11653v3,Simple Recipe Works: Vision-Language-Action Models are Natural Continual Learners with Reinforcement Learning,Jiaheng Hu; Jay Shim; Chen Tang; Yoonchang Sung; Bo Liu; Peter Stone; Roberto Martin-Martin,2026,arXiv,,http://arxiv.org/abs/2603.11653v3,"cat:cs.RO AND (all:""self-improvement"" OR all:""online post-training"")","cat:cs.RO AND (all:""self-improvement"" OR all:""online post-training"")"
arXiv,2607.23910v1,SimBEV2X: A Large-Scale Dataset and Data Generation Tool for Multi-Task Vehicle-to-Everything Cooperative Perception,Goodarz Mehr; Sepideh Gohari; Montasir Abbas; Azim Eskandarian,2026,arXiv,,http://arxiv.org/abs/2607.23910v1,"cat:cs.RO AND (all:""automatic annotation"" OR all:relabeling OR all:segmentation)","cat:cs.RO AND (all:""automatic annotation"" OR all:relabeling OR all:segmentation)"
arXiv,2607.04144v1,Semantic-Guided Progressive Object Removal with Gaussian Splatting,Xianliang Huang; Chen Xiao; Yuanxiang Ni; Guanming Liu; Mingkai Liu; Dikai Fan; Xiao Liu; Hao Zhang,2026,arXiv,,http://arxiv.org/abs/2607.04144v1,"cat:cs.RO AND (all:""automatic annotation"" OR all:relabeling OR all:segmentation)","cat:cs.RO AND (all:""automatic annotation"" OR all:relabeling OR all:segmentation)"
arXiv,2603.29627v1,Semantic Zone-Based Map Management for Stable AI-Integrated Mobile Robots,Huichang Yun; Seungho Yoo,2026,arXiv,,http://arxiv.org/abs/2603.29627v1,"cat:cs.RO AND (all:""automatic annotation"" OR all:relabeling OR all:segmentation)","cat:cs.RO AND (all:""automatic annotation"" OR all:relabeling OR all:segmentation)"
arXiv,2607.14182v1,Semantic Audio-driven Understanding for Dynamic Humanoid Whole Body Control,J. M. A. Marcelo; M. Brienza; E. Bugli; L. Comito; D. Nardi; D. D. Bloisi; V. Suriani,2026,arXiv,,http://arxiv.org/abs/2607.14182v1,"cat:cs.RO AND (all:""automatic annotation"" OR all:relabeling OR all:segmentation)","cat:cs.RO AND (all:""automatic annotation"" OR all:relabeling OR all:segmentation)"
arXiv,2606.14084v1,Self-Improving VLA Policies: Selected Diffusion Noise for Spurious-Robust Action Smoothing,Duc Minh Nguyen; Bao-Ngoc Dao; Tung M. Luu; Binh Gia Nguyen; Vinh Tong; Anji Liu; Vu N. Duong; Dung D. Le; Daniel Sonntag; Trung Le; Ngan Le; Jan Peter; An Thai Le; Minh Nhat Vu; Mathias Niepert; Khoa D. Doan; Duy M. H. Nguyen; Vien Anh Ngo,2026,arXiv,,http://arxiv.org/abs/2606.14084v1,"cat:cs.RO AND (all:""self-improvement"" OR all:""online post-training"")","cat:cs.RO AND (all:""self-improvement"" OR all:""online post-training"")"
arXiv,2602.21633v1,Self-Correcting VLA: Online Action Refinement via Sparse World Imagination,Chenyv Liu; Wentao Tan; Lei Zhu; Fengling Li; Jingjing Li; Guoli Yang; Heng Tao Shen,2026,arXiv,,http://arxiv.org/abs/2602.21633v1,"cat:cs.RO AND (all:""self-improvement"" OR all:""online post-training"")","cat:cs.RO AND (all:""self-improvement"" OR all:""online post-training"")"
arXiv,2607.11027v1,SegDiff: Segmented Trajectory Diffusion for Consistent and Adaptive Robot Manipulation,Haidong Cao; Wenjun Cao; Quanhao Li; Sicheng Xie; Zhiying Du; Jiaqi Leng; Zuxuan Wu; Yu-Gang Jiang,2026,arXiv,,http://arxiv.org/abs/2607.11027v1,"cat:cs.RO AND (all:""automatic annotation"" OR all:relabeling OR all:segmentation)","cat:cs.RO AND (all:""automatic annotation"" OR all:relabeling OR all:segmentation)"
arXiv,2607.17757v1,Seg2Grasp: A Robust Modular Suction Grasping in Bin Picking,Hye-Jung Yoon; Juno Kim; Yesol Park; Jun-Ki Lee; Byoung-Tak Zhang,2026,arXiv,,http://arxiv.org/abs/2607.17757v1,"cat:cs.RO AND (all:""automatic annotation"" OR all:relabeling OR all:segmentation)","cat:cs.RO AND (all:""automatic annotation"" OR all:relabeling OR all:segmentation)"
arXiv,2605.02757v1,Seeing Realism from Simulation: Efficient Video Transfer for Vision-Language-Action Data Augmentation,Chenyu Hui; Xiaodi Huang; Siyu Xu; Yunke Wang; Shan You; Fei Wang; Tao Huang; Chang Xu,2026,arXiv,,http://arxiv.org/abs/2605.02757v1,"cat:cs.RO AND (all:""data augmentation"" OR all:""synthetic demonstrations"")","cat:cs.RO AND (all:""automatic annotation"" OR all:relabeling OR all:segmentation) || cat:cs.RO AND (all:""data augmentation"" OR all:""synthetic demonstrations"")"
arXiv,2603.08260v1,Seed2Scale: A Self-Evolving Data Engine for Embodied AI via Small to Large Model Synergy and Multimodal Evaluation,Cong Tai; Zhaoyu Zheng; Haixu Long; Hansheng Wu; Zhengbin Long; Haodong Xiang; Rong Shi; Zhuo Cui; Shizhuang Zhang; Gang Qiu; He Wang; Ruifeng Li; Biao Liu; Zhenzhe Sun; Tao Shen,2026,arXiv,,http://arxiv.org/abs/2603.08260v1,"cat:cs.RO AND (all:""data augmentation"" OR all:""synthetic demonstrations"")","cat:cs.RO AND (all:""data augmentation"" OR all:""synthetic demonstrations"") || cat:cs.RO AND all:""data engine"""
arXiv,2606.02745v1,SeeTraceAct: Visibility-Aware Latent Planning from Cross-Embodiment Demonstration Videos,Jaehyeon Son; Junhyun Kim; Kyle Kam; Jeremiah Coholich; Seok Joon Kim; Jinhoo Kim; Chris Dongjoo Kim; Jaemin Cho; Dieter Fox; Zsolt Kira,2026,arXiv,,http://arxiv.org/abs/2606.02745v1,"cat:cs.RO AND (all:""cross-embodiment"" OR all:""action alignment"")","cat:cs.RO AND (all:""cross-embodiment"" OR all:""action alignment"")"
arXiv,2606.02735v2,"See Less, Specify More: Visual Evidence Budgets for Generalizable VLAs",Yueh-Hua Wu; Tatsuya Matsushima; Kei Ota,2026,arXiv,,http://arxiv.org/abs/2606.02735v2,"cat:cs.RO AND (all:""automatic annotation"" OR all:relabeling OR all:segmentation)","cat:cs.RO AND (all:""automatic annotation"" OR all:relabeling OR all:segmentation)"
arXiv,2605.18026v1,Scenario Generation in Roundabouts with Adjustable Interaction Intensity,Li Li; Till Temmen; Tobias Brinkmann; Björn Krautwig; Markus Eisenbarth; Jakob Andert,2026,arXiv,,http://arxiv.org/abs/2605.18026v1,"cat:cs.RO AND (all:""automatic annotation"" OR all:relabeling OR all:segmentation)","cat:cs.RO AND (all:""automatic annotation"" OR all:relabeling OR all:segmentation)"
arXiv,2602.12281v2,Scaling Verification Can Be More Effective than Scaling Policy Learning for Vision-Language-Action Alignment,Jacky Kwok; Xilun Zhang; Mengdi Xu; Yuejiang Liu; Azalia Mirhoseini; Chelsea Finn; Marco Pavone,2026,arXiv,,http://arxiv.org/abs/2602.12281v2,"cat:cs.RO AND (all:""cross-embodiment"" OR all:""action alignment"")","cat:cs.RO AND (all:""cross-embodiment"" OR all:""action alignment"")"
arXiv,2602.05791v3,Scalable and General Whole-Body Control for Cross-Humanoid Locomotion,Yufei Xue; YunFeng Lin; Wentao Dong; Yang Tang; Jingbo Wang; Jiangmiao Pang; Ming Zhou; Minghuan Liu; Weinan Zhang,2026,arXiv,,http://arxiv.org/abs/2602.05791v3,"cat:cs.RO AND (all:""cross-embodiment"" OR all:""action alignment"")","cat:cs.RO AND (all:""cross-embodiment"" OR all:""action alignment"")"
arXiv,2606.09719v1,Safe Polytope-in-Polytope Motion Planning and Control with Control Barrier Functions,Alejandro Gonzalez-Garcia; Dries Dirckx; Jan Swevers; Wilm Decré,2026,arXiv,,http://arxiv.org/abs/2606.09719v1,"cat:cs.RO AND (all:""automatic annotation"" OR all:relabeling OR all:segmentation)","cat:cs.RO AND (all:""automatic annotation"" OR all:relabeling OR all:segmentation)"
arXiv,2606.26800v2,SSI-Policy: Learning Structured Scene Interfaces for Vision-Language Robotic Manipulation,Kaijun Wang; Zikai Ouyang; Xuping Wu; Jinyi Hong; Wei Pan; Haibo Lu; Jia Pan; Wei Zhang; Linfang Zheng,2026,arXiv,,http://arxiv.org/abs/2606.26800v2,"cat:cs.RO AND (all:""cross-embodiment"" OR all:""action alignment"")","cat:cs.RO AND (all:""cross-embodiment"" OR all:""action alignment"")"
arXiv,2601.03044v1,SOP: A Scalable Online Post-Training System for Vision-Language-Action Models,Mingjie Pan; Siyuan Feng; Qinglin Zhang; Xinchen Li; Jianheng Song; Chendi Qu; Yi Wang; Chuankang Li; Ziyu Xiong; Zhi Chen; Yi Liu; Jianlan Luo,2026,arXiv,,http://arxiv.org/abs/2601.03044v1,"cat:cs.RO AND (all:""self-improvement"" OR all:""online post-training"")","cat:cs.RO AND (all:""self-improvement"" OR all:""online post-training"")"
arXiv,2604.08544v2,SIM1: Physics-Aligned Simulator as Zero-Shot Data Scaler in Deformable Worlds,Yunsong Zhou; Hangxu Liu; Xuekun Jiang; Xing Shen; Yuanzhen Zhou; Hui Wang; Baole Fang; Yang Tian; Mulin Yu; Qiaojun Yu; Li Ma; Hengjie Li; Hanqing Wang; Jia Zeng; Jiangmiao Pang,2026,arXiv,,http://arxiv.org/abs/2604.08544v2,"cat:cs.RO AND all:""data engine""","cat:cs.RO AND all:""data engine"""
arXiv,2607.24249v1,SILICA: Repurposing Diffusion Priors for Joint Glass Segmentation and Depth Estimation,Tarun R; Anuj Verma; Laksh Nanwani; Sourav Garg; K. Madhava Krishna,2026,arXiv,,http://arxiv.org/abs/2607.24249v1,"cat:cs.RO AND (all:""automatic annotation"" OR all:relabeling OR all:segmentation)","cat:cs.RO AND (all:""automatic annotation"" OR all:relabeling OR all:segmentation)"
arXiv,2607.06442v1,SIEVE: Structure-Aware Data Selection for Imitation Learning with VLA Models,Changti Wu; Bin Yu; Zhaolong Shen; Shijie Lian; Xiaopeng Lin; Cong Huang; Zhirui Zhang; Lei Zhang; Kai Chen,2026,arXiv,,http://arxiv.org/abs/2607.06442v1,"cat:cs.RO AND (all:""automatic annotation"" OR all:relabeling OR all:segmentation)","cat:cs.RO AND (all:""automatic annotation"" OR all:relabeling OR all:segmentation)"
arXiv,2606.16881v1,SGM-SLAM: Scene Graph Matching for Data-Efficient Distributed SLAM,Yewei Huang; Tixiao Shan; Abhinav Rajvanshi; Niluthpol Chowdhury Mithun; Yaxuan Li; Brendan Englot; Han-Pang Chiu,2026,arXiv,,http://arxiv.org/abs/2606.16881v1,"cat:cs.RO AND (all:""automatic annotation"" OR all:relabeling OR all:segmentation)","cat:cs.RO AND (all:""automatic annotation"" OR all:relabeling OR all:segmentation)"
arXiv,2605.11114v1,SEVO: Semantic-Enhanced Virtual Observation for Robust VLA Manipulation via Active Illumination and Data-Centric Collection,Tianchonghui Fang; Yuan Zhuang; Fei Miao,2026,arXiv,,http://arxiv.org/abs/2605.11114v1,"cat:cs.RO AND (all:""automatic annotation"" OR all:relabeling OR all:segmentation)","cat:cs.RO AND (all:""automatic annotation"" OR all:relabeling OR all:segmentation)"
arXiv,2604.15946v1,SENSE: Stereo OpEN Vocabulary SEmantic Segmentation,Thomas Campagnolo; Ezio Malis; Philippe Martinet; Gaétan Bahl,2026,arXiv,,http://arxiv.org/abs/2604.15946v1,"cat:cs.RO AND (all:""automatic annotation"" OR all:relabeling OR all:segmentation)","cat:cs.RO AND (all:""automatic annotation"" OR all:relabeling OR all:segmentation)"
arXiv,2605.13117v1,SECOND-Grasp: Semantic Contact-guided Dexterous Grasping,Han Yi Shin; Heeju Ko; Jaewon Mun; Qixing Huang; Jaehyeok Lee; Sung June Kim; Honglak Lee; Sujin Jang; Sangpil Kim,2026,arXiv,,http://arxiv.org/abs/2605.13117v1,"cat:cs.RO AND (all:""automatic annotation"" OR all:relabeling OR all:segmentation)","cat:cs.RO AND (all:""automatic annotation"" OR all:relabeling OR all:segmentation)"
arXiv,2604.11734v3,SCORP: Scene-Consistent Multi-agent Diffusion Planning with Stable Online Reinforcement Post-Training for Cooperative Driving,Haojie Bai; Aimin Li; Ruoyu Yao; Xiongwei Zhao; Tingting Zhang; Xing Zhang; Lin Gao; and Jun Ma,2026,arXiv,,http://arxiv.org/abs/2604.11734v3,"cat:cs.RO AND (all:""self-improvement"" OR all:""online post-training"")","cat:cs.RO AND (all:""self-improvement"" OR all:""online post-training"")"
arXiv,2605.16412v1,SCAR: Self-Supervised Continuous Action Representation Learning,Hongjia Liu; Fan Feng; Minghao Fu; Xinyue Wang; Haofei Lu; Biwei Huang,2026,arXiv,,http://arxiv.org/abs/2605.16412v1,"cat:cs.RO AND (all:""cross-embodiment"" OR all:""action alignment"")","cat:cs.RO AND (all:""cross-embodiment"" OR all:""action alignment"")"
arXiv,2604.27508v1,SASI: Leveraging Sub-Action Semantics for Robust Early Action Recognition in Human-Robot Interaction,Yongpeng Cao; Masahiro Hirano; Hyuno Kim; Yuji Yamakawa,2026,arXiv,,http://arxiv.org/abs/2604.27508v1,"cat:cs.RO AND (all:""automatic annotation"" OR all:relabeling OR all:segmentation)","cat:cs.RO AND (all:""automatic annotation"" OR all:relabeling OR all:segmentation)"
arXiv,2606.10305v1,SARM2: Multi-Task Stage Aware Reward Modeling for Self Improving Robotic Manipulation,Qianzhong Chen; Hau Zheng; Justin Yu; Suning Huang; Jiankai Sun; Ken Goldberg; Chuan Wen; Pieter Abbeel; Yide Shentu; Philipp Wu; Mac Schwager,2026,arXiv,,http://arxiv.org/abs/2606.10305v1,"cat:cs.RO AND (all:""self-improvement"" OR all:""online post-training"")","cat:cs.RO AND (all:""self-improvement"" OR all:""online post-training"")"
arXiv,2605.28136v1,SAM-Enhanced Segmentation on Road Datasets: Balancing Critical Classes in Autonomous Driving,Toomas Tahves; Mauro Bellone; Junyi Gu; Raivo Sell,2026,arXiv,,http://arxiv.org/abs/2605.28136v1,"cat:cs.RO AND (all:""automatic annotation"" OR all:relabeling OR all:segmentation)","cat:cs.RO AND (all:""automatic annotation"" OR all:relabeling OR all:segmentation)"
arXiv,2606.11636v1,SAFER-Nav: Enhancing Safety for Visual Robot Navigation via Segmentation-Aware Fine-Tuning,Geonyeong Ko; Giung Lee; Changjoo Nam,2026,arXiv,,http://arxiv.org/abs/2606.11636v1,"cat:cs.RO AND (all:""automatic annotation"" OR all:relabeling OR all:segmentation)","cat:cs.RO AND (all:""automatic annotation"" OR all:relabeling OR all:segmentation)"
arXiv,2606.01332v1,S2M-Trek: From Single to Multi-Sphere Transport via Per-Frame Deep Sets on a Wheel-Legged Robot,Zong Chen; Xuebin Li; Jinpeng Xiao; Shaoyang Li; Ben Liu; Min Li; Zhouping Yin; Yiqun Li,2026,arXiv,,http://arxiv.org/abs/2606.01332v1,"cat:cs.RO AND (all:""data augmentation"" OR all:""synthetic demonstrations"")","cat:cs.RO AND (all:""data augmentation"" OR all:""synthetic demonstrations"")"
arXiv,2607.06558v2,RynnWorld-Teleop: An Action-Conditioned World Model for Digital Teleoperation,Haoyu Zhao; Xingyue Zhao; Hangyu Li; Biao Gong; Kehan Li; Siteng Huang; Xin Li; Deli Zhao; Zhongyu Li,2026,arXiv,,http://arxiv.org/abs/2607.06558v2,"cat:cs.RO AND all:""data engine""","cat:cs.RO AND all:""data engine"""
arXiv,2607.17977v1,RynnBrain 1.1: Towards More Capable and Generalizable Embodied Foundation Model,Kehan Li; Bohan Hou; Minghao Zhu; Tianyi Zhang; Zesen Cheng; Zhikai Wang; Sicong Leng; Xin Li; Xiao Lin; Biying Yao; Minghua Zeng; Jiangpin Liu; Ronghao Dang; Jiayan Guo; Siteng Huang; Haoyu Zhao; Heng Ping; Yaxi Zhao; Kexiang Wang; Tong Lu; Shengke Xue; Jiahao Tang; Yulei Wang; Zejing Wang; Jianwei Gao; Shijian Lu; Chengju Liu; Jianfei Yang; Mingxiu Chen; Deli Zhao,2026,arXiv,,http://arxiv.org/abs/2607.17977v1,"cat:cs.RO AND (all:""cross-embodiment"" OR all:""action alignment"")","cat:cs.RO AND (all:""cross-embodiment"" OR all:""action alignment"")"
arXiv,2606.19687v1,Route-Constrained Robust Fusion Estimation for MEMS/GNSS Integrated Navigation of Unmanned Ground Vehicles in GNSS Degraded Environments,Jingzhi Cui; Chao Zhang; Yuliang Mao; Shaolin Lü; Dongmei Li; Huan Che; Rong Zhang,2026,arXiv,,http://arxiv.org/abs/2606.19687v1,"cat:cs.RO AND (all:""automatic annotation"" OR all:relabeling OR all:segmentation)","cat:cs.RO AND (all:""automatic annotation"" OR all:relabeling OR all:segmentation)"
arXiv,2605.13403v1,RotVLA: Rotational Latent Action for Vision-Language-Action Model,Qiwei Li; Xicheng Gong; Xinghang Li; Peiyan Li; Quanyun Zhou; Hangjun Ye; Jiahuan Zhou; Yadong Mu,2026,arXiv,,http://arxiv.org/abs/2605.13403v1,"cat:cs.RO AND (all:""cross-embodiment"" OR all:""action alignment"")","cat:cs.RO AND (all:""cross-embodiment"" OR all:""action alignment"")"
arXiv,2606.06556v1,Robots Need More than VLA and World Models,Elis Karcini; Faisal Mehrban; Quang Nguyen; Mac Schwager; Arash Ajoudani; Cesar Cadena; Jan Peters; Marco Hutter; Haitham Bou-Ammar,2026,arXiv,,http://arxiv.org/abs/2606.06556v1,"cat:cs.RO AND (all:""cross-embodiment"" OR all:""action alignment"")","cat:cs.RO AND (all:""cross-embodiment"" OR all:""action alignment"")"
arXiv,2605.23863v1,Robotic Strawberry Harvesting with Robust Vision and Deep Reinforcement Learning based Sim-to-Real Control,Al Bashir; Shao-Yang Chang; Partho Ghose; Prem Raj; Chen-Kang Huang; Azlan Zahid,2026,arXiv,,http://arxiv.org/abs/2605.23863v1,"cat:cs.RO AND (all:""automatic annotation"" OR all:relabeling OR all:segmentation)","cat:cs.RO AND (all:""automatic annotation"" OR all:relabeling OR all:segmentation)"
arXiv,2606.21406v1,Robot Self-Improvement via Human-Video Dynamics Models,Hanzhi Chen; Anran Zhang; Simon Schaefer; Kejia Chen; Shi Chen; Daniel Cremers; Oier Mees; Stefan Leutenegger,2026,arXiv,,http://arxiv.org/abs/2606.21406v1,"cat:cs.RO AND (all:""self-improvement"" OR all:""online post-training"")","cat:cs.RO AND (all:""cross-embodiment"" OR all:""action alignment"") || cat:cs.RO AND (all:""self-improvement"" OR all:""online post-training"")"
arXiv,2601.00675v2,RoboReward: General-Purpose Vision-Language Reward Models for Robotics,Tony Lee; Andrew Wagenmaker; Karl Pertsch; Percy Liang; Sergey Levine; Chelsea Finn,2026,arXiv,,http://arxiv.org/abs/2601.00675v2,"cat:cs.RO AND (all:""data augmentation"" OR all:""synthetic demonstrations"")","cat:cs.RO AND (all:""data augmentation"" OR all:""synthetic demonstrations"")"
arXiv,2603.07691v1,RoboPCA: Pose-centered Affordance Learning from Human Demonstrations for Robot Manipulation,Zhanqi Xiao; Ruiping Wang; Xilin Chen,2026,arXiv,,http://arxiv.org/abs/2603.07691v1,"cat:cs.RO AND all:""data curation""","cat:cs.RO AND all:""data curation"""
arXiv,2607.18709v2,RoboInter1.5: A Holistic Intermediate Representation Suite for Embodied World Modeling and Robotic Manipulation,Ziqin Wang; Hao Li; Weijun Wang; Junhao Cai; Jia Zeng; Yilun Chen; Jiangmiao Pang; Si Liu,2026,arXiv,,http://arxiv.org/abs/2607.18709v2,"cat:cs.RO AND (all:""automatic annotation"" OR all:relabeling OR all:segmentation)","cat:cs.RO AND (all:""automatic annotation"" OR all:relabeling OR all:segmentation)"
arXiv,2603.17927v2,RoboForge: Physically Optimized Text-guided Whole-Body Locomotion for Humanoids,Xichen Yuan; Zhe Li; Bofan Lyu; Kuangji Zuo; Yanshuo Lu; Gen Li; Jianfei Yang,2026,arXiv,,http://arxiv.org/abs/2603.17927v2,"cat:cs.RO AND (all:""self-improvement"" OR all:""online post-training"")","cat:cs.RO AND (all:""self-improvement"" OR all:""online post-training"")"
arXiv,2606.02577v1,RoboDream: Compositional World Models for Scalable Robot Data Synthesis,Junjie Ye; Rong Xue; Basile Van Hoorick; Runhao Li; Harshitha Rajaprakash; Pavel Tokmakov; Muhammad Zubair Irshad; Vitor Guizilini; Yue Wang,2026,arXiv,,http://arxiv.org/abs/2606.02577v1,"cat:cs.RO AND (all:""world model"" AND all:""data generation"")","cat:cs.RO AND (all:""world model"" AND all:""data generation"")"
arXiv,2603.11558v3,RoboClaw: An Agentic Framework for Scalable Long-Horizon Robotic Tasks,Ruiying Li; Yunlang Zhou; YuYao Zhu; Kylin Chen; Jingyuan Wang; Sukai Wang; Kongtao Hu; Minhui Yu; Bowen Jiang; Zhan Su; Jiayao Ma; Xin He; Yongjian Shen; Yang Yang; Guanghui Ren; Maoqing Yao; Wenhao Wang; Yao Mu,2026,arXiv,,http://arxiv.org/abs/2603.11558v3,"cat:cs.RO AND all:""autonomous data collection""","cat:cs.RO AND all:""autonomous data collection"""
arXiv,2602.14032v1,RoboAug: One Annotation to Hundreds of Scenes via Region-Contrastive Data Augmentation for Robotic Manipulation,Xinhua Wang; Kun Wu; Zhen Zhao; Hu Cao; Yinuo Zhao; Zhiyuan Xu; Meng Li; Shichao Fan; Di Wu; Yixue Zhang; Ning Liu; Zhengping Che; Jian Tang,2026,arXiv,,http://arxiv.org/abs/2602.14032v1,"cat:cs.RO AND (all:""data augmentation"" OR all:""synthetic demonstrations"")","cat:cs.RO AND (all:""data augmentation"" OR all:""synthetic demonstrations"")"
arXiv,2604.06778v1,"RichMap: A Reachability Map Balancing Precision, Efficiency, and Flexibility for Rich Robot Manipulation Tasks",Yupu Lu; Yuxiang Ma; Jia Pan,2026,arXiv,,http://arxiv.org/abs/2604.06778v1,"cat:cs.RO AND (all:""cross-embodiment"" OR all:""action alignment"")","cat:cs.RO AND (all:""cross-embodiment"" OR all:""action alignment"")"
arXiv,2605.10094v2,Retrieve-then-Steer: Online Success Memory for Test-Time Adaptation of Generative VLAs,Jianchao Zhao; Huoren Yang; Yusong Hu; Yuyang Gao; Qiguan Ou; Cong Wan; SongLin Dong; Zhiheng Ma; Yihong Gong,2026,arXiv,,http://arxiv.org/abs/2605.10094v2,"cat:cs.RO AND (all:""automatic annotation"" OR all:relabeling OR all:segmentation)","cat:cs.RO AND (all:""automatic annotation"" OR all:relabeling OR all:segmentation)"
arXiv,2606.15631v1,"Retrieve, Don't Retrain: Extending Vision Language Action Models to New Tasks at Test Time",Jeongeun Park; Juhan Park; Taekyung Kim; Sungjoon Choi; Dongyoon Han; Sangdoo Yun,2026,arXiv,,http://arxiv.org/abs/2606.15631v1,"cat:cs.RO AND (all:""cross-embodiment"" OR all:""action alignment"")","cat:cs.RO AND (all:""cross-embodiment"" OR all:""action alignment"")"
arXiv,2602.09722v1,"Rethinking Visual-Language-Action Model Scaling: Alignment, Mixture, and Regularization",Ye Wang; Sipeng Zheng; Hao Luo; Wanpeng Zhang; Haoqi Yuan; Chaoyi Xu; Haiweng Xu; Yicheng Feng; Mingyang Yu; Zhiyu Kang; Zongqing Lu; Qin Jin,2026,arXiv,,http://arxiv.org/abs/2602.09722v1,"cat:cs.RO AND (all:""cross-embodiment"" OR all:""action alignment"")","cat:cs.RO AND (all:""cross-embodiment"" OR all:""action alignment"")"
arXiv,2606.26424v1,Rethinking Training & Inference for Forecasting: Linking Winner-Take-All back to GMMs,Qiyuan Wu; Katie Z Luo; Bharath Hariharan; Wei-Lun Chao; Mark Campbell,2026,arXiv,,http://arxiv.org/abs/2606.26424v1,"cat:cs.RO AND (all:""automatic annotation"" OR all:relabeling OR all:segmentation)","cat:cs.RO AND (all:""automatic annotation"" OR all:relabeling OR all:segmentation)"
arXiv,2605.03075v1,Refining Compositional Diffusion for Reliable Long-Horizon Planning,Kyowoon Lee; Yunhao Luo; Anh Tong; Jaesik Choi,2026,arXiv,,http://arxiv.org/abs/2605.03075v1,"cat:cs.RO AND (all:""automatic annotation"" OR all:relabeling OR all:segmentation)","cat:cs.RO AND (all:""automatic annotation"" OR all:relabeling OR all:segmentation)"
arXiv,2604.21249v1,Reasoning About Traversability: Language-Guided Off-Road 3D Trajectory Planning,Byounggun Park; Soonmin Hwang,2026,arXiv,,http://arxiv.org/abs/2604.21249v1,"cat:cs.RO AND (all:""cross-embodiment"" OR all:""action alignment"")","cat:cs.RO AND (all:""cross-embodiment"" OR all:""action alignment"")"
arXiv,2607.16310v1,Real-Time sEMG-Based Telecontrol of an Assistive Robotic Arm Using a 1D Convolutional Neural Network,Edgar Manacorda; Mena Samir Kama Abouseffien; Olivier Lecompte; Amandine Gesta; Abolfazl Mohebbi,2026,arXiv,,http://arxiv.org/abs/2607.16310v1,"cat:cs.RO AND (all:""automatic annotation"" OR all:relabeling OR all:segmentation)","cat:cs.RO AND (all:""automatic annotation"" OR all:relabeling OR all:segmentation)"
arXiv,2605.09410v1,RePO-VLA: Recovery-Driven Policy Optimization for Vision-Language-Action Models,Weijia Liufu; Xiaoyu Guo; Ruiyi Chen; Jingzhi Liu; Kaidong Zhang; Xiwen Liang; Jianqi Lin; Dawei Sun; Yuze Wang; Rongtao Xu; Bingqian Lin; Bowen Yang; Tongtong Cao; Bowen Peng; Dongyu Zhang; Guangrun Wang; Min Wang; Liang Lin; Xiaodan Liang,2026,arXiv,,http://arxiv.org/abs/2605.09410v1,"cat:cs.RO AND all:""data engine""","cat:cs.RO AND (all:""automatic annotation"" OR all:relabeling OR all:segmentation) || cat:cs.RO AND all:""data engine"""
arXiv,2606.28939v1,ReGuide: From Test-Time Guidance to Self-Improving Diffusion Policies,Tzu-Hsiang Lin; Srinivas Shakkottai; Dileep Kalathil; P. R. Kumar,2026,arXiv,,http://arxiv.org/abs/2606.28939v1,"cat:cs.RO AND (all:""self-improvement"" OR all:""online post-training"")","cat:cs.RO AND (all:""self-improvement"" OR all:""online post-training"")"
arXiv,2606.09381v1,ReGIL: Retrieval-Guided Imitation Learning from a Single Demonstration,Yuying Zhang; Francesco Verdoja; Wenyan Yang; Ville Kyrki,2026,arXiv,,http://arxiv.org/abs/2606.09381v1,"cat:cs.RO AND (all:""automatic annotation"" OR all:relabeling OR all:segmentation)","cat:cs.RO AND (all:""automatic annotation"" OR all:relabeling OR all:segmentation)"
arXiv,2606.06255v1,RadiusFPS: Efficient Farthest Point Sampling on CPUs and GPUs via Spherical Voxel Pruning,Ziyang Yu; Xiang Li; Qiong Chang; Jun Miyazaki,2026,arXiv,,http://arxiv.org/abs/2606.06255v1,"cat:cs.RO AND (all:""automatic annotation"" OR all:relabeling OR all:segmentation)","cat:cs.RO AND (all:""automatic annotation"" OR all:relabeling OR all:segmentation)"
arXiv,2602.15755v1,RaCo: Ranking and Covariance for Practical Learned Keypoints,Abhiram Shenoi; Philipp Lindenberger; Paul-Edouard Sarlin; Marc Pollefeys,2026,arXiv,,http://arxiv.org/abs/2602.15755v1,"cat:cs.RO AND (all:""data augmentation"" OR all:""synthetic demonstrations"")","cat:cs.RO AND (all:""data augmentation"" OR all:""synthetic demonstrations"")"
arXiv,2607.23669v1,RRTrack: Robust and Recoverable Object 6D Pose Tracking for Dynamic Scenes,Junyue Li; Ye Zheng; Yifan Chen; Zhe Sun; Xuelong Li,2026,arXiv,,http://arxiv.org/abs/2607.23669v1,"cat:cs.RO AND (all:""automatic annotation"" OR all:relabeling OR all:segmentation)","cat:cs.RO AND (all:""automatic annotation"" OR all:relabeling OR all:segmentation)"
arXiv,2606.17011v1,ROVE: Unlocking Human Interventions for Humanoid Manipulation via Reinforcement Learning,Wei Xiao; Weiliang Tang; Yuying Ge; Hui Zhou; Yao Mu; Li Zhang; Yixiao Ge,2026,arXiv,,http://arxiv.org/abs/2606.17011v1,"cat:cs.RO AND (all:""cross-embodiment"" OR all:""action alignment"")","cat:cs.RO AND (all:""cross-embodiment"" OR all:""action alignment"")"
arXiv,2603.01474v2,ROSER: Few-Shot Robotic Sequence Retrieval for Scalable Robot Learning,Zillur Rahman; Eddison Pham; Alejandro Daniel Noel; Cristian Meo,2026,arXiv,,http://arxiv.org/abs/2603.01474v2,"cat:cs.RO AND all:""data curation""","cat:cs.RO AND all:""data curation"""
arXiv,2603.20668v1,ROI-Driven Foveated Attention for Unified Egocentric Representations in Vision-Language-Action Systems,Xinhai Sun; Xiang Shi; Menglin Zou; Wenlong Huang,2026,arXiv,,http://arxiv.org/abs/2603.20668v1,"cat:cs.RO AND (all:""cross-embodiment"" OR all:""action alignment"")","cat:cs.RO AND (all:""cross-embodiment"" OR all:""action alignment"")"
arXiv,2607.03616v1,ROBOCYCLE: Autonomous Dual-Arm Robotic Manipulation and Coordination for Recycling Applications,Rubén de J. Hilario-Cruz; Jesus A. García-González; Enrique Coronado; Arturo E. Cerón-López,2026,arXiv,,http://arxiv.org/abs/2607.03616v1,"cat:cs.RO AND (all:""automatic annotation"" OR all:relabeling OR all:segmentation)","cat:cs.RO AND (all:""automatic annotation"" OR all:relabeling OR all:segmentation)"
arXiv,2602.11075v2,RISE: Self-Improving Robot Policy with Compositional World Model,Jiazhi Yang; Kunyang Lin; Jinwei Li; Wencong Zhang; Tianwei Lin; Longyan Wu; Zhizhong Su; Hao Zhao; Ya-Qin Zhang; Li Chen; Ping Luo; Xiangyu Yue; Hongyang Li,2026,arXiv,,http://arxiv.org/abs/2602.11075v2,"cat:cs.RO AND (all:""self-improvement"" OR all:""online post-training"")","cat:cs.RO AND (all:""self-improvement"" OR all:""online post-training"")"
arXiv,2605.11564v1,RIO: Flexible Real-Time Robot I/O for Cross-Embodiment Robot Learning,Pablo Ortega-Kral; Eliot Xing; Arthur Bucker; Vernon Luk; Junseo Kim; Owen Kwon; Angchen Xie; Nikhil Sobanbabu; Yifu Yuan; Megan Lee; Deepam Ameria; Bhaswanth Ayapilla; Jaycie Bussell; Guanya Shi; Jonathan Francis; Jean Oh,2026,arXiv,,http://arxiv.org/abs/2605.11564v1,"cat:cs.RO AND (all:""cross-embodiment"" OR all:""action alignment"")","cat:cs.RO AND (all:""cross-embodiment"" OR all:""action alignment"")"
arXiv,2606.23617v1,RECALL: Recovery Experience Collection for Active Lifelong Learning in Vision-Language-Action Models,Ulas Berk Karli; Tesca Fitzgerald,2026,arXiv,,http://arxiv.org/abs/2606.23617v1,"cat:cs.RO AND all:""data mixing""","cat:cs.RO AND all:""data mixing"""
arXiv,2605.00271v3,REALM: An RGB- and Event-Aligned Latent Manifold for Cross-Modal Perception,Vincenzo Polizzi; David B. Lindell; Jonathan Kelly,2026,arXiv,,http://arxiv.org/abs/2605.00271v3,"cat:cs.RO AND (all:""automatic annotation"" OR all:relabeling OR all:segmentation)","cat:cs.RO AND (all:""automatic annotation"" OR all:relabeling OR all:segmentation)"
arXiv,2602.03310v1,RDT2: Exploring the Scaling Limit of UMI Data Towards Zero-Shot Cross-Embodiment Generalization,Songming Liu; Bangguo Li; Kai Ma; Lingxuan Wu; Hengkai Tan; Xiao Ouyang; Hang Su; Jun Zhu,2026,arXiv,,http://arxiv.org/abs/2602.03310v1,"cat:cs.RO AND (all:""cross-embodiment"" OR all:""action alignment"")","cat:cs.RO AND (all:""cross-embodiment"" OR all:""action alignment"")"
arXiv,2603.29419v1,RAAP: Retrieval-Augmented Affordance Prediction with Cross-Image Action Alignment,Qiyuan Zhuang; He-Yang Xu; Yijun Wang; Xin-Yang Zhao; Yang-Yang Li; Xiu-Shen Wei,2026,arXiv,,http://arxiv.org/abs/2603.29419v1,"cat:cs.RO AND (all:""cross-embodiment"" OR all:""action alignment"")","cat:cs.RO AND (all:""cross-embodiment"" OR all:""action alignment"")"
arXiv,2604.15281v1,R3D: Revisiting 3D Policy Learning,Zhengdong Hong; Shenrui Wu; Haozhe Cui; Boyi Zhao; Ran Ji; Yiyang He; Hangxing Zhang; Zundong Ke; Jun Wang; Guofeng Zhang; Jiayuan Gu,2026,arXiv,,http://arxiv.org/abs/2604.15281v1,"cat:cs.RO AND (all:""data augmentation"" OR all:""synthetic demonstrations"")","cat:cs.RO AND (all:""cross-embodiment"" OR all:""action alignment"") || cat:cs.RO AND (all:""data augmentation"" OR all:""synthetic demonstrations"")"
arXiv,2606.17040v1,R2RDreamer: 3D-aware Data Augmentation for Spatially-generalized 2D Manipulation Policies,Xiuwei Xu; Haowen Sun; Angyuan Ma; Yiwei Zhang; Zhenyu Wu; Xiaofeng Wang; Bingyao Yu; Zheng Zhu; Jie Zhou; Jiwen Lu,2026,arXiv,,http://arxiv.org/abs/2606.17040v1,"cat:cs.RO AND (all:""data augmentation"" OR all:""synthetic demonstrations"")","cat:cs.RO AND (all:""data augmentation"" OR all:""synthetic demonstrations"")"
arXiv,2603.18202v2,R2-Dreamer: Redundancy-Reduced World Models without Decoders or Augmentation,Naoki Morihira; Amal Nahar; Kartik Bharadwaj; Yasuhiro Kato; Akinobu Hayashi; Tatsuya Harada,2026,arXiv,,http://arxiv.org/abs/2603.18202v2,"cat:cs.RO AND (all:""data augmentation"" OR all:""synthetic demonstrations"")","cat:cs.RO AND (all:""data augmentation"" OR all:""synthetic demonstrations"")"
arXiv,2606.17846v2,Qwen-RobotManip Technical Report: Alignment Unlocks Scale for Robotic Manipulation Foundation Models,Haoqi Yuan; Zhixuan Liang; Anzhe Chen; Ye Wang; Haoyang Li; Pei Lin; Yiyang Huang; Zixing Lei; Tong Zhang; Jiazhao Zhang; Jie Zhang; Jingyang Fan; Gengze Zhou; Qihang Peng; Chenxu Lv; Xiaoyue Chen; An Yang; Fei Huang; Junyang Lin; Dayiheng Liu; Jingren Zhou; Chenfei Wu; Xiong-Hui Chen,2026,arXiv,,http://arxiv.org/abs/2606.17846v2,"cat:cs.RO AND (all:""cross-embodiment"" OR all:""action alignment"")","cat:cs.RO AND (all:""cross-embodiment"" OR all:""action alignment"")"
arXiv,2605.18407v1,Qumus: Realization of An Embodied AI Quantum Material Experimentalist,Lihan Shi; Zhaoyi Joy Zheng; Xinzhe Juan; Yimin Wang; Ming Yin; Mayank Sengupta; Kristina Wolinski; Yanyu Jia; Jingzhi Shi; Derek Saucedo; Neill Saggi; Haosen Guan; Kenji Watanabe; Takashi Taniguchi; Ali Yazdani; Mengdi Wang; Sanfeng Wu,2026,arXiv,,http://arxiv.org/abs/2605.18407v1,"cat:cs.RO AND (all:""self-improvement"" OR all:""online post-training"")","cat:cs.RO AND (all:""self-improvement"" OR all:""online post-training"")"
DBLP,234538,Quality over Quantity: Demonstration Curation via Influence Functions for Data-Centric Robot Learning,Haeone Lee; Taywon Min; Junsu Kim; Sinjae Kang; Fangchen Liu; Lerrel Pinto; Kimin Lee,2026,CoRR,10.48550/ARXIV.2603.09056,https://doi.org/10.48550/arXiv.2603.09056,robot data curation,"cat:cs.RO AND all:""data curation"" || cat:cs.RO AND all:""data quality"" || robot data curation || robot data quality"
arXiv,2605.08774v1,ProcVLM: Learning Procedure-Grounded Progress Rewards for Robotic Manipulation,Youhe Feng; Hansen Shi; Haoyang Li; Xinlei Guo; Yang Wang; Chengyang Zhang; Jinkai Zhang; Xiaohan Zhang; Jie Tang; Jing Zhang,2026,arXiv,,http://arxiv.org/abs/2605.08774v1,"cat:cs.RO AND (all:""automatic annotation"" OR all:relabeling OR all:segmentation)","cat:cs.RO AND (all:""automatic annotation"" OR all:relabeling OR all:segmentation)"
arXiv,2607.00978v1,Privacy-Preserving Depth-Only Open-Vocabulary 3D Semantic Segmentation Via Uncertainty-Guided Test-Time Optimization,Xuying Huang; Sicong Pan; Maren Bennewitz,2026,arXiv,,http://arxiv.org/abs/2607.00978v1,"cat:cs.RO AND (all:""automatic annotation"" OR all:relabeling OR all:segmentation)","cat:cs.RO AND (all:""automatic annotation"" OR all:relabeling OR all:segmentation)"
arXiv,2605.30581v2,Prior Availability in Industrial Visual Sim-to-Real: A Review of CAD-Guided and CAD-Unavailable Regimes,Chenxi Tao; Seung-Kyum Choi,2026,arXiv,,http://arxiv.org/abs/2605.30581v2,"cat:cs.RO AND (all:""automatic annotation"" OR all:relabeling OR all:segmentation)","cat:cs.RO AND (all:""automatic annotation"" OR all:relabeling OR all:segmentation)"
arXiv,2605.30695v1,Primitive Subspaces Mediate Few-Shot Transfer in VLAs,Anya Singh; Cabrel Happi; Jai Relan; Varun Nair; Vidyut Baradwaj,2026,arXiv,,http://arxiv.org/abs/2605.30695v1,"cat:cs.RO AND (all:""automatic annotation"" OR all:relabeling OR all:segmentation)","cat:cs.RO AND (all:""automatic annotation"" OR all:relabeling OR all:segmentation)"
arXiv,2605.12160v1,Premover: Fast Vision-Language-Action Control by Acting Before Instructions Are Complete,Joonha Park; Jiseung Jeong; Taesik Gong,2026,arXiv,,http://arxiv.org/abs/2605.12160v1,"cat:cs.RO AND (all:""automatic annotation"" OR all:relabeling OR all:segmentation)","cat:cs.RO AND (all:""automatic annotation"" OR all:relabeling OR all:segmentation)"
arXiv,2606.03949v2,Preference-Calibrated Human-in-the-Loop Reinforcement Learning for Robotic Manipulation,Zeyi Liu; Guangyao Liu; Yinuo Qu; Yuquan Xue; Bofang Jia; Chunhua Yang; Weihua Gui; Keke Huang; Ziwei Wang,2026,arXiv,,http://arxiv.org/abs/2606.03949v2,"cat:cs.RO AND (all:""automatic annotation"" OR all:relabeling OR all:segmentation)","cat:cs.RO AND (all:""automatic annotation"" OR all:relabeling OR all:segmentation)"
arXiv,2607.26809v1,Practice Makes Policies: Bootstrapping and Consolidating Robotic Capabilities from Zero Human Demonstrations,Jialiang Li; Yuhan Wang; Haojun Li; Gaojing Zhang; Yangtian Ye; Qipeng Liu; Haotian Liang; Wenzhao Lian,2026,arXiv,,http://arxiv.org/abs/2607.26809v1,"cat:cs.RO AND (all:""self-improvement"" OR all:""online post-training"")","cat:cs.RO AND (all:""self-improvement"" OR all:""online post-training"") || cat:cs.RO AND all:""autonomous data collection"""
arXiv,2606.20118v2,Pose6DAug: Physically Plausible Multi-view Object Swapping for Robot Data Augmentation,Jonghoon Lee; Seong Hyeon Park; Byungwoo Jeon; Minha Lee; Jinwoo Shin,2026,arXiv,,http://arxiv.org/abs/2606.20118v2,"cat:cs.RO AND (all:""data augmentation"" OR all:""synthetic demonstrations"")","cat:cs.RO AND (all:""data augmentation"" OR all:""synthetic demonstrations"")"
arXiv,2607.18855v1,Pose-Parameterized Motion Planning and CBF-QP Self-Collision Filtering for a Long-Reach Drilling Boom,Mehdi Heydari Shahna; Tuomo Kivelä; Jouni Mattila,2026,arXiv,,http://arxiv.org/abs/2607.18855v1,"cat:cs.RO AND (all:""automatic annotation"" OR all:relabeling OR all:segmentation)","cat:cs.RO AND (all:""automatic annotation"" OR all:relabeling OR all:segmentation)"
arXiv,2606.12048v1,Point Cloud Segmentation for Autonomous Clip Positioning in Laparoscopic Cholecystectomy on a Phantom,Balázs Gyenes; Nikolai Franke; Paul Maria Scheikl; Pit Henrich; Rayan Younis; Gerhard Neumann; Martin Wagner; Franziska Mathis-Ullrich,2026,arXiv,,http://arxiv.org/abs/2606.12048v1,"cat:cs.RO AND (all:""data augmentation"" OR all:""synthetic demonstrations"")","cat:cs.RO AND (all:""automatic annotation"" OR all:relabeling OR all:segmentation) || cat:cs.RO AND (all:""data augmentation"" OR all:""synthetic demonstrations"")"
arXiv,2606.12936v3,"Pipette: An Embodied Simulation Platform, Benchmark, and Data-Efficient Augmentation Framework for Wet-Lab Robotics",Zhe Liu; Huanbo Jin; Zhaohui Du; Zhe Wang; Dongzhan Zhou; Minting Pan; He Xu; Peijia Li; Jiaming Gu; Quan Lu; Qi Wang; Bin Ji; Ting Xiao,2026,arXiv,,http://arxiv.org/abs/2606.12936v3,"cat:cs.RO AND (all:""data augmentation"" OR all:""synthetic demonstrations"")","cat:cs.RO AND (all:""data augmentation"" OR all:""synthetic demonstrations"")"
arXiv,2607.10000v1,PinFT: Miniature 5-Axis Force/Torque Sensor Embeddable to Tweezer-like Tool,Leo King; Jenny Chen; Tae Myung Huh,2026,arXiv,,http://arxiv.org/abs/2607.10000v1,"cat:cs.RO AND (all:""automatic annotation"" OR all:relabeling OR all:segmentation)","cat:cs.RO AND (all:""automatic annotation"" OR all:relabeling OR all:segmentation)"
arXiv,2604.04690v2,Pickalo: Leveraging 6D Pose Estimation for Low-Cost Industrial Bin Picking,Alessandro Tarsi; Matteo Mastrogiuseppe; Saverio Taliani; Simone Cortinovis; Ugo Pattacini,2026,arXiv,,http://arxiv.org/abs/2604.04690v2,"cat:cs.RO AND (all:""automatic annotation"" OR all:relabeling OR all:segmentation)","cat:cs.RO AND (all:""automatic annotation"" OR all:relabeling OR all:segmentation)"
arXiv,2606.13886v1,PhysVLA: Towards Physically-Grounded VLA for Embodied Robotic Manipulation,Namai Chandra; Shriram Damodaran; Lin Wang,2026,arXiv,,http://arxiv.org/abs/2606.13886v1,"cat:cs.RO AND (all:""automatic annotation"" OR all:relabeling OR all:segmentation)","cat:cs.RO AND (all:""automatic annotation"" OR all:relabeling OR all:segmentation)"
arXiv,2606.08655v1,PhysGraph: A Physics-aware 3D Scene Graph for Perception and Reasoning,Haoyu Li; Aaron Thomas; Shuyan Zhou; Xianyi Cheng,2026,arXiv,,http://arxiv.org/abs/2606.08655v1,"cat:cs.RO AND (all:""automatic annotation"" OR all:relabeling OR all:segmentation)","cat:cs.RO AND (all:""automatic annotation"" OR all:relabeling OR all:segmentation)"
arXiv,2605.15298v1,PhysBrain 1.0 Technical Report,Shijie Lian; Bin Yu; Xiaopeng Lin; Changti Wu; Hang Yuan; Xiaolin Hu; Zhaolong Shen; Yuzhuo Miao; Haishan Liu; Yuxuan Tian; Yukun Shi; Cong Huang; Kai Chen,2026,arXiv,,http://arxiv.org/abs/2605.15298v1,"cat:cs.RO AND all:""data engine""","cat:cs.RO AND all:""data engine"""
arXiv,2606.15064v1,Phase-Localized Curation Does Not Help: A Negative Result on Per-Phase Metric Selection for Demonstration Filtering,Aarav Bedi,2026,arXiv,,http://arxiv.org/abs/2606.15064v1,"cat:cs.RO AND (all:""automatic annotation"" OR all:relabeling OR all:segmentation)","cat:cs.RO AND (all:""automatic annotation"" OR all:relabeling OR all:segmentation)"
arXiv,2606.15587v2,Perfect Demo Makes Poor Teacher: Learning Robust Alignment from Critical Motion Segments,Mingyu Liu; Zeju Li; Jiuhe Shu; Hanqing Wang; Yuhao Chao; Hao Chen; Chunhua Shen,2026,arXiv,,http://arxiv.org/abs/2606.15587v2,"cat:cs.RO AND (all:""automatic annotation"" OR all:relabeling OR all:segmentation)","cat:cs.RO AND (all:""automatic annotation"" OR all:relabeling OR all:segmentation)"
arXiv,2606.08059v2,Perceptive Behavior Foundation Model: Adapting Human Motion Priors to Robot-Centric Terrain,Zifan Wang; Yizhao Li; Teli Ma; Qiang Zhang; Yudong Fan; Hao Xu; Shuo Yang; Junwei Liang,2026,arXiv,,http://arxiv.org/abs/2606.08059v2,"cat:cs.RO AND (all:""cross-embodiment"" OR all:""action alignment"")","cat:cs.RO AND (all:""cross-embodiment"" OR all:""action alignment"")"
arXiv,2607.06655v2,Pelican-VLA 0.5: Attending Before Acting Benefits Generalization,Zeyuan Ding; Wenhai Liu; Yang Xu; Jiayu Hu; Yinda Chen; Yi Zhang; Yong Dai; Jian Tang; Xiaozhu Ju,2026,arXiv,,http://arxiv.org/abs/2607.06655v2,"cat:cs.RO AND (all:""automatic annotation"" OR all:relabeling OR all:segmentation)","cat:cs.RO AND (all:""automatic annotation"" OR all:relabeling OR all:segmentation)"
arXiv,2604.05070v1,Part-Level 3D Gaussian Vehicle Generation with Joint and Hinge Axis Estimation,Shiyao Qian; Yuan Ren; Dongfeng Bai; Bingbing Liu,2026,arXiv,,http://arxiv.org/abs/2604.05070v1,"cat:cs.RO AND (all:""automatic annotation"" OR all:relabeling OR all:segmentation)","cat:cs.RO AND (all:""automatic annotation"" OR all:relabeling OR all:segmentation)"
arXiv,2607.13312v1,Parsimonious disturbance-aware minimum-time planning with parametric uncertainty,Martino Gulisano; Matteo Masoni; Marco Gabiccini,2026,arXiv,,http://arxiv.org/abs/2607.13312v1,"cat:cs.RO AND (all:""automatic annotation"" OR all:relabeling OR all:segmentation)","cat:cs.RO AND (all:""automatic annotation"" OR all:relabeling OR all:segmentation)"
arXiv,2605.25029v2,ParkingWorld: End-to-End Autonomous Parking Reinforcement Learning from Corrective Experience in 3DGS Simulation,Zhengcheng Yu; Changze Li; Haoran Liu; Tong Qin,2026,arXiv,,http://arxiv.org/abs/2605.25029v2,"cat:cs.RO AND (all:""automatic annotation"" OR all:relabeling OR all:segmentation)","cat:cs.RO AND (all:""automatic annotation"" OR all:relabeling OR all:segmentation)"
arXiv,2605.10307v1,PaMoSplat: Part-Aware Motion-Guided Gaussian Splatting for Dynamic Scene Reconstruction,Yinan Deng; Jianyu Dou; Jiahui Wang; Jingyu Zhao; Yi Yang; Yufeng Yue,2026,arXiv,,http://arxiv.org/abs/2605.10307v1,"cat:cs.RO AND (all:""automatic annotation"" OR all:relabeling OR all:segmentation)","cat:cs.RO AND (all:""automatic annotation"" OR all:relabeling OR all:segmentation)"
arXiv,2606.16569v1,PROSE: Training-Free Egocentric Scene Registration with Vision-Language Models,Zhiang Chen; Nahyuk Lee; Boyang Sun; Taein Kwon; Marc Pollefeys; Zuria Bauer; Sunghwan Hong,2026,arXiv,,http://arxiv.org/abs/2606.16569v1,"cat:cs.RO AND (all:""automatic annotation"" OR all:relabeling OR all:segmentation)","cat:cs.RO AND (all:""automatic annotation"" OR all:relabeling OR all:segmentation)"
arXiv,2607.16366v1,PRISM: Multimodal Terrain Mapping for Rover Navigation in Unstructured Environments,Raul Castilla-Arquillo; Carlos Perez-del-Pulgar; Levin Gerdes; Alfonso Garcia-Cerezo; Miguel A. Olivares-Mendez,2026,arXiv,,http://arxiv.org/abs/2607.16366v1,"cat:cs.RO AND (all:""automatic annotation"" OR all:relabeling OR all:segmentation)","cat:cs.RO AND (all:""automatic annotation"" OR all:relabeling OR all:segmentation)"
arXiv,2605.19257v4,PRISM-SLAM: Probabilistic Ray-Grounded Inference for Scale-aware Metric SLAM,Eunsoo Im; Gyeonggwan Lee; Seunghwan Hong; Junghun Suh,2026,arXiv,,http://arxiv.org/abs/2605.19257v4,"cat:cs.RO AND (all:""automatic annotation"" OR all:relabeling OR all:segmentation)","cat:cs.RO AND (all:""automatic annotation"" OR all:relabeling OR all:segmentation)"
arXiv,2606.01851v2,PHASOR: Phase-Anchored Universal Action Representations for Humanoid Embodiments,Kihyun Kim; Chaeyun Kim; Jongho Shin; Taeyoun Kwon; Junghyun Kim; Mijin Koo; Haon Park,2026,arXiv,,http://arxiv.org/abs/2606.01851v2,"cat:cs.RO AND (all:""cross-embodiment"" OR all:""action alignment"")","cat:cs.RO AND (all:""cross-embodiment"" OR all:""action alignment"")"
arXiv,2605.21710v1,PGDG: Physically Grounded Data Generation for Robust Bimanual Policy Learning from a Single Demonstration,Cunxi Dai; Haoran Chang; Aditya Nisal; Rahul Kumar; Guofei Chen; Tao Chen; Yuzhe Qin; Guanya Shi,2026,arXiv,,http://arxiv.org/abs/2605.21710v1,"cat:cs.RO AND all:""data quality""","cat:cs.RO AND (all:""automatic annotation"" OR all:relabeling OR all:segmentation) || cat:cs.RO AND all:""data quality"""
arXiv,2601.19514v1,PALM: Enhanced Generalizability for Local Visuomotor Policies via Perception Alignment,Ruiyu Wang; Zheyu Zhuang; Danica Kragic; Florian T. Pokorny,2026,arXiv,,http://arxiv.org/abs/2601.19514v1,"cat:cs.RO AND (all:""cross-embodiment"" OR all:""action alignment"")","cat:cs.RO AND (all:""cross-embodiment"" OR all:""action alignment"")"
arXiv,2607.28623v1,PAC-MAN: Perception-Aware CBF-RL for Whole-Body Safety in Humanoid Dodgeball,Lizhi Yang; Junheng Li; Aaron D. Ames,2026,arXiv,,http://arxiv.org/abs/2607.28623v1,"cat:cs.RO AND (all:""automatic annotation"" OR all:relabeling OR all:segmentation)","cat:cs.RO AND (all:""automatic annotation"" OR all:relabeling OR all:segmentation)"
arXiv,2605.15765v1,Optimizing Line Segment Inspection with Limited-Range Drones,José-Miguel Díaz-Báñez; José-Manuel Higes; Alina Kasiuk; Inmaculada Ventura,2026,arXiv,,http://arxiv.org/abs/2605.15765v1,"cat:cs.RO AND (all:""automatic annotation"" OR all:relabeling OR all:segmentation)","cat:cs.RO AND (all:""automatic annotation"" OR all:relabeling OR all:segmentation)"
arXiv,2604.21017v3,Open-H-Embodiment: A Large-Scale Dataset for Enabling Foundation Models in Medical Robotics,Open-H-Embodiment Consortium; :; Nigel Nelson; Juo-Tung Chen; Jesse Haworth; Xinhao Chen; Lukas Zbinden; Dianye Huang; Alaa Eldin Abdelaal; Alberto Arezzo; Ayberk Acar; Farshid Alambeigi; Carlo Alberto Ammirati; Yunke Ao; Pablo David Aranda Rodriguez; Soofiyan Atar; Mattia Ballo; Noah Barnes; Federica Barontini; Filip Binkiewicz; Peter Black; Sebastian Bodenstedt; Leonardo Borgioli; Nikola Budjak; Benjamin Calmé; Fabio Carrillo; Nicola Cavalcanti; Changwei Chen; Haoxin Chen; Sihang Chen; Qihan Chen; Zhongyu Chen; Ziyang Chen; Shing Shin Cheng; Meiqing Cheng; Min Cheng; Zih-Yun Sarah Chiu; Xiangyu Chu; Camilo Correa-Gallego; Giulio Dagnino; Anton Deguet; Jacob Delgado; Jonathan C. DeLong; Kaizhong Deng; Alexander Dimitrakakis; Qingpeng Ding; Hao Ding; Giovanni Distefano; Daniel Donoho; Anqing Duan; Marco Esposito; Shane Farritor; Jad Fayad; Zahi Fayad; Mario Ferradosa; Filippo Filicori; Chelsea Finn; Philipp Fürnstahl; Jiawei Ge; Stamatia Giannarou; Xavier Giralt Ludevid; Frederic Giraud; Aditya Amit Godbole; Ken Goldberg; Antony Goldenberg; Diego Granero Marana; Xiaoqing Guo; Tamás Haidegger; Evan Hailey; Pascal Hansen; Ziyi Hao; Kush Hari; Kengo Hayashi; Jonathon Hawkins; Shelby Haworth; Ortrun Hellig; S. Duke Herrell; Zhouyang Hong; Andrew Howe; Junlei Hu; Zhaoyang Jacopo Hu; Ria Jain; Mohammad Rafiee Javazm; Howard Ji; Rui Ji; Jianmin Ji; Zhongliang Jiang; Dominic Jones; Jeffrey Jopling; Britton Jordan; Ran Ju; Michael Kam; Luoyao Kang; Fausto Kang; Siddhartha Kapuria; Peter Kazanzides; Sonika Kiehler; Ethan Kilmer; Ji Woong Kim; Przemysław Korzeniowski; Chandra Kuchi; Nithesh Kumar; Alan Kuntz; Federico Lavagno; Yu Chung Lee; Hao-Chih Lee; Hang Li; Zhen Li; Xiao Liang; Xinxin Lin; Jinsong Lin; Chang Liu; Fei Liu; Pei Liu; Yun-hui Liu; Wanli Liuchen; Eszter Lukács; Sareena Mann; Miles Mannas; Brett Marinelli; Sabina Martyniak; Francesco Marzola; Lorenzo Mazza; Xueyan Mei; Maria Clara Morais; Luigi Muratore; Chetan Reddy Narayanaswamy; Michał Naskręt; David Navarro-Alarcon; Cyrus Neary; Chi Kit Ng; Christopher Nguan; David Noonan; Ki Hwan Oh; Tom Christian Olesch; Allison M. Okamura; Justin Opfermann; Matteo Pescio; Doan Xuan Viet Pham; Tito Porras; Hongliang Ren; Ariel Rodriguez Jimenez; Ferdinando Rodriguez y Baena; Septimiu E. Salcudean; Asmitha Sathya; Preethi Satish; Lalithkumar Seenivasan; Jiaqi Shao; Yiqing Shen; Yu Sheng; Lucy XiaoYang Shi; Zoe Soulé; Stefanie Speidel; Mingwu Su; Jianhao Su; Idris Sunmola; Kristóf Takács; Yunxi Tang; Patrick Thornycroft; Yu Tian; Jordan Thompson; Mehmet K. Turkcan; Mathias Unberath; Pietro Valdastri; Carlos Vives; Quan Vuong; Martin Wagner; Farong Wang; Wei Wang; Lidian Wang; Chung-Pang Wang; Guankun Wang; Junyi Wang; Erqi Wang; Ziyi Wang; Tanner Watts; Wolfgang Wein; Yimeng Wu; Zijian Wu; Hongjun Wu; Luohong Wu; Jie Ying Wu; Junlin Wu; Victoria Wu; Kaixuan Wu; Mateusz Wójcikowski; Yunye Xiao; Nan Xiao; Wenxuan Xie; Hao Yang; Tianqi Yang; Yinuo Yang; Menglong Ye; Ryan S. Yeung; Nural Yilmaz; Chim Ho Yin; Michael Yip; Rayan Younis; Chenhao Yu; Sayem Nazmuz Zaman; Milos Zefran; Han Zhang; Yuelin Zhang; Yidong Zhang; Yanyong Zhang; Xuyang Zhang; Yameng Zhang; Joyce Zhang; Ning Zhong; Peng Zhou; Haoying Zhou; Xiuli Zuo; Nassir Navab; Mahdi Azizian; Sean D. Huver; Axel Krieger,2026,arXiv,,http://arxiv.org/abs/2604.21017v3,"cat:cs.RO AND (all:""world model"" AND all:""data generation"")","cat:cs.RO AND (all:""world model"" AND all:""data generation"")"
arXiv,2607.14183v2,Open-AoE: An Open Egocentric Manipulation Dataset and Toolchain for Embodied Learning,Zishuo Li; Bowen Yang; Changtao Miao; Kai Zhu; Hao Chen; Qingze Guan; Zhengxing Wu; Wanke Zhan; Yang Sun; Zhiyi Huang; Zitong Shan; Zhenchao Jin; Jiadong Hong; Taowen Wang; Yushi Feng; You Liu; Yibo Wang; Yifan Yang; Zhaowen Zhou; Man Luo; Hao Cheng; Bo Zhang; Jianshu Li; Jiansheng Cai; Guocai Yao; Jize Zhang; Chenhao Lin; Renjing Xu; Lequan Yu; Chao Shen; Chunhua Shen; Zhe Li,2026,arXiv,,http://arxiv.org/abs/2607.14183v2,"cat:cs.RO AND (all:""cross-embodiment"" OR all:""action alignment"")","cat:cs.RO AND (all:""automatic annotation"" OR all:relabeling OR all:segmentation) || cat:cs.RO AND (all:""cross-embodiment"" OR all:""action alignment"")"
arXiv,2607.09515v1,One-Shot Multimodal Learning from Demonstration with Force-Constrained Elastic Maps,Brendan Hertel; Jonathan Spanos; Navya Garg; Reza Azadeh,2026,arXiv,,http://arxiv.org/abs/2607.09515v1,"cat:cs.RO AND (all:""automatic annotation"" OR all:relabeling OR all:segmentation)","cat:cs.RO AND (all:""automatic annotation"" OR all:relabeling OR all:segmentation)"
arXiv,2603.14522v1,One-Policy-Fits-All: Geometry-Aware Action Latents for Cross-Embodiment Manipulation,Juncheng Mu; Sizhe Yang; Hojin Bae; Feiyu Jia; Qingwei Ben; Boyi Li; Huazhe Xu; Jiangmiao Pang,2026,arXiv,,http://arxiv.org/abs/2603.14522v1,"cat:cs.RO AND (all:""cross-embodiment"" OR all:""action alignment"")","cat:cs.RO AND (all:""cross-embodiment"" OR all:""action alignment"")"
arXiv,2602.16712v2,One Hand to Rule Them All: Canonical Representations for Unified Dexterous Manipulation,Zhenyu Wei; Yunchao Yao; Mingyu Ding,2026,arXiv,,http://arxiv.org/abs/2602.16712v2,"cat:cs.RO AND (all:""cross-embodiment"" OR all:""action alignment"")","cat:cs.RO AND (all:""cross-embodiment"" OR all:""action alignment"")"
arXiv,2606.19586v1,One Demo is Worth a Thousand Trajectories: Action-View Augmentation for Visuomotor Policies,Chuer Pan; Litian Liang; Dominik Bauer; Eric Cousineau; Benjamin Burchfiel; Siyuan Feng; Shuran Song,2026,arXiv,,http://arxiv.org/abs/2606.19586v1,"cat:cs.RO AND (all:""data augmentation"" OR all:""synthetic demonstrations"")","cat:cs.RO AND (all:""data augmentation"" OR all:""synthetic demonstrations"")"
arXiv,2601.06748v3,On-the-Fly VLA Adaptation via Test-Time Reinforcement Learning,Changyu Liu; Yiyang Liu; Taowen Wang; Qiao Zhuang; James Chenhao Liang; Wenhao Yang; Renjing Xu; Qifan Wang; Dongfang Liu; Cheng Han,2026,arXiv,,http://arxiv.org/abs/2601.06748v3,"cat:cs.RO AND (all:""self-improvement"" OR all:""online post-training"")","cat:cs.RO AND (all:""self-improvement"" OR all:""online post-training"")"
arXiv,2604.17706v2,OmniVLA-RL: A Vision-Language-Action Model with Spatial Understanding and Online RL,Haoxiang Jie; Yaoyuan Yan; Xiangyu Wei; Kailin Wang; Hongjie Yan; Zhiyou Heng; Daocheng Chen,2026,arXiv,,http://arxiv.org/abs/2604.17706v2,"cat:cs.RO AND (all:""automatic annotation"" OR all:relabeling OR all:segmentation)","cat:cs.RO AND (all:""automatic annotation"" OR all:relabeling OR all:segmentation)"
arXiv,2605.13815v1,OmniLiDAR: A Unified Diffusion Framework for Multi-Domain 3D LiDAR Generation,Youquan Liu; Weidong Yang; Ao Liang; Xiang Xu; Lingdong Kong; Yang Wu; Dekai Zhu; Xin Li; Runnan Chen; Ben Fei; Tongliang Liu; Wanli Ouyang,2026,arXiv,,http://arxiv.org/abs/2605.13815v1,"cat:cs.RO AND (all:""data augmentation"" OR all:""synthetic demonstrations"")","cat:cs.RO AND (all:""automatic annotation"" OR all:relabeling OR all:segmentation) || cat:cs.RO AND (all:""data augmentation"" OR all:""synthetic demonstrations"")"
arXiv,2607.22226v1,Offline Vision-Language Navigation with Geometric Goal Localization for Outdoor Environments,Ali Salmasi; Xianjia Yu; Tomi Westerlund,2026,arXiv,,http://arxiv.org/abs/2607.22226v1,"cat:cs.RO AND (all:""automatic annotation"" OR all:relabeling OR all:segmentation)","cat:cs.RO AND (all:""automatic annotation"" OR all:relabeling OR all:segmentation)"
arXiv,2606.27317v1,OctoSense: Self-Supervised Learning for Multimodal Robot Perception,Anthony Bisulco; Jeremy Wang; Kostas Daniilidis; Randall Balestriero; Pratik Chaudhari,2026,arXiv,,http://arxiv.org/abs/2606.27317v1,"cat:cs.RO AND (all:""automatic annotation"" OR all:relabeling OR all:segmentation)","cat:cs.RO AND (all:""automatic annotation"" OR all:relabeling OR all:segmentation)"
arXiv,2606.13727v1,Occupancy-Grounded Room Segmentation for Hierarchical 3D Scene Graphs,Carlos Cueto Zumaya; Iacopo Catalano; Jorge Peña-Queralta; Wallace Moreira Bessa,2026,arXiv,,http://arxiv.org/abs/2606.13727v1,"cat:cs.RO AND (all:""automatic annotation"" OR all:relabeling OR all:segmentation)","cat:cs.RO AND (all:""automatic annotation"" OR all:relabeling OR all:segmentation)"
arXiv,2604.20627v1,Occupancy Reward Shaping: Improving Credit Assignment for Offline Goal-Conditioned Reinforcement Learning,Aravind Venugopal; Jiayu Chen; Xudong Wu; Chongyi Zheng; Benjamin Eysenbach; Jeff Schneider,2026,arXiv,,http://arxiv.org/abs/2604.20627v1,"cat:cs.RO AND (all:""world model"" AND all:""data generation"")","cat:cs.RO AND (all:""world model"" AND all:""data generation"")"
arXiv,2604.06341v1,Occlusion Handling by Pushing for Enhanced Fruit Detection,Ege Gursoy; Dana Kulić; Andrea Cherubini,2026,arXiv,,http://arxiv.org/abs/2604.06341v1,"cat:cs.RO AND (all:""automatic annotation"" OR all:relabeling OR all:segmentation)","cat:cs.RO AND (all:""automatic annotation"" OR all:relabeling OR all:segmentation)"
arXiv,2606.18953v1,Object-Centric Residual RL for Zero-Shot Sim-to-Real VLA Enhancement,Kinam Kim; Namiko Saito; Heecheol Kim; Katsushi Ikeuchi; Jaegul Choo; Yasuyuki Matsushita,2026,arXiv,,http://arxiv.org/abs/2606.18953v1,"cat:cs.RO AND (all:""self-improvement"" OR all:""online post-training"")","cat:cs.RO AND (all:""self-improvement"" OR all:""online post-training"")"
arXiv,2606.10340v1,OMG: Omni-Modal Motion Generation for Generalist Humanoid Control,Siqiao Huang; Kun-Ying Lee; Dongming Qiao; Guanqi He; Zhenyu Wang; Yitang Li; Shaoting Zhu; Hang Zhao,2026,arXiv,,http://arxiv.org/abs/2606.10340v1,"cat:cs.RO AND all:""data curation""","cat:cs.RO AND all:""data curation"""
arXiv,2607.14899v1,OASIS-Map: Object-Level Change Detection in Multi-Session Mapping using Semantic Correspondence Matching,Haedam Oh; Yifu Tao; Nived Chebrolu; Maurice Fallon,2026,arXiv,,http://arxiv.org/abs/2607.14899v1,"cat:cs.RO AND (all:""automatic annotation"" OR all:relabeling OR all:segmentation)","cat:cs.RO AND (all:""automatic annotation"" OR all:relabeling OR all:segmentation)"
arXiv,2605.11762v1,NavOL: Navigation Policy with Online Imitation Learning,Xiaofei Wei; Chun Gu; Li Zhang,2026,arXiv,,http://arxiv.org/abs/2605.11762v1,"cat:cs.RO AND (all:""automatic annotation"" OR all:relabeling OR all:segmentation)","cat:cs.RO AND (all:""automatic annotation"" OR all:relabeling OR all:segmentation)"
arXiv,2605.10210v2,Nano-U: Efficient Terrain Segmentation for Tiny Robot Navigation,Federico Pizzolato; Francesco Pasti; Nicola Bellotto,2026,arXiv,,http://arxiv.org/abs/2605.10210v2,"cat:cs.RO AND (all:""automatic annotation"" OR all:relabeling OR all:segmentation)","cat:cs.RO AND (all:""automatic annotation"" OR all:relabeling OR all:segmentation)"
arXiv,2604.16962v1,Multi-stage Planning for Multi-target Surveillance using Aircrafts Equipped with Synthetic Aperture Radars Aware of Target Visibility,Daniel Fuertes; Carlos R. del-Blanco; Fernando Jaureguizar; Juan José Navarro-Corcuera; Narciso García,2026,arXiv,,http://arxiv.org/abs/2604.16962v1,"cat:cs.RO AND (all:""automatic annotation"" OR all:relabeling OR all:segmentation)","cat:cs.RO AND (all:""automatic annotation"" OR all:relabeling OR all:segmentation)"
arXiv,2606.13840v1,Multi-Agent Embodied Autonomous Driving: From V2X Information Exchange to Shared World Models,Senkang Hu; Zhengru Fang; Yihang Tao; Zihan Fang; Sam Tak Wu Kwong; Yuguang Fang,2026,arXiv,,http://arxiv.org/abs/2606.13840v1,"cat:cs.RO AND all:""data engine""","cat:cs.RO AND all:""data engine"""
arXiv,2606.08039v1,MuJoCo-Drones-Gym: A GPU-Accelerated Multi-Drone Simulator for Control and Reinforcement Learning,Manan Tayal,2026,arXiv,,http://arxiv.org/abs/2606.08039v1,"cat:cs.RO AND (all:""automatic annotation"" OR all:relabeling OR all:segmentation)","cat:cs.RO AND (all:""automatic annotation"" OR all:relabeling OR all:segmentation)"
arXiv,2604.27792v5,Motubrain: An Advanced World Action Model for Robot Control,Motubrain Team; Chendong Xiang; Fan Bao; Haitian Liu; Hengkai Tan; Hongzhe Bi; James Li; Jiabao Liu; Jingrui Pang; Kiro Jing; Louis Liu; Mengchen Cai; Rongxu Cui; Ruowen Zhao; Runqing Wang; Shuhe Huang; Yao Feng; Yinze Rong; Zeyuan Wang; Jun Zhu,2026,arXiv,,http://arxiv.org/abs/2604.27792v5,"cat:cs.RO AND (all:""cross-embodiment"" OR all:""action alignment"")","cat:cs.RO AND (all:""cross-embodiment"" OR all:""action alignment"")"
arXiv,2606.20705v1,MotionPyramid: Hierarchical Motion Representation and Residual Interfaces,Gao Zhu; Zaishuo Xia; Yubei Chen,2026,arXiv,,http://arxiv.org/abs/2606.20705v1,"cat:cs.RO AND (all:""automatic annotation"" OR all:relabeling OR all:segmentation)","cat:cs.RO AND (all:""automatic annotation"" OR all:relabeling OR all:segmentation)"
arXiv,2606.18955v2,Motion-Focused Latent Action Enables Cross-Embodiment VLA Training from Human EgoVideos,Runze Xu; Yiluo Zhang; Jian Wang; Yu Wang; Jincheng Yu,2026,arXiv,,http://arxiv.org/abs/2606.18955v2,"cat:cs.RO AND (all:""cross-embodiment"" OR all:""action alignment"")","cat:cs.RO AND (all:""cross-embodiment"" OR all:""action alignment"")"
arXiv,2601.08828v2,Motion Attribution for Video Generation,Xindi Wu; Despoina Paschalidou; Jun Gao; Antonio Torralba; Laura Leal-Taixé; Olga Russakovsky; Sanja Fidler; Jonathan Lorraine,2026,arXiv,,http://arxiv.org/abs/2601.08828v2,"cat:cs.RO AND all:""data curation""","cat:cs.RO AND all:""data curation"""
arXiv,2606.26188v1,Morphology-Specific Closed-Loop Control of Logarithmic-Spiral Continuum Arms via Online Jacobian Error Compensation,Partha Datta; Yi Jin; Wei Lin; C. Chase Cao,2026,arXiv,,http://arxiv.org/abs/2606.26188v1,"cat:cs.RO AND (all:""automatic annotation"" OR all:relabeling OR all:segmentation)","cat:cs.RO AND (all:""automatic annotation"" OR all:relabeling OR all:segmentation)"
arXiv,2607.07897v1,Monocular Vision Based Control Framework for Grasping,Shail Jadav; Dongheui Lee,2026,arXiv,,http://arxiv.org/abs/2607.07897v1,"cat:cs.RO AND (all:""automatic annotation"" OR all:relabeling OR all:segmentation)","cat:cs.RO AND (all:""automatic annotation"" OR all:relabeling OR all:segmentation)"
arXiv,2606.19122v1,Monocular 3D Occupancy Perception for Robots on Sidewalks via Hybrid 2D-3D Learning,Yukai Ma; Joe Lin; Liu Liu; Honglin He; Lulu Ricketts; Brad Squicciarini; Yong Liu; Bolei Zhou,2026,arXiv,,http://arxiv.org/abs/2606.19122v1,"cat:cs.RO AND (all:""cross-embodiment"" OR all:""action alignment"")","cat:cs.RO AND (all:""automatic annotation"" OR all:relabeling OR all:segmentation) || cat:cs.RO AND (all:""cross-embodiment"" OR all:""action alignment"")"
arXiv,2604.10593v1,MonoEM-GS: Monocular Expectation-Maximization Gaussian Splatting SLAM,Evgenii Kruzhkov; Sven Behnke,2026,arXiv,,http://arxiv.org/abs/2604.10593v1,"cat:cs.RO AND (all:""automatic annotation"" OR all:relabeling OR all:segmentation)","cat:cs.RO AND (all:""automatic annotation"" OR all:relabeling OR all:segmentation)"
arXiv,2605.29298v1,MonoDuo: Using One Robot Arm to Learn Bimanual Policies,Sandeep Bajamahal; Lawrence Yunliang Chen; Toru Lin; Zehan Ma; Jitendra Malik; Ken Goldberg,2026,arXiv,,http://arxiv.org/abs/2605.29298v1,"cat:cs.RO AND (all:""data augmentation"" OR all:""synthetic demonstrations"")","cat:cs.RO AND (all:""automatic annotation"" OR all:relabeling OR all:segmentation) || cat:cs.RO AND (all:""data augmentation"" OR all:""synthetic demonstrations"")"
arXiv,2607.25807v1,Modular Robotic Catheters for Endovascular Aneurysm Repair,Alex Ranne; Jinshi Zhao; Ali Anil Demircali; Songli Moey; Ayhan Aktas; Burak Temelkuran; Nassir Navab; Ferdinando Rodriguez y Baena,2026,arXiv,,http://arxiv.org/abs/2607.25807v1,"cat:cs.RO AND (all:""automatic annotation"" OR all:relabeling OR all:segmentation)","cat:cs.RO AND (all:""automatic annotation"" OR all:relabeling OR all:segmentation)"
arXiv,2606.20048v1,MirrorDuo: Reflection-Consistent Visuomotor Learning from Mirrored Demonstration Pairs,Zheyu Zhuang; Ruiyu Wang; Giovanni Luca Marchetti; Florian T. Pokorny; Danica Kragic,2026,arXiv,,http://arxiv.org/abs/2606.20048v1,"cat:cs.RO AND (all:""data augmentation"" OR all:""synthetic demonstrations"")","cat:cs.RO AND (all:""data augmentation"" OR all:""synthetic demonstrations"")"
arXiv,2605.00397v1,MiniVLA-Nav v1: A Multi-Scene Simulation Dataset for Language-Conditioned Robot Navigation,Ali Al-Bustami; Jaerock Kwon,2026,arXiv,,http://arxiv.org/abs/2605.00397v1,"cat:cs.RO AND (all:""automatic annotation"" OR all:relabeling OR all:segmentation)","cat:cs.RO AND (all:""automatic annotation"" OR all:relabeling OR all:segmentation)"
arXiv,2606.24078v1,MinInter: Minimizing Trajectory Interpolation During Data Augmentation for Imitation Learning,Qingyang Wang; Xingang Liu; Changwei Yao; Zikai Ouyang; Junwei Liu; Haibo Lu; Wei Zhang,2026,arXiv,,http://arxiv.org/abs/2606.24078v1,"cat:cs.RO AND (all:""data augmentation"" OR all:""synthetic demonstrations"")","cat:cs.RO AND (all:""automatic annotation"" OR all:relabeling OR all:segmentation) || cat:cs.RO AND (all:""data augmentation"" OR all:""synthetic demonstrations"")"
arXiv,2607.06600v1,MiLSD: A Micro Line-Segment Detector for Resource-Constrained Devices,Parsa Hassani Shariat Panahi; Amir Hossein Jalilvand; M. Hassan Najafi,2026,arXiv,,http://arxiv.org/abs/2607.06600v1,"cat:cs.RO AND (all:""automatic annotation"" OR all:relabeling OR all:segmentation)","cat:cs.RO AND (all:""automatic annotation"" OR all:relabeling OR all:segmentation)"
arXiv,2607.26345v1,MetaKoopman: Bayesian Meta-Learning of Koopman Operators for Modeling Structured Dynamics under Distribution Shifts,Mahmoud Selim; Sriharsha Bhat; Karl H. Johansson,2026,arXiv,,http://arxiv.org/abs/2607.26345v1,"cat:cs.RO AND (all:""automatic annotation"" OR all:relabeling OR all:segmentation)","cat:cs.RO AND (all:""automatic annotation"" OR all:relabeling OR all:segmentation)"
arXiv,2606.18960v2,Mem-World: Memory-Augmented Action-Conditioned World Models for Persistent Robot Manipulation,Zirui Zheng; Jiaqian Yu; Xiongfeng Peng; jun shi; Mingyi Li; Chao Zhang; Weiming Li; Dong Wang; Huchuan Lu; Xu Jia,2026,arXiv,,http://arxiv.org/abs/2606.18960v2,"cat:cs.RO AND (all:""world model"" AND all:""data generation"")","cat:cs.RO AND (all:""world model"" AND all:""data generation"")"
arXiv,2601.17895v1,Masked Depth Modeling for Spatial Perception,Bin Tan; Changjiang Sun; Xiage Qin; Hanat Adai; Zelin Fu; Tianxiang Zhou; Han Zhang; Yinghao Xu; Xing Zhu; Yujun Shen; Nan Xue,2026,arXiv,,http://arxiv.org/abs/2601.17895v1,"cat:cs.RO AND all:""data curation""","cat:cs.RO AND all:""data curation"""
arXiv,2607.04546v1,Mask2Real-WM: Segmentation Masks as a Sim-to-Real Bridge for Controllable Dexterous World Models,Riccardo O. Feingold; Davide Liconti; Chenyu Yang; Robert K. Katzschmann,2026,arXiv,,http://arxiv.org/abs/2607.04546v1,"cat:cs.RO AND (all:""data augmentation"" OR all:""synthetic demonstrations"")","cat:cs.RO AND (all:""automatic annotation"" OR all:relabeling OR all:segmentation) || cat:cs.RO AND (all:""data augmentation"" OR all:""synthetic demonstrations"")"
arXiv,2602.13764v1,MOTIF: Learning Action Motifs for Few-shot Cross-Embodiment Transfer,Heng Zhi; Wentao Tan; Lei Zhu; Fengling Li; Jingjing Li; Guoli Yang; Heng Tao Shen,2026,arXiv,,http://arxiv.org/abs/2602.13764v1,"cat:cs.RO AND (all:""cross-embodiment"" OR all:""action alignment"")","cat:cs.RO AND (all:""cross-embodiment"" OR all:""action alignment"")"
arXiv,2606.18243v1,MOCHI: Motion Enhancement of Collaborative Human-object Interactions,Jiye Lee; Yonghun Choi; Jungdam Won,2026,arXiv,,http://arxiv.org/abs/2606.18243v1,"cat:cs.RO AND (all:""data augmentation"" OR all:""synthetic demonstrations"")","cat:cs.RO AND (all:""data augmentation"" OR all:""synthetic demonstrations"")"
arXiv,2606.19874v1,MMD-SLAM: Structure-Enhanced Multi-Meta Gaussian Distribution-Guided Visual SLAM,Fan Zhu; Ziyu Chen; Peichen Liu; Yifan Zhao; Zhisong Xu; Hui Zhu; Hongxing Zhou; Sixun Liu; Chunmao Jiang,2026,arXiv,,http://arxiv.org/abs/2606.19874v1,"cat:cs.RO AND (all:""automatic annotation"" OR all:relabeling OR all:segmentation)","cat:cs.RO AND (all:""automatic annotation"" OR all:relabeling OR all:segmentation)"
arXiv,2605.00244v1,Lucid-XR: An Extended-Reality Data Engine for Robotic Manipulation,Yajvan Ravan; Adam Rashid; Alan Yu; Kai McClennen; Gio Huh; Kevin Yang; Zhutian Yang; Qinxi Yu; Xiaolong Wang; Phillip Isola; Ge Yang,2026,arXiv,,http://arxiv.org/abs/2605.00244v1,"cat:cs.RO AND all:""data engine""","cat:cs.RO AND all:""data engine"""
arXiv,2605.27365v2,LocateAnything: Fast and High-Quality Vision-Language Grounding with Parallel Box Decoding,Shihao Wang; Shilong Liu; Yuanguo Kuang; Xinyu Wei; Yangzhou Liu; Zhiqi Li; Yunze Man; Guo Chen; Andrew Tao; Guilin Liu; Jan Kautz; Lei Zhang; Zhiding Yu,2026,arXiv,,http://arxiv.org/abs/2605.27365v2,"cat:cs.RO AND all:""data engine""","cat:cs.RO AND all:""data engine"""
arXiv,2602.21072v1,Localized Dynamics-Aware Domain Adaption for Off-Dynamics Offline Reinforcement Learning,Zhangjie Xia; Yu Yang; Pan Xu,2026,arXiv,,http://arxiv.org/abs/2602.21072v1,"cat:cs.RO AND all:""data filtering""","cat:cs.RO AND all:""data filtering"""
arXiv,2605.21007v2,LiteViLNet: Lightweight Vision-LiDAR Fusion Network for Efficient Road Segmentation,Daojie Peng; Bingtao Wang; Fulong Ma; Liang Zhang; Jun Ma,2026,arXiv,,http://arxiv.org/abs/2605.21007v2,"cat:cs.RO AND (all:""automatic annotation"" OR all:relabeling OR all:segmentation)","cat:cs.RO AND (all:""automatic annotation"" OR all:relabeling OR all:segmentation)"
arXiv,2607.14698v1,"Lights, Camera, Malfunction: When Illumination Robustness Leaves VLA Models Blind to Color",Marino Watanabe; Takami Sato; Kentaro Yoshioka,2026,arXiv,,http://arxiv.org/abs/2607.14698v1,"cat:cs.RO AND (all:""data augmentation"" OR all:""synthetic demonstrations"")","cat:cs.RO AND (all:""data augmentation"" OR all:""synthetic demonstrations"")"
arXiv,2604.26201v1,Lights Out: A Nighttime UAV Localization Framework Using Thermal Imagery and Semantic 3D Maps,Ryan Allen; Melissa Greeff,2026,arXiv,,http://arxiv.org/abs/2604.26201v1,"cat:cs.RO AND (all:""automatic annotation"" OR all:relabeling OR all:segmentation)","cat:cs.RO AND (all:""automatic annotation"" OR all:relabeling OR all:segmentation)"
arXiv,2604.00634v2,LiPS: Lightweight Panoptic Segmentation for Resource-Constrained Robotics,Calvin Galagain; Martyna Poreba; François Goulette; Cyrill Stachniss,2026,arXiv,,http://arxiv.org/abs/2604.00634v2,"cat:cs.RO AND (all:""automatic annotation"" OR all:relabeling OR all:segmentation)","cat:cs.RO AND (all:""automatic annotation"" OR all:relabeling OR all:segmentation)"
arXiv,2605.05627v1,Leveraging Image Generators to Address Training Data Scarcity: The Gen4Regen Dataset for Forest Regeneration Mapping,Gabriel Jeanson; David-Alexandre Duclos; William Larrivée-Hardy; Noé Cochet; Matěj Boxan; Anthony Deschênes; François Pomerleau; Philippe Giguère,2026,arXiv,,http://arxiv.org/abs/2605.05627v1,"cat:cs.RO AND (all:""automatic annotation"" OR all:relabeling OR all:segmentation)","cat:cs.RO AND (all:""automatic annotation"" OR all:relabeling OR all:segmentation)"
arXiv,2607.22789v1,Learning-based Hierarchical Tracheal Anatomy Understanding from Sparse Surgical Demonstration Annotations for Ultrasound Robots,Hiu Ching Cheung; Wenchao Yue; Zhengran Han; Mingcong Chen; Guanglin Cao; Hongbin Liu; Hongliang Ren,2026,arXiv,,http://arxiv.org/abs/2607.22789v1,"cat:cs.RO AND (all:""automatic annotation"" OR all:relabeling OR all:segmentation)","cat:cs.RO AND (all:""automatic annotation"" OR all:relabeling OR all:segmentation)"
arXiv,2602.16675v1,Learning to unfold cloth: Scaling up world models to deformable object manipulation,Jack Rome; Stephen James; Subramanian Ramamoorthy,2026,arXiv,,http://arxiv.org/abs/2602.16675v1,"cat:cs.RO AND (all:""data augmentation"" OR all:""synthetic demonstrations"")","cat:cs.RO AND (all:""data augmentation"" OR all:""synthetic demonstrations"")"
arXiv,2604.23604v1,Learning to Identify Out-of-Distribution Objects for 3D LiDAR Anomaly Segmentation,Simone Mosco; Daniel Fusaro; Alberto Pretto,2026,arXiv,,http://arxiv.org/abs/2604.23604v1,"cat:cs.RO AND (all:""automatic annotation"" OR all:relabeling OR all:segmentation)","cat:cs.RO AND (all:""automatic annotation"" OR all:relabeling OR all:segmentation)"
arXiv,2606.19186v2,Learning to Annotate Delayed and False AEB Events: A Practical System for Extreme Class Imbalance and Asymmetric Label Noise,Mengxiang Hao; Xin Jiang; Xinghao Huang; Wenliang Su; Zhiteng Wang; Junjie Rao; Xiaotian Yang; Wei Liao; Chengyu Han; Gen Liang; Yulun Song; Zhitao Xu; Xianpeng Lang,2026,arXiv,,http://arxiv.org/abs/2606.19186v2,"cat:cs.RO AND (all:""data augmentation"" OR all:""synthetic demonstrations"")","cat:cs.RO AND (all:""data augmentation"" OR all:""synthetic demonstrations"") || cat:cs.RO AND (all:""self-improvement"" OR all:""online post-training"")"
arXiv,2604.23000v1,Learning from the Best: Smoothness-Driven Metrics for Data Quality in Imitation Learning,Soham Kulkarni; Raayan Dhar; Yuchen Cui,2026,arXiv,,http://arxiv.org/abs/2604.23000v1,"cat:cs.RO AND all:""data quality""","cat:cs.RO AND all:""data quality"""
arXiv,2604.04225v1,Learning from Imperfect Demonstrations via Temporal Behavior Tree-Guided Trajectory Repair,Aniruddh G. Puranic; Sebastian Schirmer; John S. Baras; Calin Belta,2026,arXiv,,http://arxiv.org/abs/2604.04225v1,"cat:cs.RO AND (all:""automatic annotation"" OR all:relabeling OR all:segmentation)","cat:cs.RO AND (all:""automatic annotation"" OR all:relabeling OR all:segmentation)"
arXiv,2601.15419v1,Learning a Unified Latent Space for Cross-Embodiment Robot Control,Yashuai Yan; Dongheui Lee,2026,arXiv,,http://arxiv.org/abs/2601.15419v1,"cat:cs.RO AND (all:""cross-embodiment"" OR all:""action alignment"")","cat:cs.RO AND (all:""cross-embodiment"" OR all:""action alignment"")"
arXiv,2606.25179v1,Learning Perceptive Platform Adaptive Locomotion Controllers for Quadrupedal Robots,David Rytz; Kim Tien Ly; Ioannis Havoutis,2026,arXiv,,http://arxiv.org/abs/2606.25179v1,"cat:cs.RO AND (all:""cross-embodiment"" OR all:""action alignment"")","cat:cs.RO AND (all:""cross-embodiment"" OR all:""action alignment"")"
arXiv,2604.24681v2,Learning Human-Intention Priors from Large-Scale Human Demonstrations for Robotic Manipulation,Yifan Xie; YuAn Wang; Guangyu Chen; Jinkun Liu; Yu Sun; Wenbo Ding,2026,arXiv,,http://arxiv.org/abs/2604.24681v2,"cat:cs.RO AND (all:""automatic annotation"" OR all:relabeling OR all:segmentation)","cat:cs.RO AND (all:""automatic annotation"" OR all:relabeling OR all:segmentation)"
arXiv,2607.13882v1,Learning Forward & Reverse Skills from a Single Unfinished Demonstration for Constrained Manipulation Tasks,Yexin Hu; Haoyi Zheng; Johannes Heidersberger; Dongheui Lee,2026,arXiv,,http://arxiv.org/abs/2607.13882v1,"cat:cs.RO AND (all:""automatic annotation"" OR all:relabeling OR all:segmentation)","cat:cs.RO AND (all:""automatic annotation"" OR all:relabeling OR all:segmentation)"
arXiv,2607.21648v1,Learning Diverse Humanoid Tasks via Synthetic Video Scenarios without Real World Data,Yun-Hao Tsai; Cong-Thanh Vu; Yen-Chen Liu,2026,arXiv,,http://arxiv.org/abs/2607.21648v1,"cat:cs.RO AND (all:""data augmentation"" OR all:""synthetic demonstrations"")","cat:cs.RO AND (all:""data augmentation"" OR all:""synthetic demonstrations"")"
arXiv,2602.01040v1,Learning Adaptive Cross-Embodiment Visuomotor Policy with Contrastive Prompt Orchestration,Yuhang Zhang; Chao Yan; Jiaxi Yu; Jiaping Xiao; Mir Feroskhan,2026,arXiv,,http://arxiv.org/abs/2602.01040v1,"cat:cs.RO AND (all:""cross-embodiment"" OR all:""action alignment"")","cat:cs.RO AND (all:""cross-embodiment"" OR all:""action alignment"")"
arXiv,2606.26095v1,Learning Action Priors for Cross-embodiment Robot Manipulation,Dong Jing; Tianqi Zhang; Jiaqi Liu; Jinman Zhao; Zelong Sun; Li Erran Li; Zhiwu Lu; Mingyu Ding,2026,arXiv,,http://arxiv.org/abs/2606.26095v1,"cat:cs.RO AND (all:""cross-embodiment"" OR all:""action alignment"")","cat:cs.RO AND (all:""cross-embodiment"" OR all:""action alignment"")"
arXiv,2607.08374v1,Large-Language-Models-as-a-Judge in Theory-Agnostic Adaptive Metric-Alignment for Prototypical Networks in Personality Recognition,Jing Jie Tan; Ban-Hoe Kwan; Danny Wee-Kiat Ng; Yan-Chai Hum; Shih-Yu Lo; Po-An Chen; Noriyuki Kawarazaki; Kosuke Takano; Anissa Mokraoui,2026,arXiv,,http://arxiv.org/abs/2607.08374v1,"cat:cs.RO AND all:""data quality""","cat:cs.RO AND all:""data quality"""
arXiv,2607.10438v1,Large Language Model Enhanced Differentiable Trajectory Planning for IoT-Enabled Autonomous Driving,Shihao Zhang; Jing Yang; Ziyu Song; Zheng Lin; Sunil Prajapat; Zhaochen Xia; Hemant Ghayvat; Haitao Ding; Lip Yee Por; Ashok Kumar Das,2026,arXiv,,http://arxiv.org/abs/2607.10438v1,"cat:cs.RO AND (all:""data augmentation"" OR all:""synthetic demonstrations"")","cat:cs.RO AND (all:""data augmentation"" OR all:""synthetic demonstrations"")"
arXiv,2603.12967v1,Language-Grounded Decoupled Action Representation for Robotic Manipulation,Wuding Weng; Tongshu Wu; Liucheng Chen; Siyu Xie; Zheng Wang; Xing Xu; Jingkuan Song; Heng Tao Shen,2026,arXiv,,http://arxiv.org/abs/2603.12967v1,"cat:cs.RO AND (all:""cross-embodiment"" OR all:""action alignment"")","cat:cs.RO AND (all:""cross-embodiment"" OR all:""action alignment"")"
arXiv,2603.00592v1,LangGap: Diagnosing and Closing the Language Gap in Vision-Language-Action Models,Yuchen Hou; Lin Zhao,2026,arXiv,,http://arxiv.org/abs/2603.00592v1,"cat:cs.RO AND (all:""data augmentation"" OR all:""synthetic demonstrations"")","cat:cs.RO AND (all:""data augmentation"" OR all:""synthetic demonstrations"")"
arXiv,2606.13578v2,LabVLA: Grounding Vision-Language-Action Models in Scientific Laboratories,Baochang Ren; Xinjie Liu; Xi Chen; Yanshuo Liu; Chenxi Li; Daqi Gao; Zeqin Su; Jintao Xing; Zirui Xue; Rui Li; Xiangyu Zhao; Shuofei Qiao; Minting Pan; Wangmeng Zuo; Lei Bai; Dongzhan Zhou; Ningyu Zhang; Huajun Chen,2026,arXiv,,http://arxiv.org/abs/2606.13578v2,"cat:cs.RO AND all:""data engine""","cat:cs.RO AND all:""data engine"""
arXiv,2606.23685v1,LaST-HD: Learning Latent Physical Reasoning from Scalable Human Data for Robot Manipulation,Jiaming Liu; Yinxi Wang; Chenyang Gu; Siyuan Qian; Xiangju Mi; Hao Chen; Jiawei Chen; Qingpo Wuwu; Xiaoqi Li; Nuowei Han; Yiming Zhang; Xuheng Zhang; Yang Yue; Yeqing Yang; Lei Wang; Peng Jia; Hao Tang; Shanghang Zhang,2026,arXiv,,http://arxiv.org/abs/2606.23685v1,"cat:cs.RO AND (all:""cross-embodiment"" OR all:""action alignment"")","cat:cs.RO AND (all:""cross-embodiment"" OR all:""action alignment"")"
arXiv,2606.21527v1,LOGOS: LiDAR-Only Gaussian Elevation Splatting for Unified Tiny Obstacle Segmentation,Nan Ming; Yeqiang Qian; Chunxiang Wang; Ming Yang,2026,arXiv,,http://arxiv.org/abs/2606.21527v1,"cat:cs.RO AND (all:""automatic annotation"" OR all:relabeling OR all:segmentation)","cat:cs.RO AND (all:""automatic annotation"" OR all:relabeling OR all:segmentation)"
arXiv,2605.13782v1,LMPath: Language-Mediated Priors and Path Generation for Aerial Exploration,Jonathan A. Diller; Fernando Cladera; Camillo J. Taylor; Vijay Kumar,2026,arXiv,,http://arxiv.org/abs/2605.13782v1,"cat:cs.RO AND (all:""automatic annotation"" OR all:relabeling OR all:segmentation)","cat:cs.RO AND (all:""automatic annotation"" OR all:relabeling OR all:segmentation)"
arXiv,2605.29864v1,LLM-Guided Future Hypotheses for Horizon-Aware Exploration in Multi-Step Robot Manipulation,Mohammad Khoshnazar; Andrew Melnik; Michael Beetz,2026,arXiv,,http://arxiv.org/abs/2605.29864v1,"cat:cs.RO AND (all:""automatic annotation"" OR all:relabeling OR all:segmentation)","cat:cs.RO AND (all:""automatic annotation"" OR all:relabeling OR all:segmentation)"
arXiv,2606.06953v1,LIMMT: Less is More for Motion Tracking,Yu Guan; Zekun Qi; Chenghuai Lin; Xuchuan Chen; Dairu Liu; Wenyao Zhang; Jilong Wang; Xinqiang Yu; He Wang; Li Yi,2026,arXiv,,http://arxiv.org/abs/2606.06953v1,"cat:cs.RO AND all:""data quality""","cat:cs.RO AND all:""data quality"""
arXiv,2604.10677v1,LIDEA: Human-to-Robot Imitation Learning via Implicit Feature Distillation and Explicit Geometry Alignment,Yifu Xu; Bokai Lin; Xinyu Zhan; Hongjie Fang; Yong-Lu Li; Cewu Lu; Lixin Yang,2026,arXiv,,http://arxiv.org/abs/2604.10677v1,"cat:cs.RO AND (all:""cross-embodiment"" OR all:""action alignment"")","cat:cs.RO AND (all:""cross-embodiment"" OR all:""action alignment"")"
arXiv,2605.13741v1,LEXI-SG: Monocular 3D Scene Graph Mapping with Room-Guided Feed-Forward Reconstruction,Christina Kassab; Hyeonjae Gil; Matías Mattamala; Ayoung Kim; Maurice Fallon,2026,arXiv,,http://arxiv.org/abs/2605.13741v1,"cat:cs.RO AND (all:""automatic annotation"" OR all:relabeling OR all:segmentation)","cat:cs.RO AND (all:""automatic annotation"" OR all:relabeling OR all:segmentation)"
arXiv,2604.11689v1,LARY: A Latent Action Representation Yielding Benchmark for Generalizable Vision-to-Action Alignment,Dujun Nie; Fengjiao Chen; Qi Lv; Jun Kuang; Xiaoyu Li; Xuezhi Cao; Xunliang Cai,2026,arXiv,,http://arxiv.org/abs/2604.11689v1,"cat:cs.RO AND (all:""cross-embodiment"" OR all:""action alignment"")","cat:cs.RO AND (all:""cross-embodiment"" OR all:""action alignment"")"
arXiv,2602.10556v2,LAP: Language-Action Pre-Training Enables Zero-shot Cross-Embodiment Transfer,Lihan Zha; Asher J. Hancock; Mingtong Zhang; Tenny Yin; Yixuan Huang; Dhruv Shah; Allen Z. Ren; Anirudha Majumdar,2026,arXiv,,http://arxiv.org/abs/2602.10556v2,"cat:cs.RO AND (all:""cross-embodiment"" OR all:""action alignment"")","cat:cs.RO AND (all:""cross-embodiment"" OR all:""action alignment"")"
arXiv,2605.16743v1,LACE: Latent Visual Representation for Cross-Embodiment Learning,Yoo Sung Jang; Kanchana Ranasinghe; Cristina Mata; Yichi Zhang; Jorge Mendez-Mendez; Michael S. Ryoo,2026,arXiv,,http://arxiv.org/abs/2605.16743v1,"cat:cs.RO AND (all:""cross-embodiment"" OR all:""action alignment"")","cat:cs.RO AND (all:""cross-embodiment"" OR all:""action alignment"")"
arXiv,2606.27295v2,LA4VLA: Learning to Act without Seeing via Language-Action Pretraining,Tao Lin; Yuxin Du; Yiran Mao; Zewei Ye; Yilei Zhong; Bing Cheng; Yiming Wang; Jiting Liu; Yang Tian; Junchi Yan; Feiran Wu; Zenan Meng; Hu Wei; Yuqian Fu; Gen Li; Bo Zhao,2026,arXiv,,http://arxiv.org/abs/2606.27295v2,"cat:cs.RO AND (all:""automatic annotation"" OR all:relabeling OR all:segmentation)","cat:cs.RO AND (all:""automatic annotation"" OR all:relabeling OR all:segmentation)"
arXiv,2603.28965v2,Koopman Operator Framework for Modeling and Control of Off-Road Vehicle on Deformable Terrain,Kartik Loya; Phanindra Tallapragada,2026,arXiv,,http://arxiv.org/abs/2603.28965v2,"cat:cs.RO AND (all:""automatic annotation"" OR all:relabeling OR all:segmentation)","cat:cs.RO AND (all:""automatic annotation"" OR all:relabeling OR all:segmentation)"
arXiv,2606.29028v1,Keypose Exploration: Efficient Automatic Trajectory Labelling and Cross-Embodiment Policy Transfer,Yupu Lu; Hang Xu; Yizhou Chen; Jia Pan,2026,arXiv,,http://arxiv.org/abs/2606.29028v1,"cat:cs.RO AND (all:""cross-embodiment"" OR all:""action alignment"")","cat:cs.RO AND (all:""cross-embodiment"" OR all:""action alignment"")"
arXiv,2606.22113v1,KITE: Decoupling Kinematics and Interaction for Zero-Shot Cross-Embodiment Manipulation,Qianxu Wang; Kuan Fang,2026,arXiv,,http://arxiv.org/abs/2606.22113v1,"cat:cs.RO AND (all:""cross-embodiment"" OR all:""action alignment"")","cat:cs.RO AND (all:""cross-embodiment"" OR all:""action alignment"")"
arXiv,2607.04652v1,KAM-WM: Kinematic Affordance Maps from Latent World Models for Robot Manipulation,Xinyu Shao; Keru Zhou; Guowei Huang; Yajun Gao; Tongtong Cao; Xiu Li,2026,arXiv,,http://arxiv.org/abs/2607.04652v1,"cat:cs.RO AND (all:""automatic annotation"" OR all:relabeling OR all:segmentation)","cat:cs.RO AND (all:""automatic annotation"" OR all:relabeling OR all:segmentation)"
arXiv,2604.20100v2,JoyAI-RA 0.1: A Foundation Model for Robotic Autonomy,Tianle Zhang; Zhihao Yuan; Dafeng Chi; Peidong Liu; Dongwei Li; Kejun Hu; Likui Zhang; Junnan Nie; Ziming Wei; Zengjue Chen; Yili Tang; Jiayi Li; Zhiyuan Xiang; Mingyang Li; Tianci Luo; Hanwen Wan; Ao Li; Linbo Zhai; Zhihao Zhan; Xiaodong Bai; Jiakun Cai; Peng Cao; Kangliang Chen; Siang Chen; Yixiang Dai; Shuai Di; Yicheng Gong; Chenguang Gui; Yucheng Guo; Peng Hao; Qingrong He; Haoyang Huang; Kunrui Huang; Zhixuan Huang; Shibo Jin; Yixiang Jin; Anson Li; Dongjiang Li; Jiawei Li; Ruodai Li; Yihang Li; Yuzhen Li; Jiaming Liang; Fangsheng Liu; Jing Long; Mingxi Luo; Xing Pan; Hui Shen; Xiaomeng Tian; Daming Wang; Song Wang; Junwu Xiong; Hang Xu; Wanting Xu; Zhengcheng Yu; He Zhang; Jiyao Zhang; Lin Zhao; Chen Zhou; Nan Duan; Yuzheng Zhuang; Liang Lin,2026,arXiv,,http://arxiv.org/abs/2604.20100v2,"cat:cs.RO AND (all:""cross-embodiment"" OR all:""action alignment"")","cat:cs.RO AND (all:""cross-embodiment"" OR all:""action alignment"")"
arXiv,2606.00069v1,Invascal: Inverse-Vacuity Self-Calibration for Uncertainty-Aware LiDAR Range-View Semantic Segmentation,Kerim Turacan; Hannes Reichert; Andrei Bolandut; Konrad Doll,2026,arXiv,,http://arxiv.org/abs/2606.00069v1,"cat:cs.RO AND (all:""automatic annotation"" OR all:relabeling OR all:segmentation)","cat:cs.RO AND (all:""automatic annotation"" OR all:relabeling OR all:segmentation)"
arXiv,2603.08546v1,Interactive World Simulator for Robot Policy Training and Evaluation,Yixuan Wang; Rhythm Syed; Fangyu Wu; Mengchao Zhang; Aykut Onol; Jose Barreiros; Hooshang Nayyeri; Tony Dear; Huan Zhang; Yunzhu Li,2026,arXiv,,http://arxiv.org/abs/2603.08546v1,"cat:cs.RO AND (all:""world model"" AND all:""data generation"")","cat:cs.RO AND (all:""world model"" AND all:""data generation"")"
arXiv,2607.20939v1,Interaction Dynamics Modeling and Predictive Control for Safe Steerable Catheter--Tissue Interaction,Yongyan Cao,2026,arXiv,,http://arxiv.org/abs/2607.20939v1,"cat:cs.RO AND (all:""automatic annotation"" OR all:relabeling OR all:segmentation)","cat:cs.RO AND (all:""automatic annotation"" OR all:relabeling OR all:segmentation)"
arXiv,2603.07516v1,InterReal: A Unified Physics-Based Imitation Framework for Learning Human-Object Interaction Skills,Dayang Liang; Yuhang Lin; Xinzhe Liu; Jiyuan Shi; Yunlong Liu; Chenjia Bai,2026,arXiv,,http://arxiv.org/abs/2603.07516v1,"cat:cs.RO AND (all:""data augmentation"" OR all:""synthetic demonstrations"")","cat:cs.RO AND (all:""data augmentation"" OR all:""synthetic demonstrations"")"
arXiv,2602.06035v1,InterPrior: Scaling Generative Control for Physics-Based Human-Object Interactions,Sirui Xu; Samuel Schulter; Morteza Ziyadi; Xialin He; Xiaohan Fei; Yu-Xiong Wang; Liangyan Gui,2026,arXiv,,http://arxiv.org/abs/2602.06035v1,"cat:cs.RO AND (all:""data augmentation"" OR all:""synthetic demonstrations"")","cat:cs.RO AND (all:""data augmentation"" OR all:""synthetic demonstrations"")"
arXiv,2605.28654v2,Integrated Exploration-Aware UAV Route Optimization and Path Planning,Jimin Choi; Grant Stagg; Cameron K. Peterson; Max Z. Li,2026,arXiv,,http://arxiv.org/abs/2605.28654v2,"cat:cs.RO AND (all:""automatic annotation"" OR all:relabeling OR all:segmentation)","cat:cs.RO AND (all:""automatic annotation"" OR all:relabeling OR all:segmentation)"
arXiv,2603.22792v2,Instrument-Splatting++: Towards Controllable Surgical Instrument Digital Twin Using Gaussian Splatting,Shuojue Yang; Zijian Wu; Chengjiaao Liao; Qian Li; Daiyun Shen; Chang Han Low; Septimiu E. Salcudean; Yueming Jin,2026,arXiv,,http://arxiv.org/abs/2603.22792v2,"cat:cs.RO AND (all:""data augmentation"" OR all:""synthetic demonstrations"")","cat:cs.RO AND (all:""data augmentation"" OR all:""synthetic demonstrations"")"
arXiv,2606.14699v1,Instruct-Particulate: Scaling Feed-Forward 3D Object Articulation with Kinematic Control,Ruining Li; Yuxin Yao; Matt Zhou; Chuanxia Zheng; Christian Rupprecht; Joan Lasenby; Shangzhe Wu; Andrea Vedaldi,2026,arXiv,,http://arxiv.org/abs/2606.14699v1,"cat:cs.RO AND (all:""automatic annotation"" OR all:relabeling OR all:segmentation)","cat:cs.RO AND (all:""automatic annotation"" OR all:relabeling OR all:segmentation)"
arXiv,2607.12630v2,Instance-Enriched Semantic Maps for Visual Language Navigation,Jiho Hong; Eunae Kang; Sanghyun Kim; Young-Sik Shin,2026,arXiv,,http://arxiv.org/abs/2607.12630v2,"cat:cs.RO AND (all:""automatic annotation"" OR all:relabeling OR all:segmentation)","cat:cs.RO AND (all:""automatic annotation"" OR all:relabeling OR all:segmentation)"
arXiv,2604.17651v1,Infrastructure-Centric World Models: Bridging Temporal Depth and Spatial Breadth for Roadside Perception,Siyuan Meng; Chengbo Ai,2026,arXiv,,http://arxiv.org/abs/2604.17651v1,"cat:cs.RO AND all:""data engine""","cat:cs.RO AND all:""data engine"""
arXiv,2606.24884v1,InSight: Self-Guided Skill Acquisition via Steerable VLAs,Maggie Wang; Lars Osterberg; Stephen Tian; Ola Shorinwa; Jiajun Wu; Mac Schwager,2026,arXiv,,http://arxiv.org/abs/2606.24884v1,"cat:cs.RO AND (all:""automatic annotation"" OR all:relabeling OR all:segmentation)","cat:cs.RO AND (all:""automatic annotation"" OR all:relabeling OR all:segmentation)"
arXiv,2606.22907v1,Improving Robotic Imitation Learning via Trajectory Standardization,Licheng Yang; Lingfeng Qian; Fei Zheng; Yonghao He; Wei Sui; Shuangshuang Li; Hu Su,2026,arXiv,,http://arxiv.org/abs/2606.22907v1,"cat:cs.RO AND all:""data quality""","cat:cs.RO AND all:""data quality"""
arXiv,2607.05765v1,Image2Sim: Scaling Embodied Navigation via Generative Neural Simulator,Zihan Wang; Seungjun Lee; Yinghao Xu; Gim Hee Lee,2026,arXiv,,http://arxiv.org/abs/2607.05765v1,"cat:cs.RO AND all:""data engine""","cat:cs.RO AND all:""data engine"""
arXiv,2607.05705v1,IMR: Iterative Mode-World Weighted Regression for Multi-Agent Trajectory Prediction,Honglin Wang; Shiyao Pan; Yun-Fu Liu,2026,arXiv,,http://arxiv.org/abs/2607.05705v1,"cat:cs.RO AND (all:""automatic annotation"" OR all:relabeling OR all:segmentation)","cat:cs.RO AND (all:""automatic annotation"" OR all:relabeling OR all:segmentation)"
arXiv,2605.21309v1,Hyper-V2X: Hypernetworks for Estimating Epistemic and Aleatoric Uncertainty in Cooperative Bird's-Eye-View Semantic Segmentation,Abhishek Dinkar Jagtap; Sanath Tiptur Sadashivaiah; Andreas Festag,2026,arXiv,,http://arxiv.org/abs/2605.21309v1,"cat:cs.RO AND (all:""automatic annotation"" OR all:relabeling OR all:segmentation)","cat:cs.RO AND (all:""automatic annotation"" OR all:relabeling OR all:segmentation)"
arXiv,2605.02580v1,Hyp2Former: Hierarchy-Aware Hyperbolic Embeddings for Open-Set Panoptic Segmentation,Yao Lu; Rohit Mohan; Florian Drews; Yakov Miron; Abhinav Valada,2026,arXiv,,http://arxiv.org/abs/2605.02580v1,"cat:cs.RO AND (all:""automatic annotation"" OR all:relabeling OR all:segmentation)","cat:cs.RO AND (all:""automatic annotation"" OR all:relabeling OR all:segmentation)"
arXiv,2602.09972v1,Hydra-Nav: Object Navigation via Adaptive Dual-Process Reasoning,Zixuan Wang; Huang Fang; Shaoan Wang; Yuanfei Luo; Heng Dong; Wei Li; Yiming Gan,2026,arXiv,,http://arxiv.org/abs/2602.09972v1,"cat:cs.RO AND (all:""cross-embodiment"" OR all:""action alignment"")","cat:cs.RO AND (all:""cross-embodiment"" OR all:""action alignment"")"
arXiv,2607.09455v1,Hydra++: Real-Time Hierarchical 3D Scene Graph Construction With Object-Level Shape Estimation,Hyungtae Lim; Nathan Hughes; Xihang Yu; Ruihan Xu; Yun Chang; Jingnan Shi; Rajat Talak; Luca Carlone,2026,arXiv,,http://arxiv.org/abs/2607.09455v1,"cat:cs.RO AND (all:""automatic annotation"" OR all:relabeling OR all:segmentation)","cat:cs.RO AND (all:""automatic annotation"" OR all:relabeling OR all:segmentation)"
arXiv,2606.26855v1,Humanoid-DART: Humanoid Loco-Manipulation using Diffusion-guided Augmentation through Relabeling and Tracking,Pranav Debbad; Kanish Thiagarajan; Victor Dhédin; Shafeef Omar; Majid Khadiv,2026,arXiv,,http://arxiv.org/abs/2606.26855v1,"cat:cs.RO AND (all:""automatic annotation"" OR all:relabeling OR all:segmentation)","cat:cs.RO AND (all:""automatic annotation"" OR all:relabeling OR all:segmentation)"
arXiv,2602.02473v1,HumanX: Toward Agile and Generalizable Humanoid Interaction Skills from Human Videos,Yinhuai Wang; Qihan Zhao; Yuen Fui Lau; Runyi Yu; Hok Wai Tsui; Qifeng Chen; Jingbo Wang; Jiangmiao Pang; Ping Tan,2026,arXiv,,http://arxiv.org/abs/2602.02473v1,"cat:cs.RO AND (all:""data augmentation"" OR all:""synthetic demonstrations"")","cat:cs.RO AND (all:""data augmentation"" OR all:""synthetic demonstrations"")"
arXiv,2605.06747v1,HumanNet: Scaling Human-centric Video Learning to One Million Hours,Yufan Deng; Daquan Zhou,2026,arXiv,,http://arxiv.org/abs/2605.06747v1,"cat:cs.RO AND all:""data curation""","cat:cs.RO AND all:""data curation"""
arXiv,2605.29599v1,How to Relieve Distribution Shifts in Semantic Segmentation for Off-Road Environments,Ji-Hoon Hwang; Daeyoung Kim; Hyung-Suk Yoon; Dong-Wook Kim; Seung-Woo Seo,2026,arXiv,,http://arxiv.org/abs/2605.29599v1,"cat:cs.RO AND (all:""automatic annotation"" OR all:relabeling OR all:segmentation)","cat:cs.RO AND (all:""automatic annotation"" OR all:relabeling OR all:segmentation)"
arXiv,2605.17077v1,How to Instruct Your Robot: Dense Language Annotations Power Robot Policy Learning,Bosung Kim; Ruiyi Wang; David Acuna; Jaehun Jung; Alexander Trevithick; Brandon Cui; Yejin Choi; Prithviraj Ammanabrolu,2026,arXiv,,http://arxiv.org/abs/2605.17077v1,"cat:cs.RO AND (all:""automatic annotation"" OR all:relabeling OR all:segmentation)","cat:cs.RO AND (all:""automatic annotation"" OR all:relabeling OR all:segmentation)"
arXiv,2602.12062v1,HoloBrain-0 Technical Report,Xuewu Lin; Tianwei Lin; Yun Du; Hongyu Xie; Yiwei Jin; Jiawei Li; Shijie Wu; Qingze Wang; Mengdi Li; Mengao Zhao; Ziang Li; Chaodong Huang; Hongzhe Bi; Lichao Huang; Zhizhong Su,2026,arXiv,,http://arxiv.org/abs/2602.12062v1,"cat:cs.RO AND all:""data curation""","cat:cs.RO AND all:""data curation"""
arXiv,2603.03243v2,HoMMI: Learning Whole-Body Mobile Manipulation from Human Demonstrations,Xiaomeng Xu; Jisang Park; Han Zhang; Eric Cousineau; Aditya Bhat; Jose Barreiros; Dian Wang; Jeannette Bohg; Shuran Song,2026,arXiv,,http://arxiv.org/abs/2603.03243v2,"cat:cs.RO AND (all:""cross-embodiment"" OR all:""action alignment"")","cat:cs.RO AND (all:""cross-embodiment"" OR all:""action alignment"")"
arXiv,2606.29570v1,Hierarchical Policy Learning via Spectral Decomposition,Shuxin Cao; Liquan Wang; Walker Byrnes; Yiye Chen; Yilun Du; Animesh Garg,2026,arXiv,,http://arxiv.org/abs/2606.29570v1,"cat:cs.RO AND (all:""data augmentation"" OR all:""synthetic demonstrations"")","cat:cs.RO AND (all:""data augmentation"" OR all:""synthetic demonstrations"")"
arXiv,2606.17043v1,Hierarchical Advantage Weighting for Online RL Fine-Tuning of VLAs from Sparse Episode Outcomes,Tongyan Fang; Siyuan Huang; Naiyu Fang; Ganlong Zhao; Zhongjin Luo; Jianbo Liu; Xiaogang Wang; Ying Dong; Hongsheng Li,2026,arXiv,,http://arxiv.org/abs/2606.17043v1,"cat:cs.RO AND (all:""automatic annotation"" OR all:relabeling OR all:segmentation)","cat:cs.RO AND (all:""automatic annotation"" OR all:relabeling OR all:segmentation)"
arXiv,2604.21741v2,Hi-WM: Human-in-the-World-Model for Scalable Robot Post-Training,Yaxuan Li; Zhongyi Zhou; Yefei Chen; Yanjiang Guo; Jiaming Liu; Shanghang Zhang; Jianyu Chen; Yichen Zhu,2026,arXiv,,http://arxiv.org/abs/2604.21741v2,"cat:cs.RO AND (all:""world model"" AND all:""data generation"")","cat:cs.RO AND (all:""world model"" AND all:""data generation"")"
arXiv,2607.16187v1,Handroid: Bridging Dexterous Hand and Humanoid,Ruogu Li; Chenyang Ma; Sikai Li; Zhenyu Wei; Yunchao Yao; Haochen Shi; C. Karen Liu; Shuran Song; Mingyu Ding,2026,arXiv,,http://arxiv.org/abs/2607.16187v1,"cat:cs.RO AND (all:""cross-embodiment"" OR all:""action alignment"")","cat:cs.RO AND (all:""cross-embodiment"" OR all:""action alignment"")"
arXiv,2606.10743v1,Hand-centric Human-to-Robot Trajectory Transfer from Video Demonstrations via Open-World Contact Localization,Yitian Shi; Di Wen; Zhengqi Han; Zicheng Guo; Yu Hu; Edgar Welte; Kunyu Peng; Rainer Stiefelhagen; Rania Rayyes,2026,arXiv,,http://arxiv.org/abs/2606.10743v1,"cat:cs.RO AND (all:""cross-embodiment"" OR all:""action alignment"")","cat:cs.RO AND (all:""cross-embodiment"" OR all:""action alignment"")"
arXiv,2604.14944v2,HRDexDB: A Paired Human-Robot Dataset for Cross-Embodiment Dexterous Grasping,Jongbin Lim; Taeyun Ha; Mingi Choi; Jisoo Kim; Byungjun Kim; Subin Jeon; Hanbyul Joo,2026,arXiv,,http://arxiv.org/abs/2604.14944v2,"cat:cs.RO AND (all:""cross-embodiment"" OR all:""action alignment"")","cat:cs.RO AND (all:""cross-embodiment"" OR all:""action alignment"")"
arXiv,2607.25389v1,HOME: Robust Hough-space Matching Method for Structured and Textureless Videos,Masaki Satoh,2026,arXiv,,http://arxiv.org/abs/2607.25389v1,"cat:cs.RO AND (all:""automatic annotation"" OR all:relabeling OR all:segmentation)","cat:cs.RO AND (all:""automatic annotation"" OR all:relabeling OR all:segmentation)"
arXiv,2607.21281v1,HGeo-TopoMap: Boosting Topological Mapping with Hierarchical Geometric Priors,Siyu Li; Kunyu Peng; Di Wen; Beiping Hou; Zhiyong Li; Kailun Yang,2026,arXiv,,http://arxiv.org/abs/2607.21281v1,"cat:cs.RO AND (all:""automatic annotation"" OR all:relabeling OR all:segmentation)","cat:cs.RO AND (all:""automatic annotation"" OR all:relabeling OR all:segmentation)"
arXiv,2604.07993v2,HEX: Humanoid-Aligned Experts for Cross-Embodiment Whole-Body Manipulation,Shuanghao Bai; Meng Li; Xinyuan Lv; Jiawei Wang; Xinhua Wang; Fei Liao; Chengkai Hou; Langzhe Gu; Wanqi Zhou; Kun Wu; Ziluo Ding; Zhiyuan Xu; Lei Sun; Shanghang Zhang; Zhengping Che; Jian Tang; Badong Chen,2026,arXiv,,http://arxiv.org/abs/2604.07993v2,"cat:cs.RO AND (all:""cross-embodiment"" OR all:""action alignment"")","cat:cs.RO AND (all:""cross-embodiment"" OR all:""action alignment"")"
arXiv,2607.09776v2,HELP: Human-Efficient Large-Scale Robot Post-Training with Rollout Segmentation,Shaopeng Zhai; Qi Zhang; Tianyi Zhang; Haoran Zhang; Fuxian Huang; Zhanhui Lin; Zijun Xu; Weinan Zhang,2026,arXiv,,http://arxiv.org/abs/2607.09776v2,"cat:cs.RO AND (all:""automatic annotation"" OR all:relabeling OR all:segmentation)","cat:cs.RO AND (all:""automatic annotation"" OR all:relabeling OR all:segmentation)"
arXiv,2605.31234v1,HARP-VLA: Human-Robot Aligned Representation Learning for Vision-Language-Action Model,Xiang Zhu; Puzhen Yuan; Yichen Liu; Jianyu Chen,2026,arXiv,,http://arxiv.org/abs/2605.31234v1,"cat:cs.RO AND (all:""cross-embodiment"" OR all:""action alignment"")","cat:cs.RO AND (all:""cross-embodiment"" OR all:""action alignment"")"
arXiv,2604.24487v1,Guiding Vector Field Generation via Score-based Diffusion Model,Zirui Chen; Shiliang Guo; Shiyu Zhao,2026,arXiv,,http://arxiv.org/abs/2604.24487v1,"cat:cs.RO AND (all:""automatic annotation"" OR all:relabeling OR all:segmentation)","cat:cs.RO AND (all:""automatic annotation"" OR all:relabeling OR all:segmentation)"
arXiv,2607.00221v1,Guaranteed Escape for a Bouncing Robot in Pipe Chains,Ahmad Kamaludeen; Somnath Kundu; Yeganeh Bahoo,2026,arXiv,,http://arxiv.org/abs/2607.00221v1,"cat:cs.RO AND (all:""automatic annotation"" OR all:relabeling OR all:segmentation)","cat:cs.RO AND (all:""automatic annotation"" OR all:relabeling OR all:segmentation)"
arXiv,2604.05614v1,Grounding Hierarchical Vision-Language-Action Models Through Explicit Language-Action Alignment,Theodor Wulff; Federico Tavella; Rahul Singh Maharjan; Manith Adikari; Angelo Cangelosi,2026,arXiv,,http://arxiv.org/abs/2604.05614v1,"cat:cs.RO AND (all:""cross-embodiment"" OR all:""action alignment"")","cat:cs.RO AND (all:""cross-embodiment"" OR all:""action alignment"")"
arXiv,2606.31019v1,Ground Plane-Aided Extrinsic Calibration of Inertial and RGB-D Sensors for Uncrewed Aerial Vehicles,Ilyar Asl Sabbaghian Hokmabadi; Mahdis Bisheban,2026,arXiv,,http://arxiv.org/abs/2606.31019v1,"cat:cs.RO AND (all:""automatic annotation"" OR all:relabeling OR all:segmentation)","cat:cs.RO AND (all:""automatic annotation"" OR all:relabeling OR all:segmentation)"
arXiv,2605.25279v1,GreenSeg: Ground Segmentation Algorithm for Agricultural Robots in Mediterranean Greenhouses using RGB-D Point Clouds,Fernando Cañadas-Aránega; José C. Moreno; José L. Blanco-Claraco,2026,arXiv,,http://arxiv.org/abs/2605.25279v1,"cat:cs.RO AND (all:""automatic annotation"" OR all:relabeling OR all:segmentation)","cat:cs.RO AND (all:""automatic annotation"" OR all:relabeling OR all:segmentation)"
arXiv,2607.05122v1,"Green for Go, Red for No: Visual Grounding via Semantic Segmentation for VLA Navigation Policies",Adrian Szvoren; Dimitrios Kanoulas; Nilufer Tuptuk,2026,arXiv,,http://arxiv.org/abs/2607.05122v1,"cat:cs.RO AND (all:""automatic annotation"" OR all:relabeling OR all:segmentation)","cat:cs.RO AND (all:""automatic annotation"" OR all:relabeling OR all:segmentation)"
arXiv,2606.00998v1,GraspGen-X: Cross-Embodiment 6-DOF Diffusion-based Grasping,Beining Han; Yu-Wei Chao; Erwin Coumans; Clemens Eppner; Balakumar Sundaralingam; Jia Deng; Stan Birchfield; Adithyavairavan Murali,2026,arXiv,,http://arxiv.org/abs/2606.00998v1,"cat:cs.RO AND (all:""cross-embodiment"" OR all:""action alignment"")","cat:cs.RO AND (all:""cross-embodiment"" OR all:""action alignment"")"
arXiv,2604.14857v1,Graph Theoretical Outlier Rejection for 4D Radar Registration in Feature-Poor Environments,Georg Dorndorf; Daniel Adolfsson; Masrur Doostdar,2026,arXiv,,http://arxiv.org/abs/2604.14857v1,"cat:cs.RO AND (all:""automatic annotation"" OR all:relabeling OR all:segmentation)","cat:cs.RO AND (all:""automatic annotation"" OR all:relabeling OR all:segmentation)"
arXiv,2605.01529v2,Good in Bad (GiB): Sifting Through End-user Demonstrations for Learning a Better Policy,Noushad Sojib; Ola Ghattas; Momotaz Begum,2026,arXiv,,http://arxiv.org/abs/2605.01529v2,"cat:cs.RO AND (all:""automatic annotation"" OR all:relabeling OR all:segmentation)","cat:cs.RO AND (all:""automatic annotation"" OR all:relabeling OR all:segmentation)"
arXiv,2606.09476v1,"Goal Sets, Not Goal States: Queryable Robot Goals through Goal-Set Hindsight Relabeling",Carlos Vélez García; Miguel Cazorla; Jorge Pomares,2026,arXiv,,http://arxiv.org/abs/2606.09476v1,"cat:cs.RO AND (all:""automatic annotation"" OR all:relabeling OR all:segmentation)","cat:cs.RO AND (all:""automatic annotation"" OR all:relabeling OR all:segmentation)"
arXiv,2606.22251v1,Geometric Reconstruction of Extrinsic Contact Trajectories using Tactile Sensing and Proprioception for Tool Manipulation,Seojung Min; Yoonjin Kim; Jeong-Jung Kim; Jung Kim,2026,arXiv,,http://arxiv.org/abs/2606.22251v1,"cat:cs.RO AND (all:""automatic annotation"" OR all:relabeling OR all:segmentation)","cat:cs.RO AND (all:""automatic annotation"" OR all:relabeling OR all:segmentation)"
arXiv,2604.11585v1,GeomPrompt: Geometric Prompt Learning for RGB-D Semantic Segmentation Under Missing and Degraded Depth,Krishna Jaganathan; Patricio Vela,2026,arXiv,,http://arxiv.org/abs/2604.11585v1,"cat:cs.RO AND (all:""automatic annotation"" OR all:relabeling OR all:segmentation)","cat:cs.RO AND (all:""automatic annotation"" OR all:relabeling OR all:segmentation)"
arXiv,2603.26018v1,GeoReFormer: Geometry-Aware Refinement for Lane Segment Detection and Topology Reasoning,Danny Abraham; Nikhil Kamalkumar Advani; Arun Das; Nikil Dutt,2026,arXiv,,http://arxiv.org/abs/2603.26018v1,"cat:cs.RO AND (all:""automatic annotation"" OR all:relabeling OR all:segmentation)","cat:cs.RO AND (all:""automatic annotation"" OR all:relabeling OR all:segmentation)"
arXiv,2604.08664v1,Generative Simulation for Policy Learning in Physical Human-Robot Interaction,Junxiang Wang; Xinwen Xu; Tiancheng Wu; Julian Millan; Nir Pechuk; Zackory Erickson,2026,arXiv,,http://arxiv.org/abs/2604.08664v1,"cat:cs.RO AND (all:""data augmentation"" OR all:""synthetic demonstrations"")","cat:cs.RO AND (all:""automatic annotation"" OR all:relabeling OR all:segmentation) || cat:cs.RO AND (all:""data augmentation"" OR all:""synthetic demonstrations"")"
arXiv,2601.05243v1,"Generate, Transfer, Adapt: Learning Functional Dexterous Grasping from a Single Human Demonstration",Xingyi He; Adhitya Polavaram; Yunhao Cao; Om Deshmukh; Tianrui Wang; Xiaowei Zhou; Kuan Fang,2026,arXiv,,http://arxiv.org/abs/2601.05243v1,"cat:cs.RO AND all:""data engine""","cat:cs.RO AND all:""data engine"""
arXiv,2603.26412v1,Generalizable task-oriented object grasping through LLM-guided ontology and similarity-based planning,Hao Chen; Takuya Kiyokawa; Weiwei Wan; Kensuke Harada,2026,arXiv,,http://arxiv.org/abs/2603.26412v1,"cat:cs.RO AND (all:""automatic annotation"" OR all:relabeling OR all:segmentation)","cat:cs.RO AND (all:""automatic annotation"" OR all:relabeling OR all:segmentation)"
arXiv,2607.13429v1,Generalizable VLA Finetuning via Representation Anchoring and Language-Action Alignment,Dwip Dalal; Shivansh Patel; Chahit Jain; Jeonghwan Kim; Utkarsh Mishra; Alex Baratian; Hyeonjeong Ha; Heng Ji; Svetlana Lazebnik; Unnat Jain,2026,arXiv,,http://arxiv.org/abs/2607.13429v1,"cat:cs.RO AND (all:""cross-embodiment"" OR all:""action alignment"")","cat:cs.RO AND (all:""cross-embodiment"" OR all:""action alignment"")"
arXiv,2607.06882v2,GemNav: Discrete-Token Visual Robot Navigation using a Multimodal Large Language Model,Peter Bohm; Saimunur Rahman; Abdelwahed Khamis; Sagun Man Singh Shrestha; Chris McCool; Peyman Moghadam,2026,arXiv,,http://arxiv.org/abs/2607.06882v2,"cat:cs.RO AND (all:""cross-embodiment"" OR all:""action alignment"")","cat:cs.RO AND (all:""cross-embodiment"" OR all:""action alignment"")"
arXiv,2606.30809v1,GaussLite: Online Task-Conditioned 3D Gaussian Splatting for Real-Time Robotic Mapping,Annika Thomas; Mason Peterson; Jonathan P. How,2026,arXiv,,http://arxiv.org/abs/2606.30809v1,"cat:cs.RO AND (all:""automatic annotation"" OR all:relabeling OR all:segmentation)","cat:cs.RO AND (all:""automatic annotation"" OR all:relabeling OR all:segmentation)"
arXiv,2604.15495v1,GIST: Multimodal Knowledge Extraction and Spatial Grounding via Intelligent Semantic Topology,Shivendra Agrawal; Bradley Hayes,2026,arXiv,,http://arxiv.org/abs/2604.15495v1,"cat:cs.RO AND (all:""automatic annotation"" OR all:relabeling OR all:segmentation)","cat:cs.RO AND (all:""automatic annotation"" OR all:relabeling OR all:segmentation)"
arXiv,2604.07728v1,GEAR: GEometry-motion Alternating Refinement for Articulated Object Modeling with Gaussian Splatting,Jialin Li; Bin Fu; Ruiping Wang; Xilin Chen,2026,arXiv,,http://arxiv.org/abs/2604.07728v1,"cat:cs.RO AND (all:""automatic annotation"" OR all:relabeling OR all:segmentation)","cat:cs.RO AND (all:""automatic annotation"" OR all:relabeling OR all:segmentation)"
arXiv,2604.22724v1,GCImOpt: Learning efficient goal-conditioned policies by imitating optimal trajectories,Jon Goikoetxea; Jesús F. Palacián,2026,arXiv,,http://arxiv.org/abs/2604.22724v1,"cat:cs.RO AND (all:""data augmentation"" OR all:""synthetic demonstrations"")","cat:cs.RO AND (all:""data augmentation"" OR all:""synthetic demonstrations"")"
arXiv,2606.17520v1,GASE: Gaussian Splatting-Based Automated System for Reconstructing Embodied-Simulation Environments,Jiawei Zhang; Yiming Yan; Chao Liang; Nuo Xu; Seson Sun; Qichen Zhang; Yuhao Xu; Yantai Yang; Yingqiao Wang; Qin Jin; Zhipeng Zhang,2026,arXiv,,http://arxiv.org/abs/2606.17520v1,"cat:cs.RO AND (all:""data augmentation"" OR all:""synthetic demonstrations"")","cat:cs.RO AND (all:""automatic annotation"" OR all:relabeling OR all:segmentation) || cat:cs.RO AND (all:""data augmentation"" OR all:""synthetic demonstrations"")"
arXiv,2606.00886v1,GABI: Geometry-Aware Boundary Integration for Spacecraft Segmentation,Iason Georgios Velentzas; Dhruv Ahuja; Panagiotis Tsiotras,2026,arXiv,,http://arxiv.org/abs/2606.00886v1,"cat:cs.RO AND (all:""automatic annotation"" OR all:relabeling OR all:segmentation)","cat:cs.RO AND (all:""automatic annotation"" OR all:relabeling OR all:segmentation)"
arXiv,2605.06478v1,GA3T: A Ground-Aerial Terrain Traversability Dataset for Heterogeneous Robot Teams in Unstructured Environments,Siwei Cai; Knut Peterson; Quan Tran; Christian Ricks; Dhanush Parthasarathy; Amir Kaidarov; Neil Deshpande; Sukaina Najm; David Han; Lifeng Zhou,2026,arXiv,,http://arxiv.org/abs/2605.06478v1,"cat:cs.RO AND (all:""automatic annotation"" OR all:relabeling OR all:segmentation)","cat:cs.RO AND (all:""automatic annotation"" OR all:relabeling OR all:segmentation)"
arXiv,2604.27557v1,Function-based Parametric Co-Design Optimization of Dexterous Hands,Mohammad Amin Mirzaee; Harsh Gupta; Wenzhen Yuan,2026,arXiv,,http://arxiv.org/abs/2604.27557v1,"cat:cs.RO AND (all:""cross-embodiment"" OR all:""action alignment"")","cat:cs.RO AND (all:""cross-embodiment"" OR all:""action alignment"")"
arXiv,2607.11689v1,From World Action Models to Embodied Brains: A Roadmap for Open-World Physical Intelligence,Yuanzhi Liang; Xufeng Zhan; Haibin Huang; Chi Zhang; Xuelong Li,2026,arXiv,,http://arxiv.org/abs/2607.11689v1,"cat:cs.RO AND (all:""self-improvement"" OR all:""online post-training"")","cat:cs.RO AND (all:""self-improvement"" OR all:""online post-training"")"
arXiv,2604.15805v1,From Seeing to Simulating: Generative High-Fidelity Simulation with Digital Cousins for Generalizable Robot Learning and Evaluation,Jasper Lu; Zhenhao Shen; Yuanfei Wang; Shugao Liu; Shengqiang Xu; Shawn Xie; Jingkai Xu; Feng Jiang; Jade Yang; Chen Xie; Ruihai Wu,2026,arXiv,,http://arxiv.org/abs/2604.15805v1,"cat:cs.RO AND (all:""data augmentation"" OR all:""synthetic demonstrations"")","cat:cs.RO AND (all:""data augmentation"" OR all:""synthetic demonstrations"")"
arXiv,2604.20191v2,From Scene to Object: Text-Guided Dual-Gaze Prediction,Zehong Ke; Yanbo Jiang; Jinhao Li; Zhiyuan Liu; Yiqian Tu; Qingwen Meng; Heye Huang; Jianqiang Wang,2026,arXiv,,http://arxiv.org/abs/2604.20191v2,"cat:cs.RO AND (all:""automatic annotation"" OR all:relabeling OR all:segmentation)","cat:cs.RO AND (all:""automatic annotation"" OR all:relabeling OR all:segmentation)"
arXiv,2605.04649v1,From Reach to Insert: Tactile-Augmented Precision Assembly under Sub-Millimeter Tolerances,Xinpan Meng; Siyao Huang; JingPu Yang; Muyuan Ma; Zhenghua Ma; Lijun Han; Gao Yuan; Houcheng Li; Long Cheng,2026,arXiv,,http://arxiv.org/abs/2605.04649v1,"cat:cs.RO AND (all:""automatic annotation"" OR all:relabeling OR all:segmentation)","cat:cs.RO AND (all:""automatic annotation"" OR all:relabeling OR all:segmentation)"
arXiv,2607.17323v1,From Perception to Assistance: Open-Vocabulary Shared Autonomy for Robotic Manipulation,Murilo Vinicius da Silva; Ricardo V. Godoy; Juliano Negri; Gustavo J. G. Lahr; Ranulfo Bezerra; Marcelo Becker,2026,arXiv,,http://arxiv.org/abs/2607.17323v1,"cat:cs.RO AND (all:""automatic annotation"" OR all:relabeling OR all:segmentation)","cat:cs.RO AND (all:""automatic annotation"" OR all:relabeling OR all:segmentation)"
arXiv,2607.26903v1,From Passive Video to Editable Experience: Physically Grounded Experience Synthesis for Embodied Intelligence,Jia Luo,2026,arXiv,,http://arxiv.org/abs/2607.26903v1,"cat:cs.RO AND (all:""cross-embodiment"" OR all:""action alignment"")","cat:cs.RO AND (all:""cross-embodiment"" OR all:""action alignment"")"
arXiv,2605.29565v1,From General Vision to Reliable Traversability Estimation: Adapting Vision Foundation Models for Unstructured Outdoor Environments,Ji-Hoon Hwang; Jisung Bae; Dong-Wook Kim; Yeonkyu Lee; Seung-Woo Seo,2026,arXiv,,http://arxiv.org/abs/2605.29565v1,"cat:cs.RO AND (all:""automatic annotation"" OR all:relabeling OR all:segmentation)","cat:cs.RO AND (all:""automatic annotation"" OR all:relabeling OR all:segmentation)"
arXiv,2607.06403v1,From Foundation to Application: Improving VLA Models in Practice,Wei Wu; Fangjing Wang; Fan Lu; He Sun; Shi Liu; Yunnan Wang; Yibin Yan; Yong Wang; Shuailei Ma; Xinyang Wang; Yibin Liu; Shuai Yang; Tianxiang Zhou; Kejia Zhang; Lei Zhou; Cheng Su; Nan Xue; Bin Tan; Han Zhang; Youchao Zhang; Fei Liao; Xing Zhu; Yujun Shen; Kecheng Zheng,2026,arXiv,,http://arxiv.org/abs/2607.06403v1,"cat:cs.RO AND (all:""cross-embodiment"" OR all:""action alignment"")","cat:cs.RO AND (all:""cross-embodiment"" OR all:""action alignment"")"
arXiv,2604.17231v1,Fringe Projection Based Vision Pipeline for Autonomous Hard Drive Disassembly,Badrinath Balasubramaniam; Vignesh Suresh; Benjamin Metcalf; Beiwen Li,2026,arXiv,,http://arxiv.org/abs/2604.17231v1,"cat:cs.RO AND (all:""automatic annotation"" OR all:relabeling OR all:segmentation)","cat:cs.RO AND (all:""automatic annotation"" OR all:relabeling OR all:segmentation)"
arXiv,2606.32027v2,Freeform Preference Learning for Robotic Manipulation,Marcel Torne; Anubha Mahajan; Abhijnya Bhat; Chelsea Finn,2026,arXiv,,http://arxiv.org/abs/2606.32027v2,"cat:cs.RO AND (all:""automatic annotation"" OR all:relabeling OR all:segmentation)","cat:cs.RO AND (all:""automatic annotation"" OR all:relabeling OR all:segmentation)"
arXiv,2605.13757v1,FrameSkip: Learning from Fewer but More Informative Frames in VLA Training,Bin Yu; Shijie Lian; Xiaopeng Lin; Zhaolong Shen; Yuliang Wei; Changti Wu; Hang Yuan; Haishan Liu; Bailing Wang; Cong Huang; Kai Chen,2026,arXiv,,http://arxiv.org/abs/2605.13757v1,"cat:cs.RO AND (all:""automatic annotation"" OR all:relabeling OR all:segmentation)","cat:cs.RO AND (all:""automatic annotation"" OR all:relabeling OR all:segmentation)"
arXiv,2604.15395v1,"Foundation Models in Robotics: A Comprehensive Review of Methods, Models, Datasets, Challenges and Future Research Directions",Aggelos Psiris; Vasileios Argyriou; Evangelos K. Markakis; Panagiotis Sarigiannidis; Efstratios Gavves; Kostas Bekris; Arash Ajoudani adn Georgios Th. Papadopoulos,2026,arXiv,,http://arxiv.org/abs/2604.15395v1,"cat:cs.RO AND (all:""cross-embodiment"" OR all:""action alignment"")","cat:cs.RO AND (all:""cross-embodiment"" OR all:""action alignment"")"
arXiv,2605.27178v1,FoundObj: Self-supervised Foundation Models as Rewards for Label-free 3D Object Segmentation,Zihui Zhang; Zhixuan Sun; Yafei Yang; Jinxi Li; Jiahao Chen; Bo Yang,2026,arXiv,,http://arxiv.org/abs/2605.27178v1,"cat:cs.RO AND (all:""automatic annotation"" OR all:relabeling OR all:segmentation)","cat:cs.RO AND (all:""automatic annotation"" OR all:relabeling OR all:segmentation)"
arXiv,2602.12322v1,ForeAct: Steering Your VLA with Efficient Visual Foresight Planning,Zhuoyang Zhang; Shang Yang; Qinghao Hu; Luke J. Huang; James Hou; Yufei Sun; Yao Lu; Song Han,2026,arXiv,,http://arxiv.org/abs/2602.12322v1,"cat:cs.RO AND (all:""cross-embodiment"" OR all:""action alignment"")","cat:cs.RO AND (all:""cross-embodiment"" OR all:""action alignment"")"
arXiv,2605.19600v1,FlyMirage: A Fully Automated Generation Pipeline for Diverse and Scalable UAV Flight Data via Generative World Model,Jinhan Li; Xijie Huang; Zhaoqi Wang; Yijin Wang; Weiqi Ge; Qiyi He; Mo Zhu; Fei Gao; Yuze Wu; Xin Zhou,2026,arXiv,,http://arxiv.org/abs/2605.19600v1,"cat:cs.RO AND (all:""world model"" AND all:""data generation"")","cat:cs.RO AND (all:""world model"" AND all:""data generation"")"
arXiv,2606.06461v1,Flow-based Policy Adaptation without Policy Updates,Luzhe Sun; Jingtian Ji; Haoran Chen; Jiawei Zhou; Matthew R. Walter,2026,arXiv,,http://arxiv.org/abs/2606.06461v1,"cat:cs.RO AND (all:""automatic annotation"" OR all:relabeling OR all:segmentation)","cat:cs.RO AND (all:""automatic annotation"" OR all:relabeling OR all:segmentation)"
arXiv,2602.10594v2,Flow-Enabled Generalization to Human Demonstrations in Few-Shot Imitation Learning,Runze Tang; Penny Sweetser,2026,arXiv,,http://arxiv.org/abs/2602.10594v2,"cat:cs.RO AND (all:""cross-embodiment"" OR all:""action alignment"")","cat:cs.RO AND (all:""cross-embodiment"" OR all:""action alignment"")"
arXiv,2606.23090v2,Flow as Flow: Modeling Robot Velocity Fields as Probability Velocity Fields for Flow-Based Object Manipulation,Koki Seno; Daichi Yashima; Yusuke Takagi; Kento Tokura; Komei Sugiura,2026,arXiv,,http://arxiv.org/abs/2606.23090v2,"cat:cs.RO AND (all:""cross-embodiment"" OR all:""action alignment"")","cat:cs.RO AND (all:""cross-embodiment"" OR all:""action alignment"")"
arXiv,2604.28156v1,"FlexiTac: A Low-Cost, Open-Source, Scalable Tactile Sensing Solution for Robotic Systems",Binghao Huang; Yunzhu Li,2026,arXiv,,http://arxiv.org/abs/2604.28156v1,"cat:cs.RO AND (all:""cross-embodiment"" OR all:""action alignment"")","cat:cs.RO AND (all:""cross-embodiment"" OR all:""action alignment"")"
arXiv,2606.19408v1,FlexLAM: Resolving the Bottleneck Trade-off in Latent Action Learning,Takanori Yoshimoto; Yang Hu; Naruya Kondo; Tatsuya Matsushima,2026,arXiv,,http://arxiv.org/abs/2606.19408v1,"cat:cs.RO AND (all:""cross-embodiment"" OR all:""action alignment"")","cat:cs.RO AND (all:""cross-embodiment"" OR all:""action alignment"")"
arXiv,2606.01734v1,FlatVPR: Plug-and-play Geo-linear Residual Adapter for Geometric Rectification of Foundation Model Feature Manifolds,Rai Hisada; Kanji Tanaka,2026,arXiv,,http://arxiv.org/abs/2606.01734v1,"cat:cs.RO AND (all:""automatic annotation"" OR all:relabeling OR all:segmentation)","cat:cs.RO AND (all:""automatic annotation"" OR all:relabeling OR all:segmentation)"
arXiv,2605.27284v2,FineVLA: Fine-Grained Instruction Alignment for Steerable Vision-Language-Action Policies,Xintong Hu; Xuhong Huang; Jinyu Zhang; Yutong Yao; Yuchong Sun; Qiuyue Wang; Mingsheng Li; Sicheng Xie; Yitao Liu; Junhao Chen; Yixuan Chen; Yingming Zheng; Shuai Bai; Tao Yu,2026,arXiv,,http://arxiv.org/abs/2605.27284v2,"cat:cs.RO AND (all:""cross-embodiment"" OR all:""action alignment"")","cat:cs.RO AND (all:""cross-embodiment"" OR all:""action alignment"")"
arXiv,2604.09051v1,Fine-Grained Action Segmentation for Renorrhaphy in Robot-Assisted Partial Nephrectomy,Jiaheng Dai; Huanrong Liu; Tailai Zhou; Tongyu Jia; Qin Liu; Yutong Ban; Zeju Li; Yu Gao; Xin Ma; Qingbiao Li,2026,arXiv,,http://arxiv.org/abs/2604.09051v1,"cat:cs.RO AND (all:""automatic annotation"" OR all:relabeling OR all:segmentation)","cat:cs.RO AND (all:""automatic annotation"" OR all:relabeling OR all:segmentation)"
arXiv,2607.28293v1,Filling the Pareto-Optimal Front for Affordance Segmentation on Embedded Devices Using RGB-D Cameras,Edoardo Ragusa; Giovanni Paolo Canuti; Simone Lugani; Rodolfo Zunino; Paolo Gastaldo,2026,arXiv,,http://arxiv.org/abs/2607.28293v1,"cat:cs.RO AND (all:""automatic annotation"" OR all:relabeling OR all:segmentation)","cat:cs.RO AND (all:""automatic annotation"" OR all:relabeling OR all:segmentation)"
arXiv,2603.07580v1,FeasibleCap: Real-Time Embodiment Constraint Guidance for In-the-Wild Robot Demonstration Collection,Zi Yin; Fanhong Li; Yun Gui; Jia Liu,2026,arXiv,,http://arxiv.org/abs/2603.07580v1,"cat:cs.RO AND (all:""cross-embodiment"" OR all:""action alignment"")","cat:cs.RO AND (all:""cross-embodiment"" OR all:""action alignment"")"
arXiv,2604.18831v1,Feasibility of Indoor Frame-Wise Lidar Semantic Segmentation via Distillation from Visual Foundation Model,Haiyang Wu; Juan J. Gonzales Torres; George Vosselman; Ville Lehtola,2026,arXiv,,http://arxiv.org/abs/2604.18831v1,"cat:cs.RO AND (all:""automatic annotation"" OR all:relabeling OR all:segmentation)","cat:cs.RO AND (all:""automatic annotation"" OR all:relabeling OR all:segmentation)"
arXiv,2604.10951v1,Fast-SegSim: Real-Time Open-Vocabulary Segmentation for Robotics in Simulation,Xuan Yu; Yuxuan Xie; Shichao Zhai; Shuhao Ye; Rong Xiong; Yue Wang,2026,arXiv,,http://arxiv.org/abs/2604.10951v1,"cat:cs.RO AND (all:""automatic annotation"" OR all:relabeling OR all:segmentation)","cat:cs.RO AND (all:""automatic annotation"" OR all:relabeling OR all:segmentation)"
arXiv,2605.03669v1,FUS3DMaps: Scalable and Accurate Open-Vocabulary Semantic Mapping by 3D Fusion of Voxel- and Instance-Level Layers,Timon Homberger; Finn Lukas Busch; Jesús Gerardo Ortega Peimbert; Quantao Yang; Olov Andersson,2026,arXiv,,http://arxiv.org/abs/2605.03669v1,"cat:cs.RO AND (all:""automatic annotation"" OR all:relabeling OR all:segmentation)","cat:cs.RO AND (all:""automatic annotation"" OR all:relabeling OR all:segmentation)"
arXiv,2603.12806v1,FLUX: Accelerating Cross-Embodiment Generative Navigation Policies via Rectified Flow and Static-to-Dynamic Learning,Zeying Gong; Yangyi Zhong; Yiyi Ding; Tianshuai Hu; Guoyang Zhao; Lingdong Kong; Rong Li; Jiadi You; Junwei Liang,2026,arXiv,,http://arxiv.org/abs/2603.12806v1,"cat:cs.RO AND (all:""cross-embodiment"" OR all:""action alignment"")","cat:cs.RO AND (all:""cross-embodiment"" OR all:""action alignment"")"
arXiv,2606.17630v1,FLAP: FOV-Constrained Active Perception Planning for Prior-Map-Free 3D Navigation,Mengke Zhang; Sitong Li; Tiancheng Lai; Ruitian Pang; Mingxuan Zhang; Qingcheng Chen; Fei Gao; Chao Xu; Yanjun Cao,2026,arXiv,,http://arxiv.org/abs/2606.17630v1,"cat:cs.RO AND (all:""automatic annotation"" OR all:relabeling OR all:segmentation)","cat:cs.RO AND (all:""automatic annotation"" OR all:relabeling OR all:segmentation)"
arXiv,2603.10451v1,FAR-Dex: Few-shot Data Augmentation and Adaptive Residual Policy Refinement for Dexterous Manipulation,Yushan Bai; Fulin Chen; Hongzheng Sun; Yuchuang Tong; En Li; Zhengtao Zhang,2026,arXiv,,http://arxiv.org/abs/2603.10451v1,"cat:cs.RO AND (all:""data augmentation"" OR all:""synthetic demonstrations"")","cat:cs.RO AND (all:""data augmentation"" OR all:""synthetic demonstrations"") || cat:cs.RO AND all:""data quality"""
arXiv,2606.12406v1,FACTR 2: Learning External Force Sensing for Commodity Robot Arms Improves Policy Learning,Steven Oh; Jason Jingzhou Liu; Tony Tao; Philip Han; Kenneth Shaw; Satoshi Funabashi; Ruslan Salakhutdinov; Deepak Pathak,2026,arXiv,,http://arxiv.org/abs/2606.12406v1,"cat:cs.RO AND (all:""automatic annotation"" OR all:relabeling OR all:segmentation)","cat:cs.RO AND (all:""automatic annotation"" OR all:relabeling OR all:segmentation)"
arXiv,2607.20110v1,Extreme-RGMT: Continual Learning of Highly Dynamic Skills for Robust Generalist Humanoid Control,Yubiao Ma; Han Yu; Kai Guo; Changtai Lv; Zhengquan Mao; Boyang Xing; Xuemei Ren; Dongdong Zheng,2026,arXiv,,http://arxiv.org/abs/2607.20110v1,"cat:cs.RO AND (all:""automatic annotation"" OR all:relabeling OR all:segmentation)","cat:cs.RO AND (all:""automatic annotation"" OR all:relabeling OR all:segmentation)"
arXiv,2601.18629v1,ExoGS: A 4D Real-to-Sim-to-Real Framework for Scalable Manipulation Data Collection,Yiming Wang; Ruogu Zhang; Minyang Li; Hao Shi; Junbo Wang; Deyi Li; Jieji Ren; Wenhai Liu; Weiming Wang; Hao-Shu Fang,2026,arXiv,,http://arxiv.org/abs/2601.18629v1,"cat:cs.RO AND (all:""data augmentation"" OR all:""synthetic demonstrations"")","cat:cs.RO AND (all:""data augmentation"" OR all:""synthetic demonstrations"")"
arXiv,2605.28312v1,EventShiftFlow: Towards Hardware-efficient FPGA-based Flow Estimation,Arianna Alonso Bizzi; Fernando Cladera; C. J. Taylor,2026,arXiv,,http://arxiv.org/abs/2605.28312v1,"cat:cs.RO AND (all:""automatic annotation"" OR all:relabeling OR all:segmentation)","cat:cs.RO AND (all:""automatic annotation"" OR all:relabeling OR all:segmentation)"
arXiv,2605.17204v1,Event-Grounded Sparse Autoencoders for Vision-Language-Action Policies,Xinchen Jin; Aditya Chatterjee; Pranav Kumar; Rohan Paleja,2026,arXiv,,http://arxiv.org/abs/2605.17204v1,"cat:cs.RO AND (all:""cross-embodiment"" OR all:""action alignment"")","cat:cs.RO AND (all:""cross-embodiment"" OR all:""action alignment"")"
arXiv,2605.13152v1,EvObj: Learning Evolving Object-centric Representations for 3D Instance Segmentation without Scene Supervision,Jiahao Chen; Zihui Zhang; Yafei Yang; Jinxi Li; Shenxing Wei; Zhixuan Sun; Bo Yang,2026,arXiv,,http://arxiv.org/abs/2605.13152v1,"cat:cs.RO AND (all:""automatic annotation"" OR all:relabeling OR all:segmentation)","cat:cs.RO AND (all:""automatic annotation"" OR all:relabeling OR all:segmentation)"
arXiv,2604.22189v2,Energy-Efficient Multi-Robot Coverage Path Planning of Non-Convex Regions of Interests,Sourav Raxit; Jose Fuentes; Paulo Padrao; Abdullah Al Redwan Newaz; Md Tamjidul Hoque; Mark Kulp; Leonardo Bobadilla,2026,arXiv,,http://arxiv.org/abs/2604.22189v2,"cat:cs.RO AND (all:""automatic annotation"" OR all:relabeling OR all:segmentation)","cat:cs.RO AND (all:""automatic annotation"" OR all:relabeling OR all:segmentation)"
arXiv,2605.29773v1,Energy-Aware NECO for Single-Pass Pixel-wise Out-of-Distribution Detection in Semantic Segmentation,Boyuan Zhang; Huanshan Huang; Yifei Cao,2026,arXiv,,http://arxiv.org/abs/2605.29773v1,"cat:cs.RO AND (all:""automatic annotation"" OR all:relabeling OR all:segmentation)","cat:cs.RO AND (all:""automatic annotation"" OR all:relabeling OR all:segmentation)"
arXiv,2607.12065v1,Enabling 24-hour Agricultural Robotics: Unsupervised Day-to-Night Cross-Modal Image Translation for Nighttime Visual Navigation,Robel Mamo; Rajitha de Silva; Grzegorz Cielniak; Taeyeong Choi,2026,arXiv,,http://arxiv.org/abs/2607.12065v1,"cat:cs.RO AND (all:""automatic annotation"" OR all:relabeling OR all:segmentation)","cat:cs.RO AND (all:""automatic annotation"" OR all:relabeling OR all:segmentation)"
arXiv,2606.12965v1,EmbodiSteer: Steering Embodiment-Agnostic Visuomotor Policies with Joint-Space Guidance for Zero-Shot Cross-Embodiment Deployment,Shihefeng Wang; Kangchen Lv; Mingrui Yu; Xiang Li,2026,arXiv,,http://arxiv.org/abs/2606.12965v1,"cat:cs.RO AND (all:""cross-embodiment"" OR all:""action alignment"")","cat:cs.RO AND (all:""cross-embodiment"" OR all:""action alignment"")"
arXiv,2606.01605v2,Embedding Semantic Risk into Distance Fields and CBFs for Online Monocular Safe Control,Dawei Zhang; Nuo Chen; Shuo Liu; Roberto Tron; Zhiwen Fan,2026,arXiv,,http://arxiv.org/abs/2606.01605v2,"cat:cs.RO AND (all:""automatic annotation"" OR all:relabeling OR all:segmentation)","cat:cs.RO AND (all:""automatic annotation"" OR all:relabeling OR all:segmentation)"
arXiv,2607.19745v2,EgoRecovery: Acquiring Failure Recovery Ability Through Human Recovery Demonstration,Zuhao Ge; Yuchen Zhou; Weitao Zhou; Minglei Li; Xinyu Li; Chao Wu; Hanwen Zhao; Haotian Wang; Zuxuan Wu; Xiaosong Jia; Yu-Gang Jiang,2026,arXiv,,http://arxiv.org/abs/2607.19745v2,"cat:cs.RO AND (all:""automatic annotation"" OR all:relabeling OR all:segmentation)","cat:cs.RO AND (all:""automatic annotation"" OR all:relabeling OR all:segmentation)"
arXiv,2604.23570v1,EgoLive: A Large-Scale Egocentric Dataset from Real-World Human Tasks,Yihang Li; Xuelong Wei; Jingzhou Luo; Yingjing Xiao; Yibo Bai; Guangyuan Zhou; Teng Zou; Chenguang Gui; Jiajun Wen; He Zhang; Kangliang Chen; Xing Pan; Shuaiyan Liu; Daming Wang; Tao An; Jiayi Li; Shibo Jin; Wanwan Zhang; Tianyu Wang; Boren Wei; Zhixuan Huang; Fangsheng Liu; Ruodai Li; Hui Zhang; Anson Li; Yicheng Gong; Peng Cao; Jiaming Liang; Liang Lin,2026,arXiv,,http://arxiv.org/abs/2604.23570v1,"cat:cs.RO AND all:""data quality""","cat:cs.RO AND all:""data quality"""
arXiv,2606.17385v2,EgoInfinity: A Web-Scale 4D Hand-Object Interaction Data Engine for Any-View Robot Retargeting and Video-to-Action Robot Learning,Gaotian Wang; Kejia Ren; Andrew Morgan; Yiting Chen; Howard H. Qian; Podshara Chanrungmaneekul; Kaiyu Hang,2026,arXiv,,http://arxiv.org/abs/2606.17385v2,"cat:cs.RO AND (all:""cross-embodiment"" OR all:""action alignment"")","cat:cs.RO AND (all:""automatic annotation"" OR all:relabeling OR all:segmentation) || cat:cs.RO AND (all:""cross-embodiment"" OR all:""action alignment"") || cat:cs.RO AND all:""data engine"""
arXiv,2602.10106v2,EgoHumanoid: Unlocking In-the-Wild Loco-Manipulation with Robot-Free Egocentric Demonstration,Modi Shi; Shijia Peng; Jin Chen; Haoran Jiang; Tianyu Li; Di Huang; Ping Luo; Hongyang Li; Li Chen,2026,arXiv,,http://arxiv.org/abs/2602.10106v2,"cat:cs.RO AND (all:""cross-embodiment"" OR all:""action alignment"")","cat:cs.RO AND (all:""cross-embodiment"" OR all:""action alignment"")"
arXiv,2606.14665v1,EgoGuide: Egocentric Guidance for Efficient Robot-Free Demonstration Collection and Learning,Yue Xu; Mingtao Nie; Tianle Li; Hong Li; Yibo Luo; Siyuan Huang; Yong-Lu Li,2026,arXiv,,http://arxiv.org/abs/2606.14665v1,"cat:cs.RO AND all:""data quality""","cat:cs.RO AND all:""data quality"""
arXiv,2606.31101v1,Efficient Sim-to-Real Transfer of World-Action Models from Synthetic Priors,Zixing Wang; Kausik Sivakumar; Jinghuan Shang; Yafei Hu; Zhaoming Xie; Ran Gong; Xiaohan Zhang; Karl Schmeckpeper,2026,arXiv,,http://arxiv.org/abs/2606.31101v1,"cat:cs.RO AND (all:""data augmentation"" OR all:""synthetic demonstrations"")","cat:cs.RO AND (all:""data augmentation"" OR all:""synthetic demonstrations"")"
arXiv,2605.09801v1,Efficient Multi-Robot Motion Planning with Precomputed Translation-Invariant Edge Bundles,Himanshu Gupta; Paul Motter; Aritra Chakrabarty; Rishabh Sodani; Srikrishna Bangalore Raghu; Alessandro Roncone; Bradley Hayes; Zachary Sunberg,2026,arXiv,,http://arxiv.org/abs/2605.09801v1,"cat:cs.RO AND (all:""automatic annotation"" OR all:relabeling OR all:segmentation)","cat:cs.RO AND (all:""automatic annotation"" OR all:relabeling OR all:segmentation)"
arXiv,2602.15533v1,Efficient Knowledge Transfer for Jump-Starting Control Policy Learning of Multirotors through Physics-Aware Neural Architectures,Welf Rehberg; Mihir Kulkarni; Philipp Weiss; Kostas Alexis,2026,arXiv,,http://arxiv.org/abs/2602.15533v1,"cat:cs.RO AND (all:""cross-embodiment"" OR all:""action alignment"")","cat:cs.RO AND (all:""cross-embodiment"" OR all:""action alignment"")"
arXiv,2604.22992v1,Efficient Image Annotation via Semi-Supervised Object Segmentation with Label Propagation,Vitalii Tutevych; Raphael Memmesheimer; Luca Eichler; Dmytro Pavlichenko; Fynn Schilke; Rodja Krudewig; Sven Behnke,2026,arXiv,,http://arxiv.org/abs/2604.22992v1,"cat:cs.RO AND (all:""automatic annotation"" OR all:relabeling OR all:segmentation)","cat:cs.RO AND (all:""automatic annotation"" OR all:relabeling OR all:segmentation)"
arXiv,2602.11464v1,EasyMimic: A Low-Cost Framework for Robot Imitation Learning from Human Videos,Tao Zhang; Song Xia; Ye Wang; Qin Jin,2026,arXiv,,http://arxiv.org/abs/2602.11464v1,"cat:cs.RO AND (all:""cross-embodiment"" OR all:""action alignment"")","cat:cs.RO AND (all:""cross-embodiment"" OR all:""action alignment"")"
arXiv,2603.12769v1,Easy-IIL: Reducing Human Operational Burden in Interactive Imitation Learning via Assistant Experts,Chengjie Zhang; Chao Tang; Wenlong Dong; Dehao Huang; Aoxiang Gu; Hong Zhang,2026,arXiv,,http://arxiv.org/abs/2603.12769v1,"cat:cs.RO AND all:""data quality""","cat:cs.RO AND all:""data quality"""
arXiv,2606.03268v1,EaDex: A Cross-Embodiment Dexterous Manipulation Framework from Low-Cost Demonstrations,Qian Zhao; Xin Tong; Chengdong Wu; Yang Yang; Yingtian Li,2026,arXiv,,http://arxiv.org/abs/2606.03268v1,"cat:cs.RO AND (all:""cross-embodiment"" OR all:""action alignment"")","cat:cs.RO AND (all:""cross-embodiment"" OR all:""action alignment"")"
arXiv,2607.11427v1,EDAR: Learning Environment-Dependent Action Representations for Robotic Manipulation,Yuecheng Xu; Tong Yang; Jingkai Jia; Chi Zhang; Xuelong Li; Wenqiang Zhang,2026,arXiv,,http://arxiv.org/abs/2607.11427v1,"cat:cs.RO AND (all:""automatic annotation"" OR all:relabeling OR all:segmentation)","cat:cs.RO AND (all:""automatic annotation"" OR all:relabeling OR all:segmentation)"
arXiv,2607.19880v2,EA-Nav: Learning Safe Visual Navigation Policies with Embodiment Awareness,Jialu Zhang; Yong Du; Xianda Guo; Shunwang Sun; Xinqi Liu; Yue Sun; Guodong Lu; Wei Sui; Jituo Li,2026,arXiv,,http://arxiv.org/abs/2607.19880v2,"cat:cs.RO AND (all:""cross-embodiment"" OR all:""action alignment"")","cat:cs.RO AND (all:""cross-embodiment"" OR all:""action alignment"")"
arXiv,2603.27757v2,"E-TIDE: Fast, Structure-Preserving Motion Forecasting from Event Sequences",Biswadeep Sen; Benoit R. Cottereau; Nicolas Cuperlier; Terence Sim,2026,arXiv,,http://arxiv.org/abs/2603.27757v2,"cat:cs.RO AND (all:""automatic annotation"" OR all:relabeling OR all:segmentation)","cat:cs.RO AND (all:""automatic annotation"" OR all:relabeling OR all:segmentation)"
arXiv,2604.11680v1,Dual-Control Frequency-Aware Diffusion Model for Depth-Dependent Optical Microrobot Microscopy Image Generation,Lan Wei; Zongcai Tan; Kangyi Lu; Jian-Qing Zheng; Dandan Zhang,2026,arXiv,,http://arxiv.org/abs/2604.11680v1,"cat:cs.RO AND (all:""data augmentation"" OR all:""synthetic demonstrations"")","cat:cs.RO AND (all:""data augmentation"" OR all:""synthetic demonstrations"")"
arXiv,2601.01528v2,DrivingGen: A Comprehensive Benchmark for Generative Video World Models in Autonomous Driving,Yang Zhou; Hao Shao; Letian Wang; Zhuofan Zong; Hongsheng Li; Steven L. Waslander,2026,arXiv,,http://arxiv.org/abs/2601.01528v2,"cat:cs.RO AND (all:""world model"" AND all:""data generation"")","cat:cs.RO AND (all:""world model"" AND all:""data generation"")"
arXiv,2603.26638v1,Drive-Through 3D Vehicle Exterior Reconstruction via Dynamic-Scene SfM and Distortion-Aware Gaussian Splatting,Nitin Kulkarni; Akhil Devarashetti; Charlie Cluss; Livio Forte; Philip Schneider; Chunming Qiao; Alina Vereshchaka,2026,arXiv,,http://arxiv.org/abs/2603.26638v1,"cat:cs.RO AND (all:""automatic annotation"" OR all:relabeling OR all:segmentation)","cat:cs.RO AND (all:""automatic annotation"" OR all:relabeling OR all:segmentation)"
arXiv,2607.00666v1,Domain Arithmetic: One-Shot VLA Adaptation under Environmental Shifts,Taewook Kang; Taeheon Kim; Donghyun Shin; Jonghyun Choi,2026,arXiv,,http://arxiv.org/abs/2607.00666v1,"cat:cs.RO AND all:""data curation""","cat:cs.RO AND all:""data curation"""
arXiv,2606.22397v1,Do Rigid-Body Simulators Dream of Soft Robots? Learning Contact-Rich Manipulation for Tendon-Driven Continuum Robots,Chengnan Shentu; Nicholas Baldassini; Tongjia Zheng; Priyanka Rao; Jessica Burgner-Kahrs,2026,arXiv,,http://arxiv.org/abs/2606.22397v1,"cat:cs.RO AND (all:""automatic annotation"" OR all:relabeling OR all:segmentation)","cat:cs.RO AND (all:""automatic annotation"" OR all:relabeling OR all:segmentation)"
arXiv,2603.11634v1,"Diversity You Can Actually Measure: A Fast, Model-Free Diversity Metric for Robotics Datasets",Sreevardhan Sirigiri; Nathan Samuel de Lara; Christopher Agia; Florian Shkurti; Fabio Ramos,2026,arXiv,,http://arxiv.org/abs/2603.11634v1,"cat:cs.RO AND all:""data curation""","cat:cs.RO AND all:""data curation"""
arXiv,2607.24482v1,Distributed Coordination for Resilient Multi-UAV Remote Sensing: A Photovoltaic Inspection Case Study,Guillermo GP-Lenza; Miguel Fernandez-Cortizas; Martin Molina; Pascual Campoy,2026,arXiv,,http://arxiv.org/abs/2607.24482v1,"cat:cs.RO AND all:""data quality""","cat:cs.RO AND all:""data quality"""
arXiv,2606.19397v1,DiffusionVS: A Generative Framework for Robust Visual Servoing Based on Diffusion Policy,Hongkang Cui; Rui He; Haoyao Chen,2026,arXiv,,http://arxiv.org/abs/2606.19397v1,"cat:cs.RO AND (all:""data augmentation"" OR all:""synthetic demonstrations"")","cat:cs.RO AND (all:""data augmentation"" OR all:""synthetic demonstrations"")"
arXiv,2607.19919v1,Diffusion ReRoll: Revisable Denoising for Robotic Sequential Prediction,Seonsoo Kim; Seongil Hong; Jun-Gill Kang,2026,arXiv,,http://arxiv.org/abs/2607.19919v1,"cat:cs.RO AND (all:""automatic annotation"" OR all:relabeling OR all:segmentation)","cat:cs.RO AND (all:""automatic annotation"" OR all:relabeling OR all:segmentation)"
arXiv,2606.11019v1,Diffusion Forcing Planner: History-Annealed Planning with Time-Dependent Guidance for Autonomous Driving,Zehan Zhang; Neng Zhang; Yaoyi Li; Jia Cai; Zhiling Wang,2026,arXiv,,http://arxiv.org/abs/2606.11019v1,"cat:cs.RO AND (all:""automatic annotation"" OR all:relabeling OR all:segmentation)","cat:cs.RO AND (all:""automatic annotation"" OR all:relabeling OR all:segmentation)"
arXiv,2603.22787v1,DiSCo: Diffusion Sequence Copilots for Shared Autonomy,Andy Wang; Xu Yan; Brandon McMahan; Michael Zhou; Yuyang Yuan; Johannes Y. Lee; Ali Shreif; Matthew Li; Zhenghao Peng; Bolei Zhou; Yuchen Cui; Jonathan C. Kao,2026,arXiv,,http://arxiv.org/abs/2603.22787v1,"cat:cs.RO AND (all:""cross-embodiment"" OR all:""action alignment"")","cat:cs.RO AND (all:""cross-embodiment"" OR all:""action alignment"")"
arXiv,2603.16609v1,Dexterous grasp data augmentation based on grasp synthesis with fingertip workspace cloud and contact-aware sampling,Liqi Wu; Haoyu Jia; Kento Kawaharazuka; Hirokazu Ishida; Kei Okada,2026,arXiv,,http://arxiv.org/abs/2603.16609v1,"cat:cs.RO AND (all:""data augmentation"" OR all:""synthetic demonstrations"")","cat:cs.RO AND (all:""data augmentation"" OR all:""synthetic demonstrations"")"
arXiv,2605.18722v1,Dexora: Open-source VLA for High-DoF Bimanual Dexterity,Zongzheng Zhang; Jingrui Pang; Zhuo Yang; Kun Li; Minwen Liao; Saining Zhang; Guoxuan Chi; Jinbang Guo; Huan-ang Gao; Modi Shi; Dongyun Ge; Yao Mu; Jiayuan Gu; Rui Chen; Hao Dong; Huazhe Xu; Li Yi; Yixin Zhu; Hang Zhao; Pengwei Wang; Shanghang Zhang; Guocai Yao; Jianyu Chen; Hongyang Li; Hao Zhao,2026,arXiv,,http://arxiv.org/abs/2605.18722v1,"cat:cs.RO AND (all:""cross-embodiment"" OR all:""action alignment"")","cat:cs.RO AND (all:""cross-embodiment"" OR all:""action alignment"") || cat:cs.RO AND all:""data quality"""
arXiv,2607.08751v1,"DexVerse: A Modular Benchmark for Multi-Task, Multi-Embodiment Dexterous Manipulation",Yunchao Yao; Zhuxiu Xu; Tianqi Zhang; Zixian Liu; Sikai Li; Zhenyu Wei; Feng Chen; Dihong Huang; Kechang Wan; Chenyang Ma; Shuqi Zhao; Shenghua Gao; Masayoshi Tomizuka; Yi Ma; Mingyu Ding,2026,arXiv,,http://arxiv.org/abs/2607.08751v1,"cat:cs.RO AND (all:""cross-embodiment"" OR all:""action alignment"")","cat:cs.RO AND (all:""cross-embodiment"" OR all:""action alignment"")"
arXiv,2602.10105v1,DexImit: Learning Bimanual Dexterous Manipulation from Monocular Human Videos,Juncheng Mu; Sizhe Yang; Yiming Bao; Hojin Bae; Tianming Wei; Linning Xu; Boyi Li; Huazhe Xu; Jiangmiao Pang,2026,arXiv,,http://arxiv.org/abs/2602.10105v1,"cat:cs.RO AND (all:""data augmentation"" OR all:""synthetic demonstrations"")","cat:cs.RO AND (all:""data augmentation"" OR all:""synthetic demonstrations"")"
arXiv,2603.16806v2,DexGrasp-Zero: A Morphology-Aligned Policy for Zero-Shot Cross-Embodiment Dexterous Grasping,Yuliang Wu; Yanhan Lin; WengKit Lao; Yuhao Lin; Yi-Lin Wei; Wei-Shi Zheng; Ancong Wu,2026,arXiv,,http://arxiv.org/abs/2603.16806v2,"cat:cs.RO AND (all:""cross-embodiment"" OR all:""action alignment"")","cat:cs.RO AND (all:""cross-embodiment"" OR all:""action alignment"")"
arXiv,2602.08278v1,DexFormer: Cross-Embodied Dexterous Manipulation via History-Conditioned Transformer,Ke Zhang; Lixin Xu; Chengyi Song; Junzhe Xu; Xiaoyi Lin; Zeyu Jiang; Renjing Xu,2026,arXiv,,http://arxiv.org/abs/2602.08278v1,"cat:cs.RO AND (all:""cross-embodiment"" OR all:""action alignment"")","cat:cs.RO AND (all:""cross-embodiment"" OR all:""action alignment"")"
arXiv,2603.28594v2,Detection of Adversarial Attacks in Robotic Perception,Ziad Sharawy; Mohammad Nakshbandi; Sorin Mihai Grigorescu,2026,arXiv,,http://arxiv.org/abs/2603.28594v2,"cat:cs.RO AND (all:""automatic annotation"" OR all:relabeling OR all:segmentation)","cat:cs.RO AND (all:""automatic annotation"" OR all:relabeling OR all:segmentation)"
arXiv,2603.29646v1,Design and Aerodynamic Modeling of MetaMorpher: A Hybrid Rotary andFixed-Wing Morphing UAV,Anja Bosak; Dorian Erić; Ana Milas; Stjepan Bogdan,2026,arXiv,,http://arxiv.org/abs/2603.29646v1,"cat:cs.RO AND (all:""automatic annotation"" OR all:relabeling OR all:segmentation)","cat:cs.RO AND (all:""automatic annotation"" OR all:relabeling OR all:segmentation)"
arXiv,2607.13033v1,DenseReward: Dense Reward Learning via Failure Synthesis for Robotic Manipulation,Yu Fang; Wanxi Dong; Jiaqi Liu; Yue Yang; Mingxiao Huo; Yao Mu; Huaxiu Yao; Li Erran Li; Daniel Szafir; Mingyu Ding,2026,arXiv,,http://arxiv.org/abs/2607.13033v1,"cat:cs.RO AND (all:""automatic annotation"" OR all:relabeling OR all:segmentation)","cat:cs.RO AND (all:""automatic annotation"" OR all:relabeling OR all:segmentation)"
arXiv,2601.20334v2,Demonstration-Free Robotic Control via LLM Agents,Brian Y. Tsui; Alan Y. Fang; Tiffany J. Hwu,2026,arXiv,,http://arxiv.org/abs/2601.20334v2,"cat:cs.RO AND (all:""data augmentation"" OR all:""synthetic demonstrations"")","cat:cs.RO AND (all:""data augmentation"" OR all:""synthetic demonstrations"")"
arXiv,2605.20811v1,Demo-JEPA: Joint-Embedding Predictive Architecture for One-shot Cross-Embodiment Imitation,Jingyang He; Guangrun Li; Jieyu Zhang; Chengkai Hou; Zhengping Che; Shanghang Zhang,2026,arXiv,,http://arxiv.org/abs/2605.20811v1,"cat:cs.RO AND (all:""cross-embodiment"" OR all:""action alignment"")","cat:cs.RO AND (all:""cross-embodiment"" OR all:""action alignment"")"
arXiv,2606.22116v1,DeformX: A Versatile Co-Simulation Framework for Deformable Linear Objects,Yi Yang; Xiang Fei; Lehong Wang; Chenhao Li; Zilin Dai; Henry Kou; Lu Li; Howie Choset,2026,arXiv,,http://arxiv.org/abs/2606.22116v1,"cat:cs.RO AND (all:""automatic annotation"" OR all:relabeling OR all:segmentation)","cat:cs.RO AND (all:""automatic annotation"" OR all:relabeling OR all:segmentation)"
arXiv,2605.01448v1,Decompose and Recompose: Reasoning New Skills from Existing Abilities for Cross-Task Robotic Manipulation,Xitie Zhang; Aming Wu; Yahong Han,2026,arXiv,,http://arxiv.org/abs/2605.01448v1,"cat:cs.RO AND (all:""cross-embodiment"" OR all:""action alignment"")","cat:cs.RO AND (all:""cross-embodiment"" OR all:""action alignment"")"
arXiv,2604.23693v2,Decentralized Heterogeneous Multi-Robot Collaborative Exploration for Indoor and Outdoor 3D Environments,Yuxiang Li; Kun Chen; Jiancheng Wang; Shihao Fang; Haoyao Chen; Yunhui Liu,2026,arXiv,,http://arxiv.org/abs/2604.23693v2,"cat:cs.RO AND (all:""automatic annotation"" OR all:relabeling OR all:segmentation)","cat:cs.RO AND (all:""automatic annotation"" OR all:relabeling OR all:segmentation)"
arXiv,2602.11890v1,Data-Driven Trajectory Imputation for Vessel Mobility Analysis,Giannis Spiliopoulos; Alexandros Troupiotis-Kapeliaris; Kostas Patroumpas; Nikolaos Liapis; Dimitrios Skoutas; Dimitris Zissis; Nikos Bikakis,2026,arXiv,,http://arxiv.org/abs/2602.11890v1,"cat:cs.RO AND all:""data quality""","cat:cs.RO AND all:""data quality"""
arXiv,2607.15982v1,Data and Learning Where it Matters for Contact-Rich Manipulation,Oliver Hausdörfer; Linus Schwarz; Gabor Marko; Christian Dietz; Timo Class; Luka Hofer; Jim Yun-Jin Li; Johannes Hechtl; Ralf Römer; Angela P. Schoellig,2026,arXiv,,http://arxiv.org/abs/2607.15982v1,"cat:cs.RO AND all:""autonomous data collection""","cat:cs.RO AND (all:""automatic annotation"" OR all:relabeling OR all:segmentation) || cat:cs.RO AND all:""autonomous data collection"""
arXiv,2607.24744v1,Data Pyramid for Embodied Manipulation,Yifan Ye; Yankai Fu; Yaoxu Lv; Bohan Hou; Jun Cen; Lingdong Kong; Duo Zheng; Tianxing Chen; Jiaming Liu; Ziang Cao; Yunfan Lou; Wei Chow; Xian Sun; Yingshuo Wang; Kuangzhi Ge; Xiaowei Chi; Xidong Zhang; Zhibo Pang; Yiwu Zhong; Sirui Han; Zhihe Lu; Weihao Yuan; Qifeng Chen; Michael Yu Wang; Yao Mu; Ziwei Liu; Jianfei Yang; Ping Luo; Shanghang Zhang,2026,arXiv,,http://arxiv.org/abs/2607.24744v1,"cat:cs.RO AND all:""data quality""","cat:cs.RO AND all:""data quality"""
arXiv,2603.06450v2,Data Analogies Enable Efficient Cross-Embodiment Transfer,Jonathan Yang; Chelsea Finn; Dorsa Sadigh,2026,arXiv,,http://arxiv.org/abs/2603.06450v2,"cat:cs.RO AND (all:""cross-embodiment"" OR all:""action alignment"")","cat:cs.RO AND (all:""cross-embodiment"" OR all:""action alignment"")"
arXiv,2601.01188v1,"DST-Calib: A Dual-Path, Self-Supervised, Target-Free LiDAR-Camera Extrinsic Calibration Network",Zhiwei Huang; Yanwei Fu; Yi Zhou; Xieyuanli Chen; Qijun Chen; Rui Fan,2026,arXiv,,http://arxiv.org/abs/2601.01188v1,"cat:cs.RO AND (all:""data augmentation"" OR all:""synthetic demonstrations"")","cat:cs.RO AND (all:""data augmentation"" OR all:""synthetic demonstrations"")"
arXiv,2603.26263v1,DRUM: Diffusion-based Raydrop-aware Unpaired Mapping for Sim2Real LiDAR Segmentation,Tomoya Miyawaki; Kazuto Nakashima; Yumi Iwashita; Ryo Kurazume,2026,arXiv,,http://arxiv.org/abs/2603.26263v1,"cat:cs.RO AND (all:""automatic annotation"" OR all:relabeling OR all:segmentation)","cat:cs.RO AND (all:""automatic annotation"" OR all:relabeling OR all:segmentation)"
arXiv,2607.16012v1,DPNeXt: A Lightweight Multi-Scale Feature Fusion Framework for Efficient ViT-Based Multi-Task Dense Prediction,Jehun Kang; Jungha Wang; Youngjun Hwang; David Hyunchul Shim,2026,arXiv,,http://arxiv.org/abs/2607.16012v1,"cat:cs.RO AND (all:""automatic annotation"" OR all:relabeling OR all:segmentation)","cat:cs.RO AND (all:""automatic annotation"" OR all:relabeling OR all:segmentation)"
arXiv,2605.29879v2,DGSG-Mind: Dynamic 3D Gaussian Scene Graphs for Long-Term Scene Understanding and Grounding,Luzhou Ge; Xiangyu Zhu; Jinyan Liu; Xuesong Li,2026,arXiv,,http://arxiv.org/abs/2605.29879v2,"cat:cs.RO AND (all:""automatic annotation"" OR all:relabeling OR all:segmentation)","cat:cs.RO AND (all:""automatic annotation"" OR all:relabeling OR all:segmentation)"
arXiv,2605.19690v1,D-CLING: Prior-Preserving Depth-Conditioned Fine-Tuning for Navigation Foundation Models,Shintaro Nakaoka; Takayuki Kanai; Kazuhito Tanaka,2026,arXiv,,http://arxiv.org/abs/2605.19690v1,"cat:cs.RO AND (all:""cross-embodiment"" OR all:""action alignment"")","cat:cs.RO AND (all:""cross-embodiment"" OR all:""action alignment"")"
arXiv,2606.22439v1,Curvature-aware 3D length estimation of greenhouse cucumbers using RGB-D imaging and cubic spline arc-length integration,Manveen Kaur; Rajmeet Singh; Saeed Mozaffri; Shahpour Alirezaee,2026,arXiv,,http://arxiv.org/abs/2606.22439v1,"cat:cs.RO AND (all:""automatic annotation"" OR all:relabeling OR all:segmentation)","cat:cs.RO AND (all:""automatic annotation"" OR all:relabeling OR all:segmentation)"
arXiv,2603.10158v1,Cross-Hand Latent Representation for Vision-Language-Action Models,Guangqi Jiang; Yutong Liang; Jianglong Ye; Jia-Yang Huang; Changwei Jing; Rocky Duan; Pieter Abbeel; Xiaolong Wang; Xueyan Zou,2026,arXiv,,http://arxiv.org/abs/2603.10158v1,"cat:cs.RO AND (all:""cross-embodiment"" OR all:""action alignment"")","cat:cs.RO AND (all:""cross-embodiment"" OR all:""action alignment"")"
arXiv,2607.27549v1,Cross-Embodiment Transfer via Behavior-Aligned Representations,Ajay Sridhar; Jensen Gao; Jonathan Yang; Jean Mercat; Suneel Belkhale; Dorsa Sadigh,2026,arXiv,,http://arxiv.org/abs/2607.27549v1,"cat:cs.RO AND (all:""cross-embodiment"" OR all:""action alignment"")","cat:cs.RO AND (all:""cross-embodiment"" OR all:""action alignment"")"
arXiv,2607.03570v1,Cross-Embodiment Robot Manipulation via a Unified Hand Action Space,Luis Felipe Casas; Robert Teal; Keval Shah; Abhijit Tadepalli; Wanxin Jin; Yu Xiang,2026,arXiv,,http://arxiv.org/abs/2607.03570v1,"cat:cs.RO AND (all:""cross-embodiment"" OR all:""action alignment"")","cat:cs.RO AND (all:""cross-embodiment"" OR all:""action alignment"")"
arXiv,2602.18025v1,Cross-Embodiment Offline Reinforcement Learning for Heterogeneous Robot Datasets,Haruki Abe; Takayuki Osa; Yusuke Mukuta; Tatsuya Harada,2026,arXiv,,http://arxiv.org/abs/2602.18025v1,"cat:cs.RO AND (all:""cross-embodiment"" OR all:""action alignment"")","cat:cs.RO AND (all:""cross-embodiment"" OR all:""action alignment"")"
arXiv,2605.24810v1,Cross-Domain Energy-Guided Diffusion Generation for Off-Dynamics Reinforcement Learning,Yu Yang; Yihong Guo; Anqi Liu; Pan Xu,2026,arXiv,,http://arxiv.org/abs/2605.24810v1,"cat:cs.RO AND all:""data filtering""","cat:cs.RO AND all:""data filtering"""
arXiv,2606.29898v1,Critical Interval MSE: Toward Reliable Offline Validation for Robot Manipulation Policies,Haoxu Huang; Tongsam Zheng; Yifan Chen; Jiacheng You; Yang Gao,2026,arXiv,,http://arxiv.org/abs/2606.29898v1,"cat:cs.RO AND (all:""cross-embodiment"" OR all:""action alignment"")","cat:cs.RO AND (all:""automatic annotation"" OR all:relabeling OR all:segmentation) || cat:cs.RO AND (all:""cross-embodiment"" OR all:""action alignment"")"
arXiv,2605.19120v1,"CosFly: Plan in the Matrix, Fly in the World",Hanxuan Chen; Xiangyue Wang; Songsheng Cheng; Ruilong Ren; Jie Zheng; Shuai Yuan; Tianle Zeng; Hanzhong Guo; Binbo Li; Kangli Wang; Ji Pei,2026,arXiv,,http://arxiv.org/abs/2605.19120v1,"cat:cs.RO AND (all:""automatic annotation"" OR all:relabeling OR all:segmentation)","cat:cs.RO AND (all:""automatic annotation"" OR all:relabeling OR all:segmentation)"
arXiv,2605.17776v2,CosFly-Track: A Large-Scale Multi-Modal Dataset for UAV Visual Tracking via Multi-Constraint Trajectory Optimization,Xiangyue Wang; Hanxuan Chen; Songsheng Cheng; Ruilong Ren; Jie Zheng; Shuai Yuan; Tianle Zeng; Hanzhong Guo; Kangli Wang; Ji Pei,2026,arXiv,,http://arxiv.org/abs/2605.17776v2,"cat:cs.RO AND (all:""automatic annotation"" OR all:relabeling OR all:segmentation)","cat:cs.RO AND (all:""automatic annotation"" OR all:relabeling OR all:segmentation)"
arXiv,2607.05377v1,Cortex: A Bidirectionally Aligned Embodied Agent Framework for Long-horizon Manipulation,Jiaqi Peng; Xiqian Yu; Delin Feng; Yuqiang Yang; Wenzhe Cai; Jing Xiong; Ganlin Yang; Jinliang Zheng; Jiafei Cao; Xueyuan Wei; Jiangmiao Pang; Yuan Shen; Tai Wang,2026,arXiv,,http://arxiv.org/abs/2607.05377v1,"cat:cs.RO AND (all:""automatic annotation"" OR all:relabeling OR all:segmentation)","cat:cs.RO AND (all:""automatic annotation"" OR all:relabeling OR all:segmentation)"
arXiv,2604.21241v2,CorridorVLA: Explicit Spatial Constraints for Generative Action Heads via Sparse Anchors,Dachong Li; ZhuangZhuang Chen; Jin Zhang; Jianqiang Li,2026,arXiv,,http://arxiv.org/abs/2604.21241v2,"cat:cs.RO AND (all:""cross-embodiment"" OR all:""action alignment"")","cat:cs.RO AND (all:""cross-embodiment"" OR all:""action alignment"")"
arXiv,2607.02884v1,Continuous-Time Gaussian Belief Trees for Motion Planning,Rayan Mazouz; Qi Heng Ho; Zachary N. Sunberg; Morteza Lahijanian,2026,arXiv,,http://arxiv.org/abs/2607.02884v1,"cat:cs.RO AND (all:""automatic annotation"" OR all:relabeling OR all:segmentation)","cat:cs.RO AND (all:""automatic annotation"" OR all:relabeling OR all:segmentation)"
arXiv,2604.15638v1,Contact-Aware Planning and Control of Continuum Robots in Highly Constrained Environments,Aedan Mangan; Kehan Long; Ki Myung Brian Lee; Miheer Potdar; Nikolay Atanasov; Tania K. Morimoto,2026,arXiv,,http://arxiv.org/abs/2604.15638v1,"cat:cs.RO AND (all:""automatic annotation"" OR all:relabeling OR all:segmentation)","cat:cs.RO AND (all:""automatic annotation"" OR all:relabeling OR all:segmentation)"
DBLP,122800,Consistency Matters: Defining Demonstration Data Quality Metrics in Robot Learning from Demonstration,Maram Sakr; Juyan Zhang; H. F. Machiel Van der Loos; Dana Kulic; Elizabeth A. Croft,2026,ACM Trans. Hum. Robot Interact.,10.1145/3773904,https://doi.org/10.1145/3773904,robot data quality,"cat:cs.RO AND all:""data quality"" || robot data quality"
arXiv,2607.07129v1,Compositional Motion Generation from Demonstration with Object-Centric Neural Fields,Ahmet Ercan Tekden; Yasemin Bekiroglu,2026,arXiv,,http://arxiv.org/abs/2607.07129v1,"cat:cs.RO AND (all:""automatic annotation"" OR all:relabeling OR all:segmentation)","cat:cs.RO AND (all:""automatic annotation"" OR all:relabeling OR all:segmentation)"
arXiv,2604.11386v1,ComSim: Building Scalable Real-World Robot Data Generation via Compositional Simulation,Yiran Qin; Jiahua Ma; Li Kang; Wenzhan Li; Yihang Jiao; Xin Wen; Xiufeng Song; Heng Zhou; Jiwen Yu; Zhenfei Yin; Xihui Liu; Philip Torr; Yilun Du; Ruimao Zhang,2026,arXiv,,http://arxiv.org/abs/2604.11386v1,"cat:cs.RO AND (all:""data augmentation"" OR all:""synthetic demonstrations"")","cat:cs.RO AND (all:""data augmentation"" OR all:""synthetic demonstrations"") || cat:cs.RO AND (all:""world model"" AND all:""data generation"")"
arXiv,2607.19194v2,Cognitive Dual-Process Planning for Autonomous Driving with Structured Scene Knowledge and Verifiable Reasoning-Action Consistency,Zhongyao Yang; Haoyu Li; Yu Yan; Zhuangxuan Yu; Jiangfeng Nan; Jinrui Nan,2026,arXiv,,http://arxiv.org/abs/2607.19194v2,"cat:cs.RO AND all:""data engine""","cat:cs.RO AND all:""data engine"""
arXiv,2605.30488v1,CoMo3R-SLAM: Collaborative Monocular Dense SLAM with Learned 3D Reconstruction Priors for Outdoor Multi-Agent Systems,Zhihao Cao; Qi Shao; Shuhao Zhai; Feng Tian; Anh Nguyen; Hesheng Wang; Baoru Huang,2026,arXiv,,http://arxiv.org/abs/2605.30488v1,"cat:cs.RO AND (all:""automatic annotation"" OR all:relabeling OR all:segmentation)","cat:cs.RO AND (all:""automatic annotation"" OR all:relabeling OR all:segmentation)"
arXiv,2603.05042v2,CoIn3D: Revisiting Configuration-Invariant Multi-Camera 3D Object Detection,Zhaonian Kuang; Rui Ding; Haotian Wang; Xinhu Zheng; Meng Yang; Gang Hua,2026,arXiv,,http://arxiv.org/abs/2603.05042v2,"cat:cs.RO AND (all:""data augmentation"" OR all:""synthetic demonstrations"")","cat:cs.RO AND (all:""data augmentation"" OR all:""synthetic demonstrations"")"
arXiv,2606.09919v1,Co-GLANCE: Uncertainty-Aware Active Perception for Heterogeneous Robot Teaming,Michal P. Podolinsky; Neel P. Bhatt; Pranay Samineni; Rohan Siva; Christian Ellis; Ufuk Topcu,2026,arXiv,,http://arxiv.org/abs/2606.09919v1,"cat:cs.RO AND (all:""automatic annotation"" OR all:relabeling OR all:segmentation)","cat:cs.RO AND (all:""automatic annotation"" OR all:relabeling OR all:segmentation)"
arXiv,2605.26349v1,Closing the Loop in Teleoperation: Episode-Level Data Quality Assessment and Feedback for High-Quality Demonstration Collection,Gokul Narayanan; Yash Shahapurkar; Melih Erdogan; Brian Zhu; Eugen Solowjow,2026,arXiv,,http://arxiv.org/abs/2605.26349v1,"cat:cs.RO AND all:""data quality""","cat:cs.RO AND all:""data quality"""
arXiv,2607.20345v1,Closing the Lab-to-Store Gap: A Data-Efficient Post-Training and Experience-Driven Learning VLA Framework for Retail Humanoids,Roger Sala Sisó; Tiago Silvério; Jakob Sand; Tran Nguyen Le,2026,arXiv,,http://arxiv.org/abs/2607.20345v1,"cat:cs.RO AND all:""data curation""","cat:cs.RO AND all:""data curation"""
arXiv,2607.09713v1,Closed-Loop Control with Rule-Aligned Small Language Models and Multi-Agent Self-Correction,Yuchen Wang; Javal Vyas; Tong Liu; Mehmet Mercangoz,2026,arXiv,,http://arxiv.org/abs/2607.09713v1,"cat:cs.RO AND (all:""cross-embodiment"" OR all:""action alignment"")","cat:cs.RO AND (all:""cross-embodiment"" OR all:""action alignment"")"
arXiv,2605.21372v1,Closed Loop Dynamic Driving Data Mixture for Real-Synthetic Co-Training,Hongzhi Ruan; Pei Liu; Weiliang Ma; Zhengning Li; Xueyang Zhang; Jun Ma; Dan Xu; Kun Zhan,2026,arXiv,,http://arxiv.org/abs/2605.21372v1,"cat:cs.RO AND all:""data engine""","cat:cs.RO AND all:""data engine"""
arXiv,2606.22836v1,Cloak: Zero-Shot Cross-Embodiment Manipulation by Masking the End-Effector from the VLA,Michael Piseno; Guy Tevet; C. Karen Liu,2026,arXiv,,http://arxiv.org/abs/2606.22836v1,"cat:cs.RO AND (all:""cross-embodiment"" OR all:""action alignment"")","cat:cs.RO AND (all:""automatic annotation"" OR all:relabeling OR all:segmentation) || cat:cs.RO AND (all:""cross-embodiment"" OR all:""action alignment"")"
arXiv,2606.06618v1,ChronoForest: Closed-Loop Multi-Tree Diffusion Planning for Efficient Bridge Search and Route Composition,Jungmin Seo; Jaesik Park,2026,arXiv,,http://arxiv.org/abs/2606.06618v1,"cat:cs.RO AND (all:""automatic annotation"" OR all:relabeling OR all:segmentation)","cat:cs.RO AND (all:""automatic annotation"" OR all:relabeling OR all:segmentation)"
arXiv,2602.08189v1,Chamelion: Reliable Change Detection for Long-Term LiDAR Mapping in Transient Environments,Seoyeon Jang; Alex Junho Lee; I Made Aswin Nahrendra; Hyun Myung,2026,arXiv,,http://arxiv.org/abs/2602.08189v1,"cat:cs.RO AND (all:""data augmentation"" OR all:""synthetic demonstrations"")","cat:cs.RO AND (all:""data augmentation"" OR all:""synthetic demonstrations"")"
arXiv,2603.19602v1,CeRLP: A Cross-embodiment Robot Local Planning Framework for Visual Navigation,Haoyu Xi; Mingao Tan; Xinming Zhang; Siwei Cheng; Shanze Wang; Yin Gu; Xiaoyu Shen; Wei Zhang,2026,arXiv,,http://arxiv.org/abs/2603.19602v1,"cat:cs.RO AND (all:""cross-embodiment"" OR all:""action alignment"")","cat:cs.RO AND (all:""cross-embodiment"" OR all:""action alignment"")"
arXiv,2607.09185v1,Causally Debiased Latent Action Model for Embodied Action Conditioned World Models,Yufan Wei; Kun Zhou; Lingjun Mao; Zijun Zhang; Ziming Xu; Ziqiao Xi; Shuang Liang; Ruobing Han; Yuchen Yan; Xinyue Wang; Fan Feng; Biwei Huang,2026,arXiv,,http://arxiv.org/abs/2607.09185v1,"cat:cs.RO AND (all:""data augmentation"" OR all:""synthetic demonstrations"")","cat:cs.RO AND (all:""data augmentation"" OR all:""synthetic demonstrations"")"
arXiv,2606.27676v1,CWI: Composite Humanoid Whole-Body Imitation System for Loco-manipulation,Wenqi Ge; Junde Guo; Zhen Fu; Shunpeng Yang; Jiayu Chen; Hua Chen,2026,arXiv,,http://arxiv.org/abs/2606.27676v1,"cat:cs.RO AND all:""data filtering""","cat:cs.RO AND all:""data filtering"""
arXiv,2604.03552v1,CRAFT: Video Diffusion for Bimanual Robot Data Generation,Jason Chen; I-Chun Arthur Liu; Gaurav Sukhatme; Daniel Seita,2026,arXiv,,http://arxiv.org/abs/2604.03552v1,"cat:cs.RO AND (all:""cross-embodiment"" OR all:""action alignment"")","cat:cs.RO AND (all:""cross-embodiment"" OR all:""action alignment"")"
arXiv,2604.25388v1,COMPASS: COmpact Multi-channel Prior-map And Scene Signature for Floor-Plan-Based Visual Localization,Muhammad Shaheer; Miguel Fernandez-Cortizas; Asier Bikandi-Noya; Holger Voos; Jose Luis Sanchez-Lopez,2026,arXiv,,http://arxiv.org/abs/2604.25388v1,"cat:cs.RO AND (all:""automatic annotation"" OR all:relabeling OR all:segmentation)","cat:cs.RO AND (all:""automatic annotation"" OR all:relabeling OR all:segmentation)"
arXiv,2605.19138v2,COBALT: Crowdsourcing Robot Learning via Cloud-Based Teleoperation with Smartphones,Ayush Agarwal; Ansh Gandhi; Jeremy A. Collins; Omar Rayyan; Aryan Sarswat; Ranjani Koushik; Masoud Moghani; Ajay Mandlekar; Animesh Garg,2026,arXiv,,http://arxiv.org/abs/2605.19138v2,"cat:cs.RO AND all:""data quality""","cat:cs.RO AND all:""data quality"""
arXiv,2604.11251v3,CLAW: Composable Language-Annotated Whole-body Motion Generation,Jianuo Cao; Yuxin Chen; Masayoshi Tomizuka,2026,arXiv,,http://arxiv.org/abs/2604.11251v3,"cat:cs.RO AND (all:""automatic annotation"" OR all:relabeling OR all:segmentation)","cat:cs.RO AND (all:""automatic annotation"" OR all:relabeling OR all:segmentation)"
arXiv,2604.11320v1,CLASP: Closed-loop Asynchronous Spatial Perception for Open-vocabulary Desktop Object Grasping,Yiran Ling; Wenxuan Li; Siying Dong; Yize Zhang; Xiaoyao Huang; Jing Jiang; Ruonan Li; Jie Liu,2026,arXiv,,http://arxiv.org/abs/2604.11320v1,"cat:cs.RO AND all:""data engine""","cat:cs.RO AND all:""data engine"""
arXiv,2601.09163v1,CEI: A Unified Interface for Cross-Embodiment Visuomotor Policy Learning in 3D Space,Tong Wu; Shoujie Li; Junhao Gong; Changqing Guo; Xingting Li; Shilong Mu; Wenbo Ding,2026,arXiv,,http://arxiv.org/abs/2601.09163v1,"cat:cs.RO AND (all:""cross-embodiment"" OR all:""action alignment"")","cat:cs.RO AND (all:""cross-embodiment"" OR all:""action alignment"")"
arXiv,2607.04816v1,CAC-VLA: Context-Gated Action Conditioning for Vision-Language-Action Models,Yifu Xiong; Wenhao Yu; Jiaxuan Lin; Bojun Zou; Jiahao Li; Lu Zhang; Yanyong Zhang; Jianmin Ji,2026,arXiv,,http://arxiv.org/abs/2607.04816v1,"cat:cs.RO AND (all:""automatic annotation"" OR all:relabeling OR all:segmentation)","cat:cs.RO AND (all:""automatic annotation"" OR all:relabeling OR all:segmentation)"
arXiv,2606.19258v1,CABLE: Cloud-Assisted Bandwidth-efficient LMM-based Encoding for V2X Systems,Haohua Que; Zhipeng Bao; Qianyi Wu; Handong Yao,2026,arXiv,,http://arxiv.org/abs/2606.19258v1,"cat:cs.RO AND (all:""automatic annotation"" OR all:relabeling OR all:segmentation)","cat:cs.RO AND (all:""automatic annotation"" OR all:relabeling OR all:segmentation)"
arXiv,2606.27962v2,"Building a Scalable, Reproducible, Evaluatable, and Closed-Loop Simulation Environment Foundation for Embodied Intelligence",Junwu Xiong; Yongjian Guo; Mingxi Luo; Ning Qiao; Lei Kang; Song Wang; Yince Gao; Chenfeng Gu; Zhen Sun; Haoran Li; Wei Lu; Yucheng Guo; Shuai Di; Xiaodong Bai; Haoran Sun; Jing Long; Jiaxuan Gao; Hui Zhang; Peng Hao; Lu Lu,2026,arXiv,,http://arxiv.org/abs/2606.27962v2,"cat:cs.RO AND all:""data filtering""","cat:cs.RO AND all:""data filtering"""
arXiv,2604.03759v1,Build on Priors: Vision--Language--Guided Neuro-Symbolic Imitation Learning for Data-Efficient Real-World Robot Manipulation,Pierrick Lorang; Johannes Huemer; Timothy Duggan; Kai Goebel; Patrik Zips; Matthias Scheutz,2026,arXiv,,http://arxiv.org/abs/2604.03759v1,"cat:cs.RO AND (all:""data augmentation"" OR all:""synthetic demonstrations"")","cat:cs.RO AND (all:""automatic annotation"" OR all:relabeling OR all:segmentation) || cat:cs.RO AND (all:""data augmentation"" OR all:""synthetic demonstrations"")"
arXiv,2605.03637v1,Bridging the Embodiment Gap: Disentangled Cross-Embodiment Video Editing,Zhiyuan Li; Wenyan Yang; Wenshuai Zhao; Yue Ma; Yuanpeng Tu; Pekka Marttinen; Joni Pajarinen,2026,arXiv,,http://arxiv.org/abs/2605.03637v1,"cat:cs.RO AND (all:""cross-embodiment"" OR all:""action alignment"")","cat:cs.RO AND (all:""cross-embodiment"" OR all:""action alignment"")"
arXiv,2606.26603v1,Bridging Handheld and Teleoperated Supervision for Contact-Rich Manipulation via State-Gated Experts,Vidullan Surendran; Neehar Peri; David Watkins,2026,arXiv,,http://arxiv.org/abs/2606.26603v1,"cat:cs.RO AND (all:""automatic annotation"" OR all:relabeling OR all:segmentation)","cat:cs.RO AND (all:""automatic annotation"" OR all:relabeling OR all:segmentation)"
arXiv,2606.21594v1,Boundary-by-Mask: Few-Shot Instance Segmentation with Mask-Conditioned Boundary Learning for Texture-Poor Industrial Parts,Yutaka Yoshinaga; Naoya Chiba; Koichi Hashimoto,2026,arXiv,,http://arxiv.org/abs/2606.21594v1,"cat:cs.RO AND (all:""automatic annotation"" OR all:relabeling OR all:segmentation)","cat:cs.RO AND (all:""automatic annotation"" OR all:relabeling OR all:segmentation)"
arXiv,2606.27813v1,Booster Lab: A Data-Centric Pipeline for Learning Deployable Humanoid Locomotion Policies,Penghui Chen; Tinglong Zheng; Yufeng Zhang; Mingguo Zhao,2026,arXiv,,http://arxiv.org/abs/2606.27813v1,"cat:cs.RO AND all:""data curation""","cat:cs.RO AND all:""data curation"""
arXiv,2606.16902v1,Binary Tracking for Spatial QA and Navigation with Open Vision-Language Models,Dongbin Na; Chanwoo Kim; Soonbin Rho; Giyun Choi; Gangbok Lee; Dooyoung Hong,2026,arXiv,,http://arxiv.org/abs/2606.16902v1,"cat:cs.RO AND (all:""automatic annotation"" OR all:relabeling OR all:segmentation)","cat:cs.RO AND (all:""automatic annotation"" OR all:relabeling OR all:segmentation)"
arXiv,2606.23531v4,BiliVLA: Scene-Aware Vision-Language-Action Model with Reinforcement Learning for Autonomous Biliary Endoscopic Navigation,Jinsong Lin; Chi Kit Ng; Zhiyong Xiong; Zikang Pan; Yihan Hu; Tabassum Tamima; Ziyi Hao; Eddie Cheung; Jiewen Lai; Huxin Gao; Hongliang Ren,2026,arXiv,,http://arxiv.org/abs/2606.23531v4,"cat:cs.RO AND (all:""cross-embodiment"" OR all:""action alignment"")","cat:cs.RO AND (all:""cross-embodiment"" OR all:""action alignment"")"
arXiv,2606.25829v1,Beyond a Shadow of a Doubt: Close Proximity Geometry Reconstruction Using FMCW Radar Shadow Effects,Felix de Trogoff du Boisguezennec; Benjamin Ramtoula; Daniele De Martini,2026,arXiv,,http://arxiv.org/abs/2606.25829v1,"cat:cs.RO AND (all:""automatic annotation"" OR all:relabeling OR all:segmentation)","cat:cs.RO AND (all:""automatic annotation"" OR all:relabeling OR all:segmentation)"
arXiv,2605.19420v1,Beyond Waypoints: Dual-Heatmap Grounding for Cross-Embodiment Semantic Navigation,Kaijie Yun; Yue Chen,2026,arXiv,,http://arxiv.org/abs/2605.19420v1,"cat:cs.RO AND (all:""cross-embodiment"" OR all:""action alignment"")","cat:cs.RO AND (all:""cross-embodiment"" OR all:""action alignment"")"
arXiv,2606.24633v2,Beyond Monotonic Progress: Retry-Supervised Value Learning for Robot Imitation,Xinyao Qin; Junjie Lu; Kaixin Wang; Chuheng Zhang; Sinjae Kang; Kimin Lee; Min Xu; Bin Liang; Jun Yang; Li Zhao,2026,arXiv,,http://arxiv.org/abs/2606.24633v2,"cat:cs.RO AND (all:""automatic annotation"" OR all:relabeling OR all:segmentation)","cat:cs.RO AND (all:""automatic annotation"" OR all:relabeling OR all:segmentation)"
arXiv,2605.09441v1,Beyond Isolation: A Unified Benchmark for General-Purpose Navigation,Samson Sun; Tianyi Yang; Tengyue Wang; Yikai Xue; Zhengjie Xu; Lingming Zhang; Qichen Zhang; Chao Liang; Zhipeng Zhang,2026,arXiv,,http://arxiv.org/abs/2605.09441v1,"cat:cs.RO AND (all:""cross-embodiment"" OR all:""action alignment"")","cat:cs.RO AND (all:""cross-embodiment"" OR all:""action alignment"")"
arXiv,2607.05348v1,Beyond Isolated Objects: Relationship-aware Open Vocabulary Scene Understanding via 3D Scene Graph Analysis,Xianhao Chen; Jiarui Hu; Yuanbo Yang; Xiyu Zhang; Tengyue Wang; Hujun Bao; Guofeng Zhang; Zhaopeng Cui,2026,arXiv,,http://arxiv.org/abs/2607.05348v1,"cat:cs.RO AND (all:""automatic annotation"" OR all:relabeling OR all:segmentation)","cat:cs.RO AND (all:""automatic annotation"" OR all:relabeling OR all:segmentation)"
arXiv,2606.00318v1,Belief Consistency Between Foundation-Model Evidence and Geometric Perception in Persistent Robotic Maps,Christoffer Heckman; Harel Biggie; Brendan Crowe; Nicholas Roy,2026,arXiv,,http://arxiv.org/abs/2606.00318v1,"cat:cs.RO AND (all:""automatic annotation"" OR all:relabeling OR all:segmentation)","cat:cs.RO AND (all:""automatic annotation"" OR all:relabeling OR all:segmentation)"
arXiv,2601.12993v1,Being-H0.5: Scaling Human-Centric Robot Learning for Cross-Embodiment Generalization,Hao Luo; Ye Wang; Wanpeng Zhang; Sipeng Zheng; Ziheng Xi; Chaoyi Xu; Haiweng Xu; Haoqi Yuan; Chi Zhang; Yiqing Wang; Yicheng Feng; Zongqing Lu,2026,arXiv,,http://arxiv.org/abs/2601.12993v1,"cat:cs.RO AND (all:""cross-embodiment"" OR all:""action alignment"")","cat:cs.RO AND (all:""cross-embodiment"" OR all:""action alignment"")"
arXiv,2606.29201v1,Behavior Uncloning: Distilling Mode Redirection into Policy Weights without Inference-Time Steering,Hao Wang; Jiuzhou Lei; Dayou Li; Bangya Liu; Minghui Zheng; Manling Li; Ruohan Zhang; Zhiwen Fan,2026,arXiv,,http://arxiv.org/abs/2606.29201v1,"cat:cs.RO AND all:""data curation""","cat:cs.RO AND all:""data curation"""
arXiv,2607.07370v2,Behavior Foundations for Quadruped Robots: ABot-C0 Technical Report,Xufeng Zhao; Fuzhi Yang; Jianhui Chen; Li Gao; Zhang Meng; Jie Gao; Yao Zheng; Congyang Zhao; Tianxiong Lv; Menglin Yang; Minqi Gu; Yaru Zhao; Wenyu Liu; Honglin Han; Shihui Su; Zixiao Tang; Liu Liu; Mu Xu; Yang Cai; Wenbin Tang,2026,arXiv,,http://arxiv.org/abs/2607.07370v2,"cat:cs.RO AND (all:""cross-embodiment"" OR all:""action alignment"")","cat:cs.RO AND (all:""cross-embodiment"" OR all:""action alignment"")"
arXiv,2605.22816v1,AwareVLN: Reasoning with Self-awareness for Vision-Language Navigation,Wenxuan Guo; Xiuwei Xu; Yichen Liu; Xiangyu Li; Hang Yin; Huangxing Chen; Wenzhao Zheng; Jianjiang Feng; Jie Zhou; Jiwen Lu,2026,arXiv,,http://arxiv.org/abs/2605.22816v1,"cat:cs.RO AND all:""data engine""","cat:cs.RO AND all:""data engine"""
DBLP,102570,Autonomous Data Collection via Model-Free Reinforcement Learning Enables Control of Magnetic Soft Robots,Zakir Ullah; Dong Wang 0049; Jinqiang Wang; Zixiao Zhu; Qing Xia; Peter B. Shull,2026,Robotics Auton. Syst.,10.1016/J.ROBOT.2026.105464,https://doi.org/10.1016/j.robot.2026.105464,robot autonomous data collection,robot autonomous data collection
arXiv,2605.13548v3,AttenA+: Rectifying Action Inequality in Robotic Foundation Models,Daojie Peng; Fulong Ma; Jiahang Cao; Qiang Zhang; Xupeng Xie; Jian Guo; Ping Luo; Andrew F. Luo; Boyu Zhou; Jun Ma,2026,arXiv,,http://arxiv.org/abs/2605.13548v3,"cat:cs.RO AND (all:""automatic annotation"" OR all:relabeling OR all:segmentation)","cat:cs.RO AND (all:""automatic annotation"" OR all:relabeling OR all:segmentation)"
arXiv,2607.10655v1,Artificial Foveated Perception for Mitigating Shortcut Learning in Robotic Foundation Models,Xiatao Sun; Yuan Zhuang; Mateo Sanchez Lopez Negrete; Matei-Victor Coldea; Chen Liang; Haoyang Zhang; Che Liu; Ziyao Zeng; Shawn Li; Qian Wang; Fei Miao; Daniel Rakita,2026,arXiv,,http://arxiv.org/abs/2607.10655v1,"cat:cs.RO AND (all:""cross-embodiment"" OR all:""action alignment"")","cat:cs.RO AND (all:""cross-embodiment"" OR all:""action alignment"")"
arXiv,2607.27749v1,Articulated Object Reconstruction from Rest-State Observation,Daeun Lee; Jaeah Lee; Woosung Kim; Haebeom Jung; Jaesik Park,2026,arXiv,,http://arxiv.org/abs/2607.27749v1,"cat:cs.RO AND (all:""automatic annotation"" OR all:relabeling OR all:segmentation)","cat:cs.RO AND (all:""automatic annotation"" OR all:relabeling OR all:segmentation)"
arXiv,2607.27627v1,Arm2Air: Cross-Embodiment Skeleton Transfer for 3D Relay Formation,Dohun Lee; Kyeonghyun Yoo; Seokmin Kim; Byongho Lee; Seungjoo Oh; Hwangnam Kim,2026,arXiv,,http://arxiv.org/abs/2607.27627v1,"cat:cs.RO AND (all:""cross-embodiment"" OR all:""action alignment"")","cat:cs.RO AND (all:""cross-embodiment"" OR all:""action alignment"")"
arXiv,2601.00237v2,Application Research of a Deep Learning Model Integrating CycleGAN and YOLO in PCB Infrared Defect Detection,Chao Yang; Haoyuan Zheng; Yue Ma,2026,arXiv,,http://arxiv.org/abs/2601.00237v2,"cat:cs.RO AND (all:""data augmentation"" OR all:""synthetic demonstrations"")","cat:cs.RO AND (all:""data augmentation"" OR all:""synthetic demonstrations"")"
arXiv,2603.05868v1,AnyCamVLA: Zero-Shot Camera Adaptation for Viewpoint Robust Vision-Language-Action Models,Hyeongjun Heo; Seungyeon Woo; Sang Min Kim; Junho Kim; Junho Lee; Yonghyeon Lee; Young Min Kim,2026,arXiv,,http://arxiv.org/abs/2603.05868v1,"cat:cs.RO AND (all:""data augmentation"" OR all:""synthetic demonstrations"")","cat:cs.RO AND (all:""data augmentation"" OR all:""synthetic demonstrations"")"
arXiv,2605.23733v3,Any2Any: Efficient Cross-Embodiment Transfer for Humanoid Whole-Body Tracking,Ming Yang; Tao Yu; Feng Li; Hua Chen,2026,arXiv,,http://arxiv.org/abs/2605.23733v3,"cat:cs.RO AND (all:""cross-embodiment"" OR all:""action alignment"")","cat:cs.RO AND (all:""cross-embodiment"" OR all:""action alignment"")"
arXiv,2606.17446v1,AnnotateAnything: Automatic Annotation of 3D Assets for Robot Manipulation,Haoran Lu; Mutian Shen; Shuyang Yu; Yu Xiao; Songling Liu; Jianshu Zhang; Shang Wu; Yue Chen; Guo Ye; Jiayi Wang; Zhaoran Wang; Han Liu,2026,arXiv,,http://arxiv.org/abs/2606.17446v1,"cat:cs.RO AND (all:""automatic annotation"" OR all:relabeling OR all:segmentation)","cat:cs.RO AND (all:""automatic annotation"" OR all:relabeling OR all:segmentation)"
arXiv,2607.03182v1,AnchorVLA: Bridging Discrete Decisions and Continuous Trajectories for Vision-Language-Action Planning,Qi Liu; Yabei Li; Hongsong Wang; Heng Zhang; Lei He,2026,arXiv,,http://arxiv.org/abs/2607.03182v1,"cat:cs.RO AND (all:""cross-embodiment"" OR all:""action alignment"")","cat:cs.RO AND (all:""cross-embodiment"" OR all:""action alignment"")"
arXiv,2607.12181v1,Analysis of Mutual and Referential Human and Robot Gazes in a Collaborative Word Association Game,Jens V. Rüppel; Tim Schreiter; Andrey Rudenko; Achim J. Lilienthal,2026,arXiv,,http://arxiv.org/abs/2607.12181v1,"cat:cs.RO AND (all:""automatic annotation"" OR all:relabeling OR all:segmentation)","cat:cs.RO AND (all:""automatic annotation"" OR all:relabeling OR all:segmentation)"
arXiv,2607.13605v1,An Empirical Study on Stage-Information Interfaces for VLA Fine-Tuning,Yingwei Ji,2026,arXiv,,http://arxiv.org/abs/2607.13605v1,"cat:cs.RO AND (all:""automatic annotation"" OR all:relabeling OR all:segmentation)","cat:cs.RO AND (all:""automatic annotation"" OR all:relabeling OR all:segmentation)"
arXiv,2605.01544v1,An Efficient Metric for Data Quality Measurement in Imitation Learning,Noushad Sojib; Momotaz Begum,2026,arXiv,,http://arxiv.org/abs/2605.01544v1,"cat:cs.RO AND all:""data curation""","cat:cs.RO AND all:""data curation"" || cat:cs.RO AND all:""data quality"""
arXiv,2606.12365v1,Ambient Diffusion Policy: Imitation Learning from Suboptimal Data in Robotics,Adam Wei; Nicholas Pfaff; Thomas Cohn; Arif Kerem Dayı; Constantinos Daskalakis; Giannis Daras; Russ Tedrake,2026,arXiv,,http://arxiv.org/abs/2606.12365v1,"cat:cs.RO AND all:""data quality""","cat:cs.RO AND all:""data quality"""
arXiv,2601.01762v3,AlignDrive: Aligned Lateral-Longitudinal Planning for End-to-End Autonomous Driving,Yanhao Wu; Haoyang Zhang; Fei He; Rui Wu; Yanhu Shan; Congpei Qiu; Liang Gao; Wei Ke; Tong Zhang,2026,arXiv,,http://arxiv.org/abs/2601.01762v3,"cat:cs.RO AND (all:""data augmentation"" OR all:""synthetic demonstrations"")","cat:cs.RO AND (all:""data augmentation"" OR all:""synthetic demonstrations"")"
arXiv,2606.10903v1,AgniNav: Configuration-Driven Cross-Embodiment Local Planning for Robot Navigation,Tianhao Zang; Siwei Cheng; Haidong Huang; Shanze Wang; Wei Zhang,2026,arXiv,,http://arxiv.org/abs/2606.10903v1,"cat:cs.RO AND (all:""cross-embodiment"" OR all:""action alignment"")","cat:cs.RO AND (all:""cross-embodiment"" OR all:""action alignment"")"
arXiv,2606.03963v3,AgenticRL: Self-Refining Agentic Reinforcement Learning for Vision-Conditioned UAV Navigation,Roohan Ahmed Khan; Yasheerah Yaqoot; Amir Atef Habel; Muhammad Ahsan Mustafa; Dzmitry Tsetserukou,2026,arXiv,,http://arxiv.org/abs/2606.03963v3,"cat:cs.RO AND (all:""self-improvement"" OR all:""online post-training"")","cat:cs.RO AND (all:""self-improvement"" OR all:""online post-training"")"
arXiv,2607.08857v2,AgenticFocus: Object-Preserving Mixed Reality Synthesis from Human FPV Video for Dexterous Humanoid Learning,Iaroslav Kolomiets; Miguel Altamirano Cabrera; Artem Lykov; Jeffrin Sam; Dmitrii Iarchuk; Yara Mahmoud; Daniia Zinniatullina; Mikhail Konenkov; Dzmitry Tsetserukou,2026,arXiv,,http://arxiv.org/abs/2607.08857v2,"cat:cs.RO AND (all:""cross-embodiment"" OR all:""action alignment"")","cat:cs.RO AND (all:""cross-embodiment"" OR all:""action alignment"")"
arXiv,2605.25901v1,AgentGrounder: Zero-Shot 3D Visual Pointcloud Grounding using Multimodal Language Models,Cuong Huynh; Maxim Popov; Denis Gridusov; Sergey Kolyubin,2026,arXiv,,http://arxiv.org/abs/2605.25901v1,"cat:cs.RO AND (all:""automatic annotation"" OR all:relabeling OR all:segmentation)","cat:cs.RO AND (all:""automatic annotation"" OR all:relabeling OR all:segmentation)"
arXiv,2606.06155v1,AffordanceVLA: A Vision-Language-Action Model Empowering Action Generation through Affordance-Aware Understanding,Qize Yu; Jiadi You; Yuran Wang; Jiaqi Liang; Bowen Ping; Yang Tian; Yue Chen; Minghong Cai; Zeying Gong; Ruihai Wu; Yinchuan Li; Junwei Liang; Yingcong Chen,2026,arXiv,,http://arxiv.org/abs/2606.06155v1,"cat:cs.RO AND (all:""data augmentation"" OR all:""synthetic demonstrations"")","cat:cs.RO AND (all:""data augmentation"" OR all:""synthetic demonstrations"")"
arXiv,2606.04172v1,Affordance2Action: Task-Conditioned Scene-level Affordance Grounding for Real-Time Manipulation,Litao Liu; Yifan Han; Pengfei Yi; Wenbo Yu; Hanqing Wang; Haoran Du; Enze Yuan; Zilin Yuan; Ruiding Feng; Michael Liu; Qi Zhang; Jingjin Yu,2026,arXiv,,http://arxiv.org/abs/2606.04172v1,"cat:cs.RO AND (all:""automatic annotation"" OR all:relabeling OR all:segmentation)","cat:cs.RO AND (all:""automatic annotation"" OR all:relabeling OR all:segmentation)"
arXiv,2602.12065v1,Affordance-Graphed Task Worlds: Self-Evolving Task Generation for Scalable Embodied Learning,Xiang Liu; Sen Cui; Guocai Yao; Zhong Cao; Jingheng Ma; Min Zhang; Changshui Zhang,2026,arXiv,,http://arxiv.org/abs/2602.12065v1,"cat:cs.RO AND (all:""self-improvement"" OR all:""online post-training"")","cat:cs.RO AND (all:""self-improvement"" OR all:""online post-training"")"
arXiv,2605.00663v2,Affordance Agent Harness: Verification-Gated Skill Orchestration,Haojian Huang; Jiahao Shi; Yinchuan Li; Yingcong Chen,2026,arXiv,,http://arxiv.org/abs/2605.00663v2,"cat:cs.RO AND (all:""automatic annotation"" OR all:relabeling OR all:segmentation)","cat:cs.RO AND (all:""automatic annotation"" OR all:relabeling OR all:segmentation)"
arXiv,2605.24203v1,Afford-VLA: Action-Aligned Visual Planning via Internalized Affordance,Runze Wang; Yuqian Fu; Yu Li; Tao Lin; Tianwen Qian; Mohamed Elhoseiny; Bo Zhao; Yanwei Fu; Yu-Gang Jiang; Xiangyang Xue,2026,arXiv,,http://arxiv.org/abs/2605.24203v1,"cat:cs.RO AND (all:""cross-embodiment"" OR all:""action alignment"")","cat:cs.RO AND (all:""cross-embodiment"" OR all:""action alignment"")"
arXiv,2603.26466v1,Adapt as You Say: Online Interactive Bimanual Skill Adaptation via Human Language Feedback,Zhuo Li; Dianxi Li; Tao Teng; Quentin Rouxel; Zhipeng Dong; Dennis Hong; Darwin Caldwell; Fei Chen,2026,arXiv,,http://arxiv.org/abs/2603.26466v1,"cat:cs.RO AND (all:""cross-embodiment"" OR all:""action alignment"")","cat:cs.RO AND (all:""cross-embodiment"" OR all:""action alignment"")"
arXiv,2604.20305v1,AdaTracker: Learning Adaptive In-Context Policy for Cross-Embodiment Active Visual Tracking,Kui Wu; Hao Chen; Jinzhu Han; Haijun Liu; Churan Wang; Yizhou Wang; Zhoujun Li; Si Liu; Fangwei Zhong,2026,arXiv,,http://arxiv.org/abs/2604.20305v1,"cat:cs.RO AND (all:""cross-embodiment"" OR all:""action alignment"")","cat:cs.RO AND (all:""cross-embodiment"" OR all:""action alignment"")"
arXiv,2605.28362v1,Accelerating Robot Path Planning via Connectivity-Preserving Region Proposal Network,Zhanzheng Ma; Cancan Zhao; Shuai Zhang; Bo Ouyang,2026,arXiv,,http://arxiv.org/abs/2605.28362v1,"cat:cs.RO AND (all:""automatic annotation"" OR all:relabeling OR all:segmentation)","cat:cs.RO AND (all:""automatic annotation"" OR all:relabeling OR all:segmentation)"
arXiv,2607.21588v1,AXIS: A Growable Community-Driven Data Engine for Scalable Robot Manipulation,Mengfei Zhao; Dihong Huang; Yikai Tang; Peihao Li; Mingxuan Yan; Ruiqi Zhuang; Yanjia Huang; Jie Wang; Hai Zhai; Tony Zhou; Rui Zhang; Zhexi Luo; Yuchen Huang; Jianfei Yang; Jiachen Li,2026,arXiv,,http://arxiv.org/abs/2607.21588v1,"cat:cs.RO AND all:""data engine""","cat:cs.RO AND all:""data engine"""
arXiv,2604.22715v1,ATRS: Adaptive Trajectory Re-splitting via a Shared Neural Policy for Parallel Optimization,Jiajun Yu; Guodong Liu; Li Wang; Pengxiang Zhou; Wentao Liu; Yin He; Chao Xu; Fei Gao; Yanjun Cao,2026,arXiv,,http://arxiv.org/abs/2604.22715v1,"cat:cs.RO AND (all:""automatic annotation"" OR all:relabeling OR all:segmentation)","cat:cs.RO AND (all:""automatic annotation"" OR all:relabeling OR all:segmentation)"
arXiv,2605.17123v1,ATRACT: A Trustworthy Robotic Autonomous system to support Casualty Triage,Tasweer Ahmad; Rafael Pina; Sandip Pradhan; Arindam Sikdar; Mindula Illeperuma; Khizer Saeed; Peter Lee; Varuna De Silva; Ardhendu Behera,2026,arXiv,,http://arxiv.org/abs/2605.17123v1,"cat:cs.RO AND (all:""data augmentation"" OR all:""synthetic demonstrations"")","cat:cs.RO AND (all:""data augmentation"" OR all:""synthetic demonstrations"")"
arXiv,2604.26637v1,ATLAS: An Annotation Tool for Long-horizon Robotic Action Segmentation,Sergej Stanovcic; Daniel Sliwowski; Dongheui Lee,2026,arXiv,,http://arxiv.org/abs/2604.26637v1,"cat:cs.RO AND (all:""automatic annotation"" OR all:relabeling OR all:segmentation)","cat:cs.RO AND (all:""automatic annotation"" OR all:relabeling OR all:segmentation)"
DBLP,290090,ATHENA: Accelerated Multi-Task Heterogeneous Influence Functions for Robot Data Curation,Tao Xu; Jiaxin Wang; Runhao Zhang; Jiayi Guan; Xianchao Zeng; Weixi Song; Xinyu Zhou; Zhetao Chen; Guang Chen; Yong-Lu Li 0001,2026,CoRR,10.48550/ARXIV.2606.16208,https://doi.org/10.48550/arXiv.2606.16208,robot data curation,"cat:cs.RO AND all:""data curation"" || robot data curation"
arXiv,2605.11119v1,ASIP-Planner: Adaptive Planning for UAV Surface Inspection in Partially Known Indoor Environments,Hanyu Jin; Zhefan Xu; Haoyu Shen; Xinming Han; Kanlong Ye; Kenji Shimada,2026,arXiv,,http://arxiv.org/abs/2605.11119v1,"cat:cs.RO AND (all:""automatic annotation"" OR all:relabeling OR all:segmentation)","cat:cs.RO AND (all:""automatic annotation"" OR all:relabeling OR all:segmentation)"
arXiv,2606.22480v1,ARP: Enhancing Quantized Skill Abstractions via Visual Alignment and Iterative Refinement for Robotic Manipulation,Yuntian Wang; Zesheng Jia; Yuhui Duan; Qibing Wang; Yang Liu; Song Wang; Siao Liu; Jin Wang,2026,arXiv,,http://arxiv.org/abs/2606.22480v1,"cat:cs.RO AND (all:""cross-embodiment"" OR all:""action alignment"")","cat:cs.RO AND (all:""cross-embodiment"" OR all:""action alignment"")"
arXiv,2606.02551v1,AFUN: Towards an Affordance Foundation Model for Functionality Understanding,Zhaoning Wang; Yi Zhong; Jiawei Fu; Henrik I. Christensen; Jun Gao,2026,arXiv,,http://arxiv.org/abs/2606.02551v1,"cat:cs.RO AND (all:""automatic annotation"" OR all:relabeling OR all:segmentation)","cat:cs.RO AND (all:""automatic annotation"" OR all:relabeling OR all:segmentation)"
arXiv,2603.03198v1,ACE-Brain-0: Spatial Intelligence as a Shared Scaffold for Universal Embodiments,Ziyang Gong; Zehang Luo; Anke Tang; Zhe Liu; Shi Fu; Zhi Hou; Ganlin Yang; Weiyun Wang; Xiaofeng Wang; Jianbo Liu; Gen Luo; Haolan Kang; Shuang Luo; Yue Zhou; Yong Luo; Li Shen; Xiaosong Jia; Yao Mu; Xue Yang; Chunxiao Liu; Junchi Yan; Hengshuang Zhao; Dacheng Tao; Xiaogang Wang,2026,arXiv,,http://arxiv.org/abs/2603.03198v1,"cat:cs.RO AND (all:""cross-embodiment"" OR all:""action alignment"")","cat:cs.RO AND (all:""cross-embodiment"" OR all:""action alignment"")"
arXiv,2607.04426v1,ACE-Brain-0.5: A Unified Embodied Foundational Model for Physical Agentic AI,ACE-Brain Team; :; Ziyang Gong; Haoming Gu; Zehang Luo; Tianyi Zhang; Tao Tao; Yixiao Chi; Zhe Liu; Lingsi Zhu; Jingyuan Liu; Anke Tang; Songze Li; Yilun Kong; Ningjing Liu; Tianyu Zhu; Yunpeng Qing; Shuang Luo; Xiang Liu; Shi Fu; Dawei Nie; Sixiang Liu; Zhexi Wen; Feng Pan; Xiaofeng Wang; Zhi Hou; Chunxiao Liu; Xue Yang; Junchi Yan; Hengshuang Zhao; Dacheng Tao; Xiaogang Wang,2026,arXiv,,http://arxiv.org/abs/2607.04426v1,"cat:cs.RO AND (all:""self-improvement"" OR all:""online post-training"")","cat:cs.RO AND (all:""self-improvement"" OR all:""online post-training"")"
arXiv,2603.23376v2,ABot-PhysWorld: Interactive World Foundation Model for Robotic Manipulation with Physics Alignment,Yuzhi Chen; Ronghan Chen; Dongjie Huo; Yandan Yang; Dekang Qi; Haoyun Liu; Tong Lin; Shuang Zeng; Junjin Xiao; Xinyuan Chang; Feng Xiong; Xing Wei; Zhiheng Ma; Mu Xu,2026,arXiv,,http://arxiv.org/abs/2603.23376v2,"cat:cs.RO AND (all:""cross-embodiment"" OR all:""action alignment"")","cat:cs.RO AND (all:""cross-embodiment"" OR all:""action alignment"")"
arXiv,2602.11598v1,ABot-N0: Technical Report on the VLA Foundation Model for Versatile Embodied Navigation,Zedong Chu; Shichao Xie; Xiaolong Wu; Yanfen Shen; Minghua Luo; Zhengbo Wang; Fei Liu; Xiaoxu Leng; Junjun Hu; Mingyang Yin; Jia Lu; Yingnan Guo; Kai Yang; Jiawei Han; Xu Chen; Yanqing Zhu; Yuxiang Zhao; Xin Liu; Yirong Yang; Ye He; Jiahang Wang; Yang Cai; Tianlin Zhang; Li Gao; Liu Liu; Mingchao Sun; Fan Jiang; Chiyu Wang; Zhicheng Liu; Hongyu Pan; Honglin Han; Zhining Gu; Kuan Yang; Jianfang Zhang; Di Jing; Zihao Guan; Wei Guo; Guoqing Liu; Di Yang; Xiangpo Yang; Menglin Yang; Hongguang Xing; Weiguo Li; Mu Xu,2026,arXiv,,http://arxiv.org/abs/2602.11598v1,"cat:cs.RO AND all:""data engine""","cat:cs.RO AND all:""data engine"""
arXiv,2602.11236v2,ABot-M0: VLA Foundation Model for Robotic Manipulation with Action Manifold Learning,Yandan Yang; Shuang Zeng; Tong Lin; Xinyuan Chang; Dekang Qi; Junjin Xiao; Haoyun Liu; Ronghan Chen; Yuzhi Chen; Dongjie Huo; Feng Xiong; Xing Wei; Zhiheng Ma; Mu Xu,2026,arXiv,,http://arxiv.org/abs/2602.11236v2,"cat:cs.RO AND all:""data curation""","cat:cs.RO AND all:""data curation"""
arXiv,2607.10350v3,ABot-AgentOS: A General Robotic Agent OS with Lifelong Multi-modal Memory,Jiayi Tian; Shiao Liu; Yuting Xu; Jia Lu; Zihao Guan; Honglin Han; Di Yang; Minqi Gu; Yifei Qian; Tianlin Zhang; Yanqing Zhu; Zeqian Ye; Menglin Yang; Fei Wang; Xu Hu; Xiuxian Li; Wei Zhang; Shihui Su; Yiyan Ji; Jingbo Wang; Ziteng Feng; Jiaheng Liu; Zhaoxiang Zhang; Xiaolong Wu; Zixiao Tang; Zhining Gu; Yang Cai; Linbo Zheng; Jingjing Ma; Mingyang Yin; Zedong Chu; Wenbin Tang; Mu Xu,2026,arXiv,,http://arxiv.org/abs/2607.10350v3,"cat:cs.RO AND (all:""cross-embodiment"" OR all:""action alignment"")","cat:cs.RO AND (all:""cross-embodiment"" OR all:""action alignment"")"
arXiv,2604.02256v1,A virtual-variable-length method for robust inverse kinematics of multi-segment continuum robots,Weiting Feng; Federico Renda; Yunjie Yang; Francesco Giorgio-Serchi,2026,arXiv,,http://arxiv.org/abs/2604.02256v1,"cat:cs.RO AND (all:""automatic annotation"" OR all:relabeling OR all:segmentation)","cat:cs.RO AND (all:""automatic annotation"" OR all:relabeling OR all:segmentation)"
arXiv,2607.20748v1,"A real-time RGB-D perception pipeline for autonomous impact hammers in mining: self-filtering, rock segmentation and rock-breaking poses generation",Martín Gallegos; Francisco Leiva; Patricio Loncomilla; Michelle Cortés; Javier Ruiz-del-Solar,2026,arXiv,,http://arxiv.org/abs/2607.20748v1,"cat:cs.RO AND (all:""automatic annotation"" OR all:relabeling OR all:segmentation)","cat:cs.RO AND (all:""automatic annotation"" OR all:relabeling OR all:segmentation)"
arXiv,2606.00470v1,A passive universal grasping mechanism based on an everting shell,Mythra V. S. Balakuntala; Safvan Palathingal; G. K. Ananthasuresh,2026,arXiv,,http://arxiv.org/abs/2606.00470v1,"cat:cs.RO AND (all:""automatic annotation"" OR all:relabeling OR all:segmentation)","cat:cs.RO AND (all:""automatic annotation"" OR all:relabeling OR all:segmentation)"
arXiv,2604.14635v1,A multi-platform LiDAR dataset for standardized forest inventory measurement at long term ecological monitoring sites,Michael R. Chang; Anna Candotti; Karl von Ellenrieder; Enrico Tomelleri; Marco Camurri,2026,arXiv,,http://arxiv.org/abs/2604.14635v1,"cat:cs.RO AND (all:""automatic annotation"" OR all:relabeling OR all:segmentation)","cat:cs.RO AND (all:""automatic annotation"" OR all:relabeling OR all:segmentation)"
arXiv,2607.03621v1,A Vision Based System for Guided and Collaborative Reconstruction of Fragmented Documents,Oliver Krumpek; Diana Leo,2026,arXiv,,http://arxiv.org/abs/2607.03621v1,"cat:cs.RO AND (all:""automatic annotation"" OR all:relabeling OR all:segmentation)","cat:cs.RO AND (all:""automatic annotation"" OR all:relabeling OR all:segmentation)"
arXiv,2602.01067v1,A Systematic Study of Data Modalities and Strategies for Co-training Large Behavior Models for Robot Manipulation,Fanqi Lin; Kushal Arora; Jean Mercat; Haruki Nishimura; Paarth Shah; Chen Xu; Mengchao Zhang; Mark Zolotas; Maya Angeles; Owen Pfannenstiehl; Andrew Beaulieu; Jose Barreiros,2026,arXiv,,http://arxiv.org/abs/2602.01067v1,"cat:cs.RO AND (all:""cross-embodiment"" OR all:""action alignment"")","cat:cs.RO AND (all:""cross-embodiment"" OR all:""action alignment"")"
arXiv,2601.06133v2,A Review of Online Diffusion Policy RL Algorithms for Scalable Robotic Control,Wonhyeok Choi; Shutong Ding; Minwoo Choi; Jungwan Woo; Kyumin Hwang; Jaeyeul Kim; Ye Shi; Sunghoon Im,2026,arXiv,,http://arxiv.org/abs/2601.06133v2,"cat:cs.RO AND (all:""cross-embodiment"" OR all:""action alignment"")","cat:cs.RO AND (all:""cross-embodiment"" OR all:""action alignment"")"
arXiv,2607.04689v1,A Reliable Context-Aware and Temporal Planning Framework for Autonomous Driving,Argho Dey; Yunfei Yin; Swachha Ray; Md Minhazul Islam; Zheng Yuan; Sijing Xiong; Hongyu Liu; Zhiqiu Huang,2026,arXiv,,http://arxiv.org/abs/2607.04689v1,"cat:cs.RO AND (all:""automatic annotation"" OR all:relabeling OR all:segmentation)","cat:cs.RO AND (all:""automatic annotation"" OR all:relabeling OR all:segmentation)"
arXiv,2604.17258v1,A Rapid Deployment Pipeline for Autonomous Humanoid Grasping Based on Foundation Models,Yifei Yan; Yankai Liao; Linqi Ye,2026,arXiv,,http://arxiv.org/abs/2604.17258v1,"cat:cs.RO AND (all:""automatic annotation"" OR all:relabeling OR all:segmentation)","cat:cs.RO AND (all:""automatic annotation"" OR all:relabeling OR all:segmentation)"
arXiv,2605.01232v1,A Principled Approach for Creating High-fidelity Synthetic Demonstrations for Imitation Learning,Moniruzzaman Akash; Momotaz Begum,2026,arXiv,,http://arxiv.org/abs/2605.01232v1,"cat:cs.RO AND (all:""data augmentation"" OR all:""synthetic demonstrations"")","cat:cs.RO AND (all:""data augmentation"" OR all:""synthetic demonstrations"")"
arXiv,2606.05236v1,A New Quaternion-Joint Cable-Driven Redundant Manipulator Configuration and its Control Through FABRIK and Residual Reinforcement Learning,Tanapath Pornthisan; Thanapat Kemthong; Thanyapisit Kangsathien; Pasut Aranchaiya; Paulo Garcia; Viboon Sangveraphunsiri,2026,arXiv,,http://arxiv.org/abs/2606.05236v1,"cat:cs.RO AND (all:""automatic annotation"" OR all:relabeling OR all:segmentation)","cat:cs.RO AND (all:""automatic annotation"" OR all:relabeling OR all:segmentation)"
arXiv,2606.11419v1,A Modular Dual-Camera Pipeline for Micro-Inspection Using Aerial Robots,S. H. Mirtajadini; N. Rublein; R. M. Ramakrishnan; G. ter Maat; M. Aldibaja; A. Y. Mersha,2026,arXiv,,http://arxiv.org/abs/2606.11419v1,"cat:cs.RO AND (all:""automatic annotation"" OR all:relabeling OR all:segmentation)","cat:cs.RO AND (all:""automatic annotation"" OR all:relabeling OR all:segmentation)"
arXiv,2607.15582v1,A Model-Based Decoupling Strategy for Proprioception and Contact Sensing in an Architected Soft Manipulator,Francesco Stella; Annan Zhang; Cosimo Della Santina; Josie Hughes; Daniela Rus,2026,arXiv,,http://arxiv.org/abs/2607.15582v1,"cat:cs.RO AND (all:""automatic annotation"" OR all:relabeling OR all:segmentation)","cat:cs.RO AND (all:""automatic annotation"" OR all:relabeling OR all:segmentation)"
arXiv,2604.10356v1,A Minimal Mathematical Model for Conducting Patterns,Tom Verhoeff,2026,arXiv,,http://arxiv.org/abs/2604.10356v1,"cat:cs.RO AND (all:""automatic annotation"" OR all:relabeling OR all:segmentation)","cat:cs.RO AND (all:""automatic annotation"" OR all:relabeling OR all:segmentation)"
arXiv,2604.13645v1,A Mechanistic Analysis of Sim-and-Real Co-Training in Generative Robot Policies,Yu Lei; Minghuan Liu; Abhiram Maddukuri; Zhenyu Jiang; Yuke Zhu,2026,arXiv,,http://arxiv.org/abs/2604.13645v1,"cat:cs.RO AND (all:""cross-embodiment"" OR all:""action alignment"")","cat:cs.RO AND (all:""cross-embodiment"" OR all:""action alignment"")"
arXiv,2604.10241v1,A Coordinate-Invariant Local Representation of Motion and Force Trajectories for Identification and Generalization Across Coordinate Systems,Arno Verduyn; Erwin Aertbeliën; Maxim Vochten; Joris De Schutter,2026,arXiv,,http://arxiv.org/abs/2604.10241v1,"cat:cs.RO AND (all:""automatic annotation"" OR all:relabeling OR all:segmentation)","cat:cs.RO AND (all:""automatic annotation"" OR all:relabeling OR all:segmentation)"
arXiv,2607.06740v1,A Continual Learning Framework for Adaptive Control of Modular Soft Robots,Nilay Kushawaha; Muhammad Sunny Nazeer; Baljinder Singh Bal; Cecilia Laschi; Egidio Falotico,2026,arXiv,,http://arxiv.org/abs/2607.06740v1,"cat:cs.RO AND (all:""automatic annotation"" OR all:relabeling OR all:segmentation)","cat:cs.RO AND (all:""automatic annotation"" OR all:relabeling OR all:segmentation)"
arXiv,2606.15434v1,A Bilateral Teleoperation Framework for Dexterous Manipulation,Stefano Dalla Gasperina; Dong Ho Kang; Haiyun Zhang; Aldo Galvan; Job D. Ramirez; Aaron Kim; Mark Helwig; Kazuto Yokoyama; Takahisa Ueno; Tetsuya Narita; Ann Majewicz-Fey; Ashish D. Deshpande; Luis Sentis,2026,arXiv,,http://arxiv.org/abs/2606.15434v1,"cat:cs.RO AND (all:""cross-embodiment"" OR all:""action alignment"")","cat:cs.RO AND (all:""cross-embodiment"" OR all:""action alignment"")"
arXiv,2605.18074v1,4DLidarOpen: An Open 4D FMCW Lidar Dataset for Motion-Aware Autonomous Driving,Kane Qian; Xin Zhao; Yining Shi; Rujun Yan; Zhengqing Pan; Kaojin Zhu; Mengmeng Yang; Kai Sun; Diange Yang; Kun Jiang,2026,arXiv,,http://arxiv.org/abs/2605.18074v1,"cat:cs.RO AND (all:""automatic annotation"" OR all:relabeling OR all:segmentation)","cat:cs.RO AND (all:""automatic annotation"" OR all:relabeling OR all:segmentation)"
arXiv,2606.19451v1,3D-DLP: Self-Supervised 3D Object-Centric Scene Representation Learning,Ellina Zhang; Madhaven Iyengar; Amir Zadeh; Chuan Li; Deepak Pathak; David Held; Tal Daniel,2026,arXiv,,http://arxiv.org/abs/2606.19451v1,"cat:cs.RO AND (all:""automatic annotation"" OR all:relabeling OR all:segmentation)","cat:cs.RO AND (all:""automatic annotation"" OR all:relabeling OR all:segmentation)"
arXiv,2604.26509v3,3D Generation for Embodied AI and Robotic Simulation: A Survey,Tianwei Ye; Yifan Mao; Minwen Liao; Jian Liu; Chunchao Guo; Dazhao Du; Quanxin Shou; Fangqi Zhu; Song Guo,2026,arXiv,,http://arxiv.org/abs/2604.26509v3,"cat:cs.RO AND (all:""data augmentation"" OR all:""synthetic demonstrations"")","cat:cs.RO AND (all:""data augmentation"" OR all:""synthetic demonstrations"")"
arXiv,2603.26441v1,120 Minutes and a Laptop: Minimalist Image-goal Navigation via Unsupervised Exploration and Offline RL,Xiaoming Liu; Borong Zhang; Qingbiao Li; Steven Morad,2026,arXiv,,http://arxiv.org/abs/2603.26441v1,"cat:cs.RO AND (all:""automatic annotation"" OR all:relabeling OR all:segmentation)","cat:cs.RO AND (all:""automatic annotation"" OR all:relabeling OR all:segmentation)"
arXiv,2604.15483v2,$π_{0.7}$: a Steerable Generalist Robotic Foundation Model with Emergent Capabilities,Physical Intelligence; Bo Ai; Ali Amin; Raichelle Aniceto; Ashwin Balakrishna; Greg Balke; Kevin Black; George Bokinsky; Shihao Cao; Thomas Charbonnier; Vedant Choudhary; Foster Collins; Ken Conley; Grace Connors; James Darpinian; Karan Dhabalia; Maitrayee Dhaka; Jared DiCarlo; Danny Driess; Michael Equi; Adnan Esmail; Yunhao Fang; Chelsea Finn; Catherine Glossop; Thomas Godden; Ivan Goryachev; Lachlan Groom; Haroun Habeeb; Hunter Hancock; Karol Hausman; Gashon Hussein; Victor Hwang; Brian Ichter; Connor Jacobsen; Szymon Jakubczak; Rowan Jen; Tim Jones; Gregg Kammerer; Ben Katz; Liyiming Ke; Mairbek Khadikov; Chandra Kuchi; Marinda Lamb; Devin LeBlanc; Brendon LeCount; Sergey Levine; Xinyu Li; Adrian Li-Bell; Vladislav Lialin; Zhonglin Liang; Wallace Lim; Yao Lu; Enyu Luo; Vishnu Mano; Nandan Marwaha; Aikys Mongush; Liam Murphy; Suraj Nair; Tyler Patterson; Karl Pertsch; Allen Z. Ren; Gavin Schelske; Charvi Sharma; Baifeng Shi; Lucy Xiaoyang Shi; Laura Smith; Jost Tobias Springenberg; Kyle Stachowicz; Will Stoeckle; Jiaming Tang; Jimmy Tanner; Shalom Tekeste; Marcel Torne; Kyle Vedder; Quan Vuong; Anna Walling; Haohuan Wang; Jason Wang; XuDong Wang; Chris Whalen; Samuel Whitmore; Blake Williams; Charles Xu; Sukwon Yoo; Lili Yu; Wuming Zhang; Zhuoyang Zhang; Ury Zhilinsky,2026,arXiv,,http://arxiv.org/abs/2604.15483v2,"cat:cs.RO AND (all:""cross-embodiment"" OR all:""action alignment"")","cat:cs.RO AND (all:""cross-embodiment"" OR all:""action alignment"")"
arXiv,2603.25038v1,"$π$, But Make It Fly: Physics-Guided Transfer of VLA Models to Aerial Manipulation",Johnathan Tucker; Denis Liu; Aiden Swann; Allen Ren; Javier Yu; Jiankai Sun; Brandon Kim; Lachlain McGranahan; Quan Vuong; Mac Schwager,2026,arXiv,,http://arxiv.org/abs/2603.25038v1,"cat:cs.RO AND (all:""data augmentation"" OR all:""synthetic demonstrations"")","cat:cs.RO AND (all:""data augmentation"" OR all:""synthetic demonstrations"")"
arXiv,2606.13769v2,$μ_0$: A Scalable 3D Interaction-Trace World Model,Seungjae Lee; Yoonkyo Jung; Jusuk Lee; Jonghun Shin; Amir Hossein Shahidzadeh; Yao-Chih Lee; H. Jin Kim; Jia-Bin Huang; Furong Huang,2026,arXiv,,http://arxiv.org/abs/2606.13769v2,"cat:cs.RO AND (all:""cross-embodiment"" OR all:""action alignment"")","cat:cs.RO AND (all:""automatic annotation"" OR all:relabeling OR all:segmentation) || cat:cs.RO AND (all:""cross-embodiment"" OR all:""action alignment"")"
arXiv,2603.12263v1,$Ψ_0$: An Open Foundation Model Towards Universal Humanoid Loco-Manipulation,Songlin Wei; Hongyi Jing; Boqian Li; Zhenyu Zhao; Jiageng Mao; Zhenhao Ni; Sicheng He; Jie Liu; Xiawei Liu; Kaidi Kang; Sheng Zang; Weiduo Yuan; Marco Pavone; Di Huang; Yue Wang,2026,arXiv,,http://arxiv.org/abs/2603.12263v1,"cat:cs.RO AND (all:""cross-embodiment"" OR all:""action alignment"")","cat:cs.RO AND (all:""cross-embodiment"" OR all:""action alignment"")"
arXiv,2511.01914v1,iFlyBot-VLA Technical Report,Yuan Zhang; Chenyu Xue; Wenjie Xu; Chao Ji; Jiajia wu; Jia Pan,2025,arXiv,,http://arxiv.org/abs/2511.01914v1,"cat:cs.RO AND (all:""cross-embodiment"" OR all:""action alignment"")","cat:cs.RO AND (all:""cross-embodiment"" OR all:""action alignment"")"
arXiv,2508.11485v3,i2Nav-Robot: A Large-Scale Indoor-Outdoor Robot Dataset for Multi-Sensor Fusion Navigation,Hailiang Tang; Tisheng Zhang; Liqiang Wang; Xin Ding; Man Yuan; Zhiyu Xiang; Jujin Chen; Yuhan Bian; Shuangyan Liu; Yuqing Wang; Guan Wang; Xiaoji Niu,2025,arXiv,,http://arxiv.org/abs/2508.11485v3,"cat:cs.RO AND all:""data quality""","cat:cs.RO AND all:""data quality"""
arXiv,2512.16011v1,dLITE: Differentiable Lighting-Informed Trajectory Evaluation for On-Orbit Inspection,Jack Naylor; Raghav Mishra; Nicholas H. Barbara; Donald G. Dansereau,2025,arXiv,,http://arxiv.org/abs/2512.16011v1,"cat:cs.RO AND all:""data quality""","cat:cs.RO AND all:""data quality"""
arXiv,2508.00097v2,XRoboToolkit: A Cross-Platform Framework for Robot Teleoperation,Zhigen Zhao; Liuchuan Yu; Ke Jing; Ning Yang,2025,arXiv,,http://arxiv.org/abs/2508.00097v2,"cat:cs.RO AND all:""data quality""","cat:cs.RO AND all:""data quality"""
arXiv,2511.02776v3,XR-1: Towards Versatile Vision-Language-Action Models via Learning Unified Vision-Motion Representations,Shichao Fan; Kun Wu; Zhengping Che; Xinhua Wang; Di Wu; Fei Liao; Ning Liu; Yixue Zhang; Zhen Zhao; Zhiyuan Xu; Meng Li; Qingjie Liu; Shanghang Zhang; Min Wan; Jian Tang,2025,arXiv,,http://arxiv.org/abs/2511.02776v3,"cat:cs.RO AND (all:""cross-embodiment"" OR all:""action alignment"")","cat:cs.RO AND (all:""cross-embodiment"" OR all:""action alignment"")"
arXiv,2510.10274v1,X-VLA: Soft-Prompted Transformer as Scalable Cross-Embodiment Vision-Language-Action Model,Jinliang Zheng; Jianxiong Li; Zhihao Wang; Dongxiu Liu; Xirui Kang; Yuchun Feng; Yinan Zheng; Jiayin Zou; Yilun Chen; Jia Zeng; Ya-Qin Zhang; Jiangmiao Pang; Jingjing Liu; Tai Wang; Xianyuan Zhan,2025,arXiv,,http://arxiv.org/abs/2510.10274v1,"cat:cs.RO AND (all:""cross-embodiment"" OR all:""action alignment"")","cat:cs.RO AND (all:""cross-embodiment"" OR all:""action alignment"")"
arXiv,2505.07096v5,X-Sim: Cross-Embodiment Learning via Real-to-Sim-to-Real,Prithwish Dan; Kushal Kedia; Angela Chao; Edward Weiyi Duan; Maximus Adrian Pace; Wei-Chiu Ma; Sanjiban Choudhury,2025,arXiv,,http://arxiv.org/abs/2505.07096v5,"cat:cs.RO AND (all:""cross-embodiment"" OR all:""action alignment"")","cat:cs.RO AND (all:""cross-embodiment"" OR all:""action alignment"")"
arXiv,2507.14731v2,X-Nav: Learning End-to-End Cross-Embodiment Navigation for Mobile Robots,Haitong Wang; Aaron Hao Tan; Angus Fung; Goldie Nejat,2025,arXiv,,http://arxiv.org/abs/2507.14731v2,"cat:cs.RO AND (all:""cross-embodiment"" OR all:""action alignment"")","cat:cs.RO AND (all:""cross-embodiment"" OR all:""action alignment"")"
arXiv,2511.04671v2,X-Diffusion: Training Diffusion Policies on Cross-Embodiment Human Demonstrations,Maximus A. Pace; Prithwish Dan; Chuanruo Ning; Atiksh Bhardwaj; Audrey Du; Edward W. Duan; Wei-Chiu Ma; Kushal Kedia,2025,arXiv,,http://arxiv.org/abs/2511.04671v2,"cat:cs.RO AND (all:""cross-embodiment"" OR all:""action alignment"")","cat:cs.RO AND (all:""cross-embodiment"" OR all:""action alignment"") || cat:cs.RO AND all:""data filtering"""
arXiv,2512.24310v3,World In Your Hands: A Large-Scale and Open-Source Ecosystem for Learning Human-Centric Manipulation in the Wild,Yupeng Zheng; Jichao Peng; Weize Li; Yuhang Zheng; Xiang Li; Yujie Jin; Julong Wei; Guanhua Zhang; Ruiling Zheng; Ming Cao; Songen Gu; Zhenhong Zou; Kaige Li; Ke Wu; Mingmin Yang; Jiahao Liu; Pengfei Li; Hengjie Si; Feiyu Zhu; Wang Fu; Likun Wang; Ruiwen Yao; Jieru Zhao; Yilun Chen; Wenchao Ding,2025,arXiv,,http://arxiv.org/abs/2512.24310v3,"cat:cs.RO AND (all:""cross-embodiment"" OR all:""action alignment"")","cat:cs.RO AND (all:""cross-embodiment"" OR all:""action alignment"")"
arXiv,2506.01600v1,WoMAP: World Models For Embodied Open-Vocabulary Object Localization,Tenny Yin; Zhiting Mei; Tao Sun; Lihan Zha; Emily Zhou; Jeremy Bao; Miyu Yamane; Ola Shorinwa; Anirudha Majumdar,2025,arXiv,,http://arxiv.org/abs/2506.01600v1,"cat:cs.RO AND (all:""world model"" AND all:""data generation"")","cat:cs.RO AND (all:""world model"" AND all:""data generation"")"
arXiv,2505.08078v1,What Matters for Batch Online Reinforcement Learning in Robotics?,Perry Dong; Suvir Mirchandani; Dorsa Sadigh; Chelsea Finn,2025,arXiv,,http://arxiv.org/abs/2505.08078v1,"cat:cs.RO AND (all:""self-improvement"" OR all:""online post-training"")","cat:cs.RO AND (all:""self-improvement"" OR all:""online post-training"")"
arXiv,2505.18083v3,What Do You Need for Compositional Generalization in Diffusion Planning?,Quentin Clark; Florian Shkurti,2025,arXiv,,http://arxiv.org/abs/2505.18083v3,"cat:cs.RO AND (all:""data augmentation"" OR all:""synthetic demonstrations"")","cat:cs.RO AND (all:""data augmentation"" OR all:""synthetic demonstrations"")"
arXiv,2511.09515v1,WMPO: World Model-based Policy Optimization for Vision-Language-Action Models,Fangqi Zhu; Zhengyang Yan; Zicong Hong; Quanxin Shou; Xiao Ma; Song Guo,2025,arXiv,,http://arxiv.org/abs/2511.09515v1,"cat:cs.RO AND (all:""self-improvement"" OR all:""online post-training"")","cat:cs.RO AND (all:""self-improvement"" OR all:""online post-training"")"
arXiv,2512.19178v2,Vision-Language-Policy Model for Dynamic Robot Task Planning,Jin Wang; Kim Tien Ly; Jacques Cloete; Jin Jin; Nikos Tsagarakis; Ioannis Havoutis,2025,arXiv,,http://arxiv.org/abs/2512.19178v2,"cat:cs.RO AND (all:""cross-embodiment"" OR all:""action alignment"")","cat:cs.RO AND (all:""cross-embodiment"" OR all:""action alignment"")"
arXiv,2510.07077v1,Vision-Language-Action Models for Robotics: A Review Towards Real-World Applications,Kento Kawaharazuka; Jihoon Oh; Jun Yamada; Ingmar Posner; Yuke Zhu,2025,arXiv,,http://arxiv.org/abs/2510.07077v1,"cat:cs.RO AND (all:""data augmentation"" OR all:""synthetic demonstrations"")","cat:cs.RO AND (all:""data augmentation"" OR all:""synthetic demonstrations"")"
arXiv,2512.17661v1,Vidarc: Embodied Video Diffusion Model for Closed-loop Control,Yao Feng; Chendong Xiang; Xinyi Mao; Hengkai Tan; Zuyue Zhang; Shuhe Huang; Kaiwen Zheng; Haitian Liu; Hang Su; Jun Zhu,2025,arXiv,,http://arxiv.org/abs/2512.17661v1,"cat:cs.RO AND (all:""cross-embodiment"" OR all:""action alignment"")","cat:cs.RO AND (all:""cross-embodiment"" OR all:""action alignment"")"
arXiv,2508.03690v1,Veila: Panoramic LiDAR Generation from a Monocular RGB Image,Youquan Liu; Lingdong Kong; Weidong Yang; Ao Liang; Jianxiong Gao; Yang Wu; Xiang Xu; Xin Li; Linfeng Li; Runnan Chen; Ben Fei,2025,arXiv,,http://arxiv.org/abs/2508.03690v1,"cat:cs.RO AND (all:""data augmentation"" OR all:""synthetic demonstrations"")","cat:cs.RO AND (all:""data augmentation"" OR all:""synthetic demonstrations"")"
arXiv,2509.21723v4,VLBiMan: Vision-Language Anchored One-Shot Demonstration Enables Generalizable Bimanual Robotic Manipulation,Huayi Zhou; Kui Jia,2025,arXiv,,http://arxiv.org/abs/2509.21723v4,"cat:cs.RO AND (all:""cross-embodiment"" OR all:""action alignment"")","cat:cs.RO AND (all:""cross-embodiment"" OR all:""action alignment"")"
arXiv,2510.00406v1,VLA-RFT: Vision-Language-Action Reinforcement Fine-tuning with Verified Rewards in World Simulators,Hengtao Li; Pengxiang Ding; Runze Suo; Yihao Wang; Zirui Ge; Dongyuan Zang; Kexian Yu; Mingyang Sun; Hongyin Zhang; Donglin Wang; Weihua Su,2025,arXiv,,http://arxiv.org/abs/2510.00406v1,"cat:cs.RO AND (all:""cross-embodiment"" OR all:""action alignment"")","cat:cs.RO AND (all:""cross-embodiment"" OR all:""action alignment"")"
arXiv,2510.20818v1,VAMOS: A Hierarchical Vision-Language-Action Model for Capability-Modulated and Steerable Navigation,Mateo Guaman Castro; Sidharth Rajagopal; Daniel Gorbatov; Matt Schmittle; Rohan Baijal; Octi Zhang; Rosario Scalise; Sidharth Talia; Emma Romig; Celso de Melo; Byron Boots; Abhishek Gupta,2025,arXiv,,http://arxiv.org/abs/2510.20818v1,"cat:cs.RO AND (all:""cross-embodiment"" OR all:""action alignment"")","cat:cs.RO AND (all:""cross-embodiment"" OR all:""action alignment"")"
arXiv,2507.09464v1,Unmanned Aerial Vehicle (UAV) Data-Driven Modeling Software with Integrated 9-Axis IMUGPS Sensor Fusion and Data Filtering Algorithm,Azfar Azdi Arfakhsyad; Aufa Nasywa Rahman; Larasati Kinanti; Ahmad Ataka Awwalur Rizqi; Hannan Nur Muhammad,2025,arXiv,,http://arxiv.org/abs/2507.09464v1,"cat:cs.RO AND all:""data quality""","cat:cs.RO AND all:""data filtering"" || cat:cs.RO AND all:""data quality"""
arXiv,2501.10105v2,Universal Actions for Enhanced Embodied Foundation Models,Jinliang Zheng; Jianxiong Li; Dongxiu Liu; Yinan Zheng; Zhihao Wang; Zhonghong Ou; Yu Liu; Jingjing Liu; Ya-Qin Zhang; Xianyuan Zhan,2025,arXiv,,http://arxiv.org/abs/2501.10105v2,"cat:cs.RO AND (all:""cross-embodiment"" OR all:""action alignment"")","cat:cs.RO AND (all:""cross-embodiment"" OR all:""action alignment"")"
arXiv,2511.17001v2,Unify Robot Actions in Camera Frame,Sicheng Xie; Lingchen Meng; Zijie Diao; Haidong Cao; Zhiying Du; Shuyuan Tu; Jiaqi Leng; Qiuyue Wang; Mingsheng Li; Shuai Bai; Zuxuan Wu; Yu-Gang Jiang,2025,arXiv,,http://arxiv.org/abs/2511.17001v2,"cat:cs.RO AND (all:""cross-embodiment"" OR all:""action alignment"")","cat:cs.RO AND (all:""cross-embodiment"" OR all:""action alignment"")"
arXiv,2505.06111v3,UniVLA: Learning to Act Anywhere with Task-centric Latent Actions,Qingwen Bu; Yanting Yang; Jisong Cai; Shenyuan Gao; Guanghui Ren; Maoqing Yao; Ping Luo; Hongyang Li,2025,arXiv,,http://arxiv.org/abs/2505.06111v3,"cat:cs.RO AND (all:""cross-embodiment"" OR all:""action alignment"")","cat:cs.RO AND (all:""cross-embodiment"" OR all:""action alignment"")"
arXiv,2505.08787v4,UniSkill: Imitating Human Videos via Cross-Embodiment Skill Representations,Hanjung Kim; Jaehyun Kang; Hyolim Kang; Meedeum Cho; Seon Joo Kim; Youngwoon Lee,2025,arXiv,,http://arxiv.org/abs/2505.08787v4,"cat:cs.RO AND (all:""cross-embodiment"" OR all:""action alignment"")","cat:cs.RO AND (all:""cross-embodiment"" OR all:""action alignment"")"
arXiv,2505.15005v1,UniSTPA: A Safety Analysis Framework for End-to-End Autonomous Driving,Hongrui Kou; Zhouhang Lyu; Ziyu Wang; Cheng Wang; Yuxin Zhang,2025,arXiv,,http://arxiv.org/abs/2505.15005v1,"cat:cs.RO AND all:""data quality""","cat:cs.RO AND all:""data quality"""
arXiv,2512.11609v2,UniBYD: A Unified Framework for Learning Robotic Manipulation Across Embodiments Beyond Imitation of Human Demonstrations,Tingyu Yuan; Biaoliang Guan; Wen Ye; Ziyan Tian; Yi Yang; Weijie Zhou; Zhaowen Li; Yan Huang; Peng Wang; Chaoyang Zhao; Jinqiao Wang,2025,arXiv,,http://arxiv.org/abs/2512.11609v2,"cat:cs.RO AND (all:""cross-embodiment"" OR all:""action alignment"")","cat:cs.RO AND (all:""cross-embodiment"" OR all:""action alignment"")"
arXiv,2511.09302v1,UMIGen: A Unified Framework for Egocentric Point Cloud Generation and Cross-Embodiment Robotic Imitation Learning,Yan Huang; Shoujie Li; Xingting Li; Wenbo Ding,2025,arXiv,,http://arxiv.org/abs/2511.09302v1,"cat:cs.RO AND (all:""cross-embodiment"" OR all:""action alignment"")","cat:cs.RO AND (all:""cross-embodiment"" OR all:""action alignment"")"
arXiv,2503.21338v1,UGNA-VPR: A Novel Training Paradigm for Visual Place Recognition Based on Uncertainty-Guided NeRF Augmentation,Yehui Shen; Lei Zhang; Qingqiu Li; Xiongwei Zhao; Yue Wang; Huimin Lu; Xieyuanli Chen,2025,arXiv,,http://arxiv.org/abs/2503.21338v1,"cat:cs.RO AND (all:""data augmentation"" OR all:""synthetic demonstrations"")","cat:cs.RO AND (all:""data augmentation"" OR all:""synthetic demonstrations"")"
arXiv,2511.05275v2,TwinVLA: Data-Efficient Bimanual Manipulation with Twin Single-Arm Vision-Language-Action Models,Hokyun Im; Euijin Jeong; Andrey Kolobov; Jianlong Fu; Youngwoon Lee,2025,arXiv,,http://arxiv.org/abs/2511.05275v2,"cat:cs.RO AND (all:""cross-embodiment"" OR all:""action alignment"")","cat:cs.RO AND (all:""cross-embodiment"" OR all:""action alignment"")"
arXiv,2512.19269v2,Translating Flow to Policy via Hindsight Online Imitation,Yitian Zheng; Zhangchen Ye; Weijun Dong; Shengjie Wang; Yuyang Liu; Chongjie Zhang; Chuan Wen; Yang Gao,2025,arXiv,,http://arxiv.org/abs/2512.19269v2,"cat:cs.RO AND (all:""cross-embodiment"" OR all:""action alignment"")","cat:cs.RO AND (all:""cross-embodiment"" OR all:""action alignment"")"
arXiv,2510.07773v1,Trajectory Conditioned Cross-embodiment Skill Transfer,YuHang Tang; Yixuan Lou; Pengfei Han; Haoming Song; Xinyi Ye; Dong Wang; Bin Zhao,2025,arXiv,,http://arxiv.org/abs/2510.07773v1,"cat:cs.RO AND (all:""cross-embodiment"" OR all:""action alignment"")","cat:cs.RO AND (all:""cross-embodiment"" OR all:""action alignment"")"
arXiv,2509.11839v3,TrajBooster: Boosting Humanoid Whole-Body Manipulation via Trajectory-Centric Learning,Jiacheng Liu; Pengxiang Ding; Qihang Zhou; Yuxuan Wu; Da Huang; Zimian Peng; Wei Xiao; Weinan Zhang; Lixin Yang; Cewu Lu; Donglin Wang,2025,arXiv,,http://arxiv.org/abs/2509.11839v3,"cat:cs.RO AND (all:""cross-embodiment"" OR all:""action alignment"")","cat:cs.RO AND (all:""cross-embodiment"" OR all:""action alignment"")"
arXiv,2502.08957v1,Training Trajectory Predictors Without Ground-Truth Data,Mikolaj Kliniewski; Jesse Morris; Ian R. Manchester; Viorela Ila,2025,arXiv,,http://arxiv.org/abs/2502.08957v1,"cat:cs.RO AND all:""data quality""","cat:cs.RO AND all:""data quality"""
arXiv,2511.21690v1,TraceGen: World Modeling in 3D Trace Space Enables Learning from Cross-Embodiment Videos,Seungjae Lee; Yoonkyo Jung; Inkook Chun; Yao-Chih Lee; Zikui Cai; Hongjia Huang; Aayush Talreja; Tan Dat Dao; Yongyuan Liang; Jia-Bin Huang; Furong Huang,2025,arXiv,,http://arxiv.org/abs/2511.21690v1,"cat:cs.RO AND (all:""cross-embodiment"" OR all:""action alignment"")","cat:cs.RO AND (all:""cross-embodiment"" OR all:""action alignment"")"
arXiv,2512.11275v1,Towards Logic-Aware Manipulation: A Knowledge Primitive for VLM-Based Assistants in Smart Manufacturing,Suchang Chen; Daqiang Guo,2025,arXiv,,http://arxiv.org/abs/2512.11275v1,"cat:cs.RO AND (all:""data augmentation"" OR all:""synthetic demonstrations"")","cat:cs.RO AND (all:""data augmentation"" OR all:""synthetic demonstrations"")"
arXiv,2505.05753v2,Towards Embodiment Scaling Laws in Robot Locomotion,Bo Ai; Liu Dai; Nico Bohlinger; Dichen Li; Tongzhou Mu; Zhanxin Wu; K. Fay; Henrik I. Christensen; Jan Peters; Hao Su,2025,arXiv,,http://arxiv.org/abs/2505.05753v2,"cat:cs.RO AND (all:""cross-embodiment"" OR all:""action alignment"")","cat:cs.RO AND (all:""cross-embodiment"" OR all:""action alignment"")"
DBLP,648380,Towards Effective Utilization of Mixed-Quality Demonstrations in Robotic Manipulation via Segment-Level Selection and Optimization,Jingjing Chen; Hongjie Fang; Haoshu Fang; Cewu Lu,2025,ICRA,10.1109/ICRA55743.2025.11128787,https://doi.org/10.1109/ICRA55743.2025.11128787,robot demonstration selection,robot demonstration selection
arXiv,2509.01251v3,Towards Data-Driven Metrics for Social Robot Navigation Benchmarking,Pilar Bachiller-Burgos; Ulysses Bernardet; Luis V. Calderita; Pranup Chhetri; Anthony Francis; Noriaki Hirose; Noé Pérez; Dhruv Shah; Phani T. Singamaneni; Xuesu Xiao; Luis J. Manso,2025,arXiv,,http://arxiv.org/abs/2509.01251v3,"cat:cs.RO AND all:""data quality""","cat:cs.RO AND all:""data quality"""
arXiv,2509.14630v1,Toward Embodiment Equivariant Vision-Language-Action Policy,Anzhe Chen; Yifei Yang; Zhenjie Zhu; Kechun Xu; Zhongxiang Zhou; Rong Xiong; Yue Wang,2025,arXiv,,http://arxiv.org/abs/2509.14630v1,"cat:cs.RO AND (all:""cross-embodiment"" OR all:""action alignment"")","cat:cs.RO AND (all:""cross-embodiment"" OR all:""action alignment"")"
arXiv,2507.16815v2,ThinkAct: Vision-Language-Action Reasoning via Reinforced Visual Latent Planning,Chi-Pin Huang; Yueh-Hua Wu; Min-Hung Chen; Yu-Chiang Frank Wang; Fu-En Yang,2025,arXiv,,http://arxiv.org/abs/2507.16815v2,"cat:cs.RO AND (all:""cross-embodiment"" OR all:""action alignment"")","cat:cs.RO AND (all:""cross-embodiment"" OR all:""action alignment"")"
arXiv,2505.03296v2,The Unreasonable Effectiveness of Discrete-Time Gaussian Process Mixtures for Robot Policy Learning,Jan Ole von Hartz; Adrian Röfer; Joschka Boedecker; Abhinav Valada,2025,arXiv,,http://arxiv.org/abs/2505.03296v2,"cat:cs.RO AND (all:""cross-embodiment"" OR all:""action alignment"")","cat:cs.RO AND (all:""cross-embodiment"" OR all:""action alignment"")"
arXiv,2509.03222v1,The Role of Embodiment in Intuitive Whole-Body Teleoperation for Mobile Manipulation,Sophia Bianchi Moyen; Rickmer Krohn; Sophie Lueth; Kay Pompetzki; Jan Peters; Vignesh Prasad; Georgia Chalvatzaki,2025,arXiv,,http://arxiv.org/abs/2509.03222v1,"cat:cs.RO AND all:""data quality""","cat:cs.RO AND all:""data quality"""
arXiv,2501.05472v1,The 2nd Place Solution from the 3D Semantic Segmentation Track in the 2024 Waymo Open Dataset Challenge,Qing Wu,2025,arXiv,,http://arxiv.org/abs/2501.05472v1,"cat:cs.RO AND all:""data mixing""","cat:cs.RO AND (all:""data augmentation"" OR all:""synthetic demonstrations"") || cat:cs.RO AND all:""data mixing"""
arXiv,2509.11865v1,Tenma: Robust Cross-Embodiment Robot Manipulation with Diffusion Transformer,Travis Davies; Yiqi Huang; Yunxin Liu; Xiang Chen; Huxian Liu; Luhui Hu,2025,arXiv,,http://arxiv.org/abs/2509.11865v1,"cat:cs.RO AND (all:""cross-embodiment"" OR all:""action alignment"")","cat:cs.RO AND (all:""cross-embodiment"" OR all:""action alignment"")"
arXiv,2503.00761v1,TRACE: A Self-Improving Framework for Robot Behavior Forecasting with Vision-Language Models,Gokul Puthumanaillam; Paulo Padrao; Jose Fuentes; Pranay Thangeda; William E. Schafer; Jae Hyuk Song; Karan Jagdale; Leonardo Bobadilla; Melkior Ornik,2025,arXiv,,http://arxiv.org/abs/2503.00761v1,"cat:cs.RO AND (all:""self-improvement"" OR all:""online post-training"")","cat:cs.RO AND (all:""self-improvement"" OR all:""online post-training"")"
arXiv,2510.12724v1,"T(R,O) Grasp: Efficient Graph Diffusion of Robot-Object Spatial Transformation for Cross-Embodiment Dexterous Grasping",Xin Fei; Zhixuan Xu; Huaicong Fang; Tianrui Zhang; Lin Shao,2025,arXiv,,http://arxiv.org/abs/2510.12724v1,"cat:cs.RO AND (all:""cross-embodiment"" OR all:""action alignment"")","cat:cs.RO AND (all:""cross-embodiment"" OR all:""action alignment"")"
arXiv,2506.09366v1,SkillBlender: Towards Versatile Humanoid Whole-Body Loco-Manipulation via Skill Blending,Yuxuan Kuang; Haoran Geng; Amine Elhafsi; Tan-Dzung Do; Pieter Abbeel; Jitendra Malik; Marco Pavone; Yue Wang,2025,arXiv,,http://arxiv.org/abs/2506.09366v1,"cat:cs.RO AND (all:""cross-embodiment"" OR all:""action alignment"")","cat:cs.RO AND (all:""cross-embodiment"" OR all:""action alignment"")"
arXiv,2503.09594v1,SimLingo: Vision-Only Closed-Loop Autonomous Driving with Language-Action Alignment,Katrin Renz; Long Chen; Elahe Arani; Oleg Sinavski,2025,arXiv,,http://arxiv.org/abs/2503.09594v1,"cat:cs.RO AND (all:""cross-embodiment"" OR all:""action alignment"")","cat:cs.RO AND (all:""cross-embodiment"" OR all:""action alignment"")"
arXiv,2508.06426v1,Shortcut Learning in Generalist Robot Policies: The Role of Dataset Diversity and Fragmentation,Youguang Xing; Xu Luo; Junlin Xie; Lianli Gao; Hengtao Shen; Jingkuan Song,2025,arXiv,,http://arxiv.org/abs/2508.06426v1,"cat:cs.RO AND (all:""data augmentation"" OR all:""synthetic demonstrations"")","cat:cs.RO AND (all:""data augmentation"" OR all:""synthetic demonstrations"")"
arXiv,2503.00774v1,Shadow: Leveraging Segmentation Masks for Cross-Embodiment Policy Transfer,Marion Lepert; Ria Doshi; Jeannette Bohg,2025,arXiv,,http://arxiv.org/abs/2503.00774v1,"cat:cs.RO AND (all:""cross-embodiment"" OR all:""action alignment"")","cat:cs.RO AND (all:""cross-embodiment"" OR all:""action alignment"")"
arXiv,2506.13915v1,Sequence Modeling for Time-Optimal Quadrotor Trajectory Optimization with Sampling-based Robustness Analysis,Katherine Mao; Hongzhan Yu; Ruipeng Zhang; Igor Spasojevic; M Ani Hsieh; Sicun Gao; Vijay Kumar,2025,arXiv,,http://arxiv.org/abs/2506.13915v1,"cat:cs.RO AND (all:""data augmentation"" OR all:""synthetic demonstrations"")","cat:cs.RO AND (all:""data augmentation"" OR all:""synthetic demonstrations"")"
arXiv,2512.12012v2,Semantic-Drive: Democratizing Long-Tail Data Curation via Open-Vocabulary Grounding and Neuro-Symbolic VLM Consensus,Antonio Guillen-Perez,2025,arXiv,,http://arxiv.org/abs/2512.12012v2,"cat:cs.RO AND all:""data curation""","cat:cs.RO AND all:""data curation"""
arXiv,2511.00091v1,Self-Improving Vision-Language-Action Models with Data Generation via Residual RL,"Wenli Xiao; Haotian Lin; Andy Peng; Haoru Xue; Tairan He; Yuqi Xie; Fengyuan Hu; Jimmy Wu; Zhengyi Luo; Linxi ""Jim"" Fan; Guanya Shi; Yuke Zhu",2025,arXiv,,http://arxiv.org/abs/2511.00091v1,"cat:cs.RO AND (all:""self-improvement"" OR all:""online post-training"")","cat:cs.RO AND (all:""self-improvement"" OR all:""online post-training"")"
arXiv,2506.06658v3,Self-Improving Loops for Visual Robotic Planning,Calvin Luo; Zilai Zeng; Mingxi Jia; Yilun Du; Chen Sun,2025,arXiv,,http://arxiv.org/abs/2506.06658v3,"cat:cs.RO AND (all:""self-improvement"" OR all:""online post-training"")","cat:cs.RO AND (all:""self-improvement"" OR all:""online post-training"")"
arXiv,2509.15155v1,Self-Improving Embodied Foundation Models,Seyed Kamyar Seyed Ghasemipour; Ayzaan Wahid; Jonathan Tompson; Pannag Sanketi; Igor Mordatch,2025,arXiv,,http://arxiv.org/abs/2509.15155v1,"cat:cs.RO AND (all:""self-improvement"" OR all:""online post-training"")","cat:cs.RO AND (all:""self-improvement"" OR all:""online post-training"")"
arXiv,2512.07582v1,"See Once, Then Act: Vision-Language-Action Model with Task Learning from One-Shot Video Demonstrations",Guangyan Chen; Meiling Wang; Qi Shao; Zichen Zhou; Weixin Mao; Te Cui; Minzhao Zhu; Yinan Deng; Luojie Yang; Zhanqi Zhang; Yi Yang; Hua Chen; Yufeng Yue,2025,arXiv,,http://arxiv.org/abs/2512.07582v1,"cat:cs.RO AND (all:""cross-embodiment"" OR all:""action alignment"")","cat:cs.RO AND (all:""cross-embodiment"" OR all:""action alignment"")"
arXiv,2511.01177v3,Scaling Cross-Embodiment World Models for Dexterous Manipulation,Zihao He; Bo Ai; Tongzhou Mu; Yulin Liu; Weikang Wan; Jiawei Fu; Yilun Du; Henrik I. Christensen; Hao Su,2025,arXiv,,http://arxiv.org/abs/2511.01177v3,"cat:cs.RO AND (all:""cross-embodiment"" OR all:""action alignment"")","cat:cs.RO AND (all:""cross-embodiment"" OR all:""action alignment"")"
arXiv,2511.00033v1,STRIDER: Navigation via Instruction-Aligned Structural Decision Space Optimization,Diqi He; Xuehao Gao; Hao Li; Junwei Han; Dingwen Zhang,2025,arXiv,,http://arxiv.org/abs/2511.00033v1,"cat:cs.RO AND (all:""cross-embodiment"" OR all:""action alignment"")","cat:cs.RO AND (all:""cross-embodiment"" OR all:""action alignment"")"
arXiv,2510.22568v1,SPIRAL: Self-Play Incremental Racing Algorithm for Learning in Multi-Drone Competitions,Onur Akgün,2025,arXiv,,http://arxiv.org/abs/2510.22568v1,"cat:cs.RO AND (all:""self-improvement"" OR all:""online post-training"")","cat:cs.RO AND (all:""self-improvement"" OR all:""online post-training"")"
arXiv,2509.19292v1,SOE: Sample-Efficient Robot Policy Self-Improvement via On-Manifold Exploration,Yang Jin; Jun Lv; Han Xue; Wendi Chen; Chuan Wen; Cewu Lu,2025,arXiv,,http://arxiv.org/abs/2509.19292v1,"cat:cs.RO AND (all:""self-improvement"" OR all:""online post-training"")","cat:cs.RO AND (all:""self-improvement"" OR all:""online post-training"")"
arXiv,2501.14400v2,SKIL: Semantic Keypoint Imitation Learning for Generalizable Data-efficient Manipulation,Shengjie Wang; Jiacheng You; Yihang Hu; Jiongye Li; Yang Gao,2025,arXiv,,http://arxiv.org/abs/2501.14400v2,"cat:cs.RO AND (all:""cross-embodiment"" OR all:""action alignment"")","cat:cs.RO AND (all:""cross-embodiment"" OR all:""action alignment"")"
arXiv,2505.01396v1,SIME: Enhancing Policy Self-Improvement with Modal-level Exploration,Yang Jin; Jun Lv; Wenye Yu; Hongjie Fang; Yong-Lu Li; Cewu Lu,2025,arXiv,,http://arxiv.org/abs/2505.01396v1,"cat:cs.RO AND (all:""self-improvement"" OR all:""online post-training"")","cat:cs.RO AND (all:""self-improvement"" OR all:""online post-training"")"
arXiv,2512.04797v1,SIMA 2: A Generalist Embodied Agent for Virtual Worlds,SIMA team; Adrian Bolton; Alexander Lerchner; Alexandra Cordell; Alexandre Moufarek; Andrew Bolt; Andrew Lampinen; Anna Mitenkova; Arne Olav Hallingstad; Bojan Vujatovic; Bonnie Li; Cong Lu; Daan Wierstra; Daniel P. Sawyer; Daniel Slater; David Reichert; Davide Vercelli; Demis Hassabis; Drew A. Hudson; Duncan Williams; Ed Hirst; Fabio Pardo; Felix Hill; Frederic Besse; Hannah Openshaw; Harris Chan; Hubert Soyer; Jane X. Wang; Jeff Clune; John Agapiou; John Reid; Joseph Marino; Junkyung Kim; Karol Gregor; Kaustubh Sridhar; Kay McKinney; Laura Kampis; Lei M. Zhang; Loic Matthey; Luyu Wang; Maria Abi Raad; Maria Loks-Thompson; Martin Engelcke; Matija Kecman; Matthew Jackson; Maxime Gazeau; Ollie Purkiss; Oscar Knagg; Peter Stys; Piermaria Mendolicchio; Raia Hadsell; Rosemary Ke; Ryan Faulkner; Sarah Chakera; Satinder Singh Baveja; Shane Legg; Sheleem Kashem; Tayfun Terzi; Thomas Keck; Tim Harley; Tim Scholtes; Tyson Roberts; Volodymyr Mnih; Yulan Liu; Zhengdong Wang; Zoubin Ghahramani,2025,arXiv,,http://arxiv.org/abs/2512.04797v1,"cat:cs.RO AND (all:""self-improvement"" OR all:""online post-training"")","cat:cs.RO AND (all:""self-improvement"" OR all:""online post-training"")"
arXiv,2503.09829v3,SE(3)-Equivariant Robot Learning and Control: A Tutorial Survey,Joohwan Seo; Soochul Yoo; Junwoo Chang; Hyunseok An; Hyunwoo Ryu; Soomi Lee; Arvind Kruthiventy; Jongeun Choi; Roberto Horowitz,2025,arXiv,,http://arxiv.org/abs/2503.09829v3,"cat:cs.RO AND (all:""data augmentation"" OR all:""synthetic demonstrations"")","cat:cs.RO AND (all:""data augmentation"" OR all:""synthetic demonstrations"")"
arXiv,2512.18583v2,SD2AIL: Adversarial Imitation Learning from Synthetic Demonstrations via Diffusion Models,Pengcheng Li; Qiang Fang; Tong Zhao; Yixing Lan; Xin Xu,2025,arXiv,,http://arxiv.org/abs/2512.18583v2,"cat:cs.RO AND (all:""data augmentation"" OR all:""synthetic demonstrations"")","cat:cs.RO AND (all:""data augmentation"" OR all:""synthetic demonstrations"")"
arXiv,2505.22626v2,SCIZOR: A Self-Supervised Approach to Data Curation for Large-Scale Imitation Learning,Yu Zhang; Yuqi Xie; Huihan Liu; Rutav Shah; Michael Wan; Linxi Fan; Yuke Zhu,2025,arXiv,,http://arxiv.org/abs/2505.22626v2,"cat:cs.RO AND all:""data curation""","cat:cs.RO AND all:""data curation"""
arXiv,2504.20459v1,SAS-Prompt: Large Language Models as Numerical Optimizers for Robot Self-Improvement,Heni Ben Amor; Laura Graesser; Atil Iscen; David D'Ambrosio; Saminda Abeyruwan; Alex Bewley; Yifan Zhou; Kamalesh Kalirathinam; Swaroop Mishra; Pannag Sanketi,2025,arXiv,,http://arxiv.org/abs/2504.20459v1,"cat:cs.RO AND (all:""self-improvement"" OR all:""online post-training"")","cat:cs.RO AND (all:""self-improvement"" OR all:""online post-training"")"
arXiv,2506.21547v1,SAM4D: Segment Anything in Camera and LiDAR Streams,Jianyun Xu; Song Wang; Ziqian Ni; Chunyong Hu; Sheng Yang; Jianke Zhu; Qiang Li,2025,arXiv,,http://arxiv.org/abs/2506.21547v1,"cat:cs.RO AND all:""data engine""","cat:cs.RO AND all:""data engine"""
arXiv,2507.12986v1,Robustness Requirement Coverage using a Situation Coverage Approach for Vision-based AI Systems,Sepeedeh Shahbeigi; Nawshin Mannan Proma; Victoria Hodge; Richard Hawkins; Boda Li; Valentina Donzella,2025,arXiv,,http://arxiv.org/abs/2507.12986v1,"cat:cs.RO AND all:""data quality""","cat:cs.RO AND all:""data quality"""
arXiv,2506.05780v1,Robust sensor fusion against on-vehicle sensor staleness,Meng Fan; Yifan Zuo; Patrick Blaes; Harley Montgomery; Subhasis Das,2025,arXiv,,http://arxiv.org/abs/2506.05780v1,"cat:cs.RO AND (all:""data augmentation"" OR all:""synthetic demonstrations"")","cat:cs.RO AND (all:""data augmentation"" OR all:""synthetic demonstrations"")"
arXiv,2511.22950v2,RobotSeg: A Model and Dataset for Segmenting Robots in Image and Video,Haiyang Mei; Qiming Huang; Hai Ci; Mike Zheng Shou,2025,arXiv,,http://arxiv.org/abs/2511.22950v2,"cat:cs.RO AND (all:""data augmentation"" OR all:""synthetic demonstrations"")","cat:cs.RO AND (all:""data augmentation"" OR all:""synthetic demonstrations"")"
DBLP,757393,Robot Data Curation with Mutual Information Estimators,Joey Hejna; Suvir Mirchandani; Ashwin Balakrishna; Annie Xie; Ayzaan Wahid; Jonathan Tompson; Pannag Sanketi; Dhruv Shah; Coline Devin; Dorsa Sadigh,2025,CoRR,10.48550/ARXIV.2502.08623,https://doi.org/10.48550/arXiv.2502.08623,robot data curation,"cat:cs.RO AND all:""data curation"" || cat:cs.RO AND all:""data filtering"" || cat:cs.RO AND all:""data quality"" || robot data curation"
arXiv,2512.02729v1,RoboWheel: A Data Engine from Real-World Human Demonstrations for Cross-Embodiment Robotic Learning,Yuhong Zhang; Zihan Gao; Shengpeng Li; Ling-Hao Chen; Kaisheng Liu; Runqing Cheng; Xiao Lin; Junjia Liu; Zhuoheng Li; Jingyi Feng; Ziyan He; Jintian Lin; Zheyan Huang; Zhifang Liu; Haoqian Wang,2025,arXiv,,http://arxiv.org/abs/2512.02729v1,"cat:cs.RO AND (all:""cross-embodiment"" OR all:""action alignment"")","cat:cs.RO AND (all:""cross-embodiment"" OR all:""action alignment"") || cat:cs.RO AND all:""data engine"""
arXiv,2504.18904v1,"RoboVerse: Towards a Unified Platform, Dataset and Benchmark for Scalable and Generalizable Robot Learning",Haoran Geng; Feishi Wang; Songlin Wei; Yuyang Li; Bangjun Wang; Boshi An; Charlie Tianyue Cheng; Haozhe Lou; Peihao Li; Yen-Jen Wang; Yutong Liang; Dylan Goetting; Chaoyi Xu; Haozhe Chen; Yuxi Qian; Yiran Geng; Jiageng Mao; Weikang Wan; Mingtong Zhang; Jiangran Lyu; Siheng Zhao; Jiazhao Zhang; Jialiang Zhang; Chengyang Zhao; Haoran Lu; Yufei Ding; Ran Gong; Yuran Wang; Yuxuan Kuang; Ruihai Wu; Baoxiong Jia; Carlo Sferrazza; Hao Dong; Siyuan Huang; Yue Wang; Jitendra Malik; Pieter Abbeel,2025,arXiv,,http://arxiv.org/abs/2504.18904v1,"cat:cs.RO AND all:""data quality""","cat:cs.RO AND all:""data quality"""
arXiv,2505.03673v2,RoboOS: A Hierarchical Embodied Framework for Cross-Embodiment and Multi-Agent Collaboration,Huajie Tan; Xiaoshuai Hao; Cheng Chi; Minglan Lin; Yaoxu Lyu; Mingyu Cao; Dong Liang; Zhuo Chen; Mengsi Lyu; Cheng Peng; Chenrui He; Yulong Ao; Yonghua Lin; Pengwei Wang; Zhongyuan Wang; Shanghang Zhang,2025,arXiv,,http://arxiv.org/abs/2505.03673v2,"cat:cs.RO AND (all:""cross-embodiment"" OR all:""action alignment"")","cat:cs.RO AND (all:""cross-embodiment"" OR all:""action alignment"")"
arXiv,2509.17057v3,RoboManipBaselines: A Unified Framework for Imitation Learning in Robotic Manipulation across Real and Simulation Environments,Masaki Murooka; Tomohiro Motoda; Ryoichi Nakajo; Hanbit Oh; Koshi Makihara; Keisuke Shirai; Tetsuya Ogata; Yukiyasu Domae,2025,arXiv,,http://arxiv.org/abs/2509.17057v3,"cat:cs.RO AND (all:""data augmentation"" OR all:""synthetic demonstrations"")","cat:cs.RO AND (all:""data augmentation"" OR all:""synthetic demonstrations"")"
arXiv,2503.18738v2,RoboEngine: Plug-and-Play Robot Data Augmentation with Semantic Robot Segmentation and Background Generation,Chengbo Yuan; Suraj Joshi; Shaoting Zhu; Hang Su; Hang Zhao; Yang Gao,2025,arXiv,,http://arxiv.org/abs/2503.18738v2,"cat:cs.RO AND (all:""data augmentation"" OR all:""synthetic demonstrations"")","cat:cs.RO AND (all:""data augmentation"" OR all:""synthetic demonstrations"")"
arXiv,2502.07837v2,RoboBERT: An End-to-end Multimodal Robotic Manipulation Model,Sicheng Wang; Sheng Liu; Weiheng Wang; Jianhua Shan; Bin Fang,2025,arXiv,,http://arxiv.org/abs/2502.07837v2,"cat:cs.RO AND (all:""data augmentation"" OR all:""synthetic demonstrations"")","cat:cs.RO AND (all:""data augmentation"" OR all:""synthetic demonstrations"")"
arXiv,2512.23703v1,Robo-Dopamine: General Process Reward Modeling for High-Precision Robotic Manipulation,Huajie Tan; Sixiang Chen; Yijie Xu; Zixiao Wang; Yuheng Ji; Cheng Chi; Yaoxu Lyu; Zhongxia Zhao; Xiansheng Chen; Peterson Co; Shaoxuan Xie; Guocai Yao; Pengwei Wang; Zhongyuan Wang; Shanghang Zhang,2025,arXiv,,http://arxiv.org/abs/2512.23703v1,"cat:cs.RO AND (all:""self-improvement"" OR all:""online post-training"")","cat:cs.RO AND (all:""self-improvement"" OR all:""online post-training"")"
DBLP,648254,RoCoDA: Counterfactual Data Augmentation for Data-Efficient Robot Learning from Demonstrations,Ezra Ameperosa; Jeremy A. Collins; Mrinal Jain; Animesh Garg,2025,ICRA,10.1109/ICRA55743.2025.11128694,https://doi.org/10.1109/ICRA55743.2025.11128694,robot demonstration augmentation,"cat:cs.RO AND (all:""data augmentation"" OR all:""synthetic demonstrations"") || robot demonstration augmentation"
arXiv,2506.17601v1,"Risk-Guided Diffusion: Toward Deploying Robot Foundation Models in Space, Where Failure Is Not An Option",Rohan Thakker; Adarsh Patnaik; Vince Kurtz; Jonas Frey; Jonathan Becktor; Sangwoo Moon; Rob Royce; Marcel Kaufmann; Georgios Georgakis; Pascal Roth; Joel Burdick; Marco Hutter; Shehryar Khattak,2025,arXiv,,http://arxiv.org/abs/2506.17601v1,"cat:cs.RO AND (all:""cross-embodiment"" OR all:""action alignment"")","cat:cs.RO AND (all:""cross-embodiment"" OR all:""action alignment"")"
arXiv,2507.13019v2,Rethinking the Embodied Gap in Vision-and-Language Navigation: A Holistic Study of Physical and Visual Disparities,Liuyi Wang; Xinyuan Xia; Hui Zhao; Hanqing Wang; Tai Wang; Yilun Chen; Chengju Liu; Qijun Chen; Jiangmiao Pang,2025,arXiv,,http://arxiv.org/abs/2507.13019v2,"cat:cs.RO AND (all:""cross-embodiment"" OR all:""action alignment"")","cat:cs.RO AND (all:""cross-embodiment"" OR all:""action alignment"")"
DBLP,737312,Results of Evaluating Uncertainty and Quality of Visual Language Action-enabled Robots,Pablo Valle Entrena; Chengjie Lu; Shaukat Ali 0001; Aitor Arrieta,2025,Zenodo,10.5281/ZENODO.16315133,https://doi.org/10.5281/zenodo.16315133,robot data quality,robot data quality
arXiv,2505.07395v1,ReinboT: Amplifying Robot Visual-Language Manipulation with Reinforcement Learning,Hongyin Zhang; Zifeng Zhuang; Han Zhao; Pengxiang Ding; Hongchao Lu; Donglin Wang,2025,arXiv,,http://arxiv.org/abs/2505.07395v1,"cat:cs.RO AND all:""data quality""","cat:cs.RO AND all:""data quality"""
arXiv,2510.12710v3,Reflection-Based Task Adaptation for Self-Improving VLA,Baicheng Li; Dong Wu; Zike Yan; Xinchen Liu; Lusong Li; Zecui Zeng; Hongbin Zha,2025,arXiv,,http://arxiv.org/abs/2510.12710v3,"cat:cs.RO AND (all:""self-improvement"" OR all:""online post-training"")","cat:cs.RO AND (all:""self-improvement"" OR all:""online post-training"")"
arXiv,2506.13679v1,ROSA: Harnessing Robot States for Vision-Language and Action Alignment,Yuqing Wen; Kefan Gu; Haoxuan Liu; Yucheng Zhao; Tiancai Wang; Haoqiang Fan; Xiaoyan Sun,2025,arXiv,,http://arxiv.org/abs/2506.13679v1,"cat:cs.RO AND (all:""cross-embodiment"" OR all:""action alignment"")","cat:cs.RO AND (all:""cross-embodiment"" OR all:""action alignment"")"
arXiv,2509.19454v2,ROPA: Synthetic Robot Pose Generation for RGB-D Bimanual Data Augmentation,Jason Chen; I-Chun Arthur Liu; Gaurav Sukhatme; Daniel Seita,2025,arXiv,,http://arxiv.org/abs/2509.19454v2,"cat:cs.RO AND (all:""data augmentation"" OR all:""synthetic demonstrations"")","cat:cs.RO AND (all:""data augmentation"" OR all:""synthetic demonstrations"")"
arXiv,2504.18084v1,RL-Driven Data Generation for Robust Vision-Based Dexterous Grasping,Atsushi Kanehira; Naoki Wake; Kazuhiro Sasabuchi; Jun Takamatsu; Katsushi Ikeuchi,2025,arXiv,,http://arxiv.org/abs/2504.18084v1,"cat:cs.RO AND (all:""data augmentation"" OR all:""synthetic demonstrations"")","cat:cs.RO AND (all:""data augmentation"" OR all:""synthetic demonstrations"")"
DBLP,687272,RGC-VQA: An Exploration Database for Robotic-Generated Video Quality Assessment,Jianing Jin; Jiangyong Ying; Huiyu Duan; Liu Yang; Sijing Wu; Yunhao Li; Yushuo Zheng; Xiongkuo Min; Guangtao Zhai,2025,ACM Multimedia,10.1145/3746027.3758304,https://doi.org/10.1145/3746027.3758304,robot data quality,robot data quality
arXiv,2510.17640v3,RESample: A Robust Data Augmentation Framework via Exploratory Sampling for Robotic Manipulation,Yuquan Xue; Guanxing Lu; Zhenyu Wu; Chuanrui Zhang; Bofang Jia; Zhengyi Gu; Ziwei Wang,2025,arXiv,,http://arxiv.org/abs/2510.17640v3,"cat:cs.RO AND (all:""data augmentation"" OR all:""synthetic demonstrations"")","cat:cs.RO AND (all:""data augmentation"" OR all:""synthetic demonstrations"")"
arXiv,2510.04333v2,RAP: 3D Rasterization Augmented End-to-End Planning,Lan Feng; Yang Gao; Eloi Zablocki; Quanyi Li; Wuyang Li; Sichao Liu; Matthieu Cord; Alexandre Alahi,2025,arXiv,,http://arxiv.org/abs/2510.04333v2,"cat:cs.RO AND (all:""data augmentation"" OR all:""synthetic demonstrations"")","cat:cs.RO AND (all:""data augmentation"" OR all:""synthetic demonstrations"")"
DBLP,864594,Quality Over Quantity: Curating Contact-Based Robot Datasets Improves Learning,Hrishikesh Sathyanarayan; Victor Vantilborgh; Ian Abraham,2025,CoRR,10.48550/ARXIV.2510.18137,https://doi.org/10.48550/arXiv.2510.18137,robot data quality,"cat:cs.RO AND all:""data curation"" || robot data quality"
arXiv,2512.13093v2,PvP: Data-Efficient Humanoid Robot Learning with Proprioceptive-Privileged Contrastive Representations,Mingqi Yuan; Tao Yu; Haolin Song; Bo Li; Xin Jin; Hua Chen; Wenjun Zeng,2025,arXiv,,http://arxiv.org/abs/2512.13093v2,"cat:cs.RO AND (all:""data augmentation"" OR all:""synthetic demonstrations"")","cat:cs.RO AND (all:""data augmentation"" OR all:""synthetic demonstrations"")"
arXiv,2509.10841v1,Point-Plane Projections for Accurate LiDAR Semantic Segmentation in Small Data Scenarios,Simone Mosco; Daniel Fusaro; Wanmeng Li; Emanuele Menegatti; Alberto Pretto,2025,arXiv,,http://arxiv.org/abs/2509.10841v1,"cat:cs.RO AND (all:""data augmentation"" OR all:""synthetic demonstrations"")","cat:cs.RO AND (all:""data augmentation"" OR all:""synthetic demonstrations"")"
arXiv,2505.02476v2,Point Cloud Recombination: Systematic Real Data Augmentation Using Robotic Targets for LiDAR Perception Validation,Hubert Padusinski; Christian Steinhauser; Christian Scherl; Julian Gaal; Jacob Langner,2025,arXiv,,http://arxiv.org/abs/2505.02476v2,"cat:cs.RO AND (all:""data augmentation"" OR all:""synthetic demonstrations"")","cat:cs.RO AND (all:""data augmentation"" OR all:""synthetic demonstrations"")"
arXiv,2507.04910v1,Piggyback Camera: Easy-to-Deploy Visual Surveillance by Mobile Sensing on Commercial Robot Vacuums,Ryo Yonetani,2025,arXiv,,http://arxiv.org/abs/2507.04910v1,"cat:cs.RO AND (all:""data augmentation"" OR all:""synthetic demonstrations"")","cat:cs.RO AND (all:""data augmentation"" OR all:""synthetic demonstrations"")"
arXiv,2502.20382v2,Physics-Driven Data Generation for Contact-Rich Manipulation via Trajectory Optimization,Lujie Yang; H. J. Terry Suh; Tong Zhao; Bernhard Paus Graesdal; Tarik Kelestemur; Jiuguang Wang; Tao Pang; Russ Tedrake,2025,arXiv,,http://arxiv.org/abs/2502.20382v2,"cat:cs.RO AND (all:""cross-embodiment"" OR all:""action alignment"")","cat:cs.RO AND (all:""cross-embodiment"" OR all:""action alignment"")"
arXiv,2511.08299v2,Phase-Based Multi-Gait Learning for a Salamander-Like Robot,Zhiang Liu; Yang Liu; Yongchun Fang; Xian Guo,2025,arXiv,,http://arxiv.org/abs/2511.08299v2,"cat:cs.RO AND (all:""data augmentation"" OR all:""synthetic demonstrations"")","cat:cs.RO AND (all:""data augmentation"" OR all:""synthetic demonstrations"")"
DBLP,404793,Pathways linking mobile service robots and quality of life of people with dementia: a literature review,Aria C. H. Yang; Eun Yeong Choe; Fan Zhang,2025,Ind. Manag. Data Syst.,10.1108/IMDS-05-2024-0464,https://doi.org/10.1108/imds-05-2024-0464,robot data quality,robot data quality
arXiv,2509.18609v1,PIE: Perception and Interaction Enhanced End-to-End Motion Planning for Autonomous Driving,Chengran Yuan; Zijian Lu; Zhanqi Zhang; Yimin Zhao; Zefan Huang; Shuo Sun; Jiawei Sun; Jiahui Li; Christina Dao Wen Lee; Dongen Li; Marcelo H. Ang,2025,arXiv,,http://arxiv.org/abs/2509.18609v1,"cat:cs.RO AND (all:""data augmentation"" OR all:""synthetic demonstrations"")","cat:cs.RO AND (all:""data augmentation"" OR all:""synthetic demonstrations"")"
arXiv,2511.10087v1,Opinion: Towards Unified Expressive Policy Optimization for Robust Robot Learning,Haidong Huang; Haiyue Zhu. Jiayu Song; Xixin Zhao; Yaohua Zhou; Jiayi Zhang; Yuze Zhai; Xiaocong Li,2025,arXiv,,http://arxiv.org/abs/2511.10087v1,"cat:cs.RO AND (all:""data augmentation"" OR all:""synthetic demonstrations"")","cat:cs.RO AND (all:""data augmentation"" OR all:""synthetic demonstrations"")"
arXiv,2509.17321v4,OpenGVL -- Benchmarking Visual Temporal Progress for Data Curation,Paweł Budzianowski; Emilia Wiśnios; Michał Tyrolski; Gracjan Góral; Igor Kulakov; Viktor Petrenko; Krzysztof Walas,2025,arXiv,,http://arxiv.org/abs/2509.17321v4,"cat:cs.RO AND all:""data curation""","cat:cs.RO AND all:""data curation"""
arXiv,2512.09297v3,One-Shot Real-World Demonstration Synthesis for Scalable Bimanual Manipulation,Huayi Zhou; Kui Jia,2025,arXiv,,http://arxiv.org/abs/2512.09297v3,"cat:cs.RO AND (all:""cross-embodiment"" OR all:""action alignment"")","cat:cs.RO AND (all:""cross-embodiment"" OR all:""action alignment"")"
arXiv,2510.17150v2,OmniVIC: A Self-Improving Variable Impedance Controller with Vision-Language In-Context Learning for Safe Robotic Manipulation,Heng Zhang; Wei-Hsing Huang; Gokhan Solak; Arash Ajoudani,2025,arXiv,,http://arxiv.org/abs/2510.17150v2,"cat:cs.RO AND (all:""self-improvement"" OR all:""online post-training"")","cat:cs.RO AND (all:""self-improvement"" OR all:""online post-training"")"
arXiv,2510.09667v1,"OmniSAT: Compact Action Token, Faster Auto Regression",Huaihai Lyu; Chaofan Chen; Senwei Xie; Pengwei Wang; Xiansheng Chen; Shanghang Zhang; Changsheng Xu,2025,arXiv,,http://arxiv.org/abs/2510.09667v1,"cat:cs.RO AND (all:""cross-embodiment"" OR all:""action alignment"")","cat:cs.RO AND (all:""cross-embodiment"" OR all:""action alignment"")"
arXiv,2509.26633v3,OmniRetarget: Interaction-Preserving Data Generation for Humanoid Whole-Body Loco-Manipulation and Scene Interaction,Lujie Yang; Xiaoyu Huang; Zhen Wu; Angjoo Kanazawa; Pieter Abbeel; Carmelo Sferrazza; C. Karen Liu; Rocky Duan; Guanya Shi,2025,arXiv,,http://arxiv.org/abs/2509.26633v3,"cat:cs.RO AND (all:""data augmentation"" OR all:""synthetic demonstrations"")","cat:cs.RO AND (all:""data augmentation"" OR all:""synthetic demonstrations"")"
arXiv,2509.09594v1,ObjectReact: Learning Object-Relative Control for Visual Navigation,Sourav Garg; Dustin Craggs; Vineeth Bhat; Lachlan Mares; Stefan Podgorski; Madhava Krishna; Feras Dayoub; Ian Reid,2025,arXiv,,http://arxiv.org/abs/2509.09594v1,"cat:cs.RO AND (all:""cross-embodiment"" OR all:""action alignment"")","cat:cs.RO AND (all:""cross-embodiment"" OR all:""action alignment"")"
arXiv,2506.04227v1,Object-centric 3D Motion Field for Robot Learning from Human Videos,Zhao-Heng Yin; Sherry Yang; Pieter Abbeel,2025,arXiv,,http://arxiv.org/abs/2506.04227v1,"cat:cs.RO AND (all:""cross-embodiment"" OR all:""action alignment"")","cat:cs.RO AND (all:""cross-embodiment"" OR all:""action alignment"")"
arXiv,2512.13100v1,OXE-AugE: A Large-Scale Robot Augmentation of OXE for Scaling Cross-Embodiment Policy Learning,Guanhua Ji; Harsha Polavaram; Lawrence Yunliang Chen; Sandeep Bajamahal; Zehan Ma; Simeon Adebola; Chenfeng Xu; Ken Goldberg,2025,arXiv,,http://arxiv.org/abs/2512.13100v1,"cat:cs.RO AND (all:""cross-embodiment"" OR all:""action alignment"")","cat:cs.RO AND (all:""cross-embodiment"" OR all:""action alignment"")"
arXiv,2504.13175v1,Novel Demonstration Generation with Gaussian Splatting Enables Robust One-Shot Manipulation,Sizhe Yang; Wenye Yu; Jia Zeng; Jun Lv; Kerui Ren; Cewu Lu; Dahua Lin; Jiangmiao Pang,2025,arXiv,,http://arxiv.org/abs/2504.13175v1,"cat:cs.RO AND (all:""data augmentation"" OR all:""synthetic demonstrations"")","cat:cs.RO AND (all:""data augmentation"" OR all:""synthetic demonstrations"")"
arXiv,2508.11929v2,No More Blind Spots: Learning Vision-Based Omnidirectional Bipedal Locomotion for Challenging Terrain,Mohitvishnu S. Gadde; Pranay Dugar; Ashish Malik; Alan Fern,2025,arXiv,,http://arxiv.org/abs/2508.11929v2,"cat:cs.RO AND (all:""data augmentation"" OR all:""synthetic demonstrations"")","cat:cs.RO AND (all:""data augmentation"" OR all:""synthetic demonstrations"")"
arXiv,2502.05378v1,NextBestPath: Efficient 3D Mapping of Unseen Environments,Shiyao Li; Antoine Guédon; Clémentin Boittiaux; Shizhe Chen; Vincent Lepetit,2025,arXiv,,http://arxiv.org/abs/2502.05378v1,"cat:cs.RO AND (all:""data augmentation"" OR all:""synthetic demonstrations"")","cat:cs.RO AND (all:""data augmentation"" OR all:""synthetic demonstrations"")"
arXiv,2503.15629v1,Neural Lyapunov Function Approximation with Self-Supervised Reinforcement Learning,Luc McCutcheon; Bahman Gharesifard; Saber Fallah,2025,arXiv,,http://arxiv.org/abs/2503.15629v1,"cat:cs.RO AND (all:""world model"" AND all:""data generation"")","cat:cs.RO AND (all:""world model"" AND all:""data generation"")"
arXiv,2508.02046v4,NaviMaster: Learning a Unified Policy for GUI and Embodied Navigation Tasks,Zhihao Luo; Wentao Yan; Jingyu Gong; Min Wang; Zhizhong Zhang; Xuhong Wang; Yuan Xie; Xin Tan,2025,arXiv,,http://arxiv.org/abs/2508.02046v4,"cat:cs.RO AND all:""data mixing""","cat:cs.RO AND all:""data mixing"""
arXiv,2507.00752v2,Multi-Modal Graph Convolutional Network with Sinusoidal Encoding for Robust Human Action Segmentation,Hao Xing; Kai Zhe Boey; Yuankai Wu; Darius Burschka; Gordon Cheng,2025,arXiv,,http://arxiv.org/abs/2507.00752v2,"cat:cs.RO AND (all:""data augmentation"" OR all:""synthetic demonstrations"")","cat:cs.RO AND (all:""data augmentation"" OR all:""synthetic demonstrations"")"
arXiv,2506.11470v1,Multi-Loco: Unifying Multi-Embodiment Legged Locomotion via Reinforcement Learning Augmented Diffusion,Shunpeng Yang; Zhen Fu; Zhefeng Cao; Guo Junde; Patrick Wensing; Wei Zhang; Hua Chen,2025,arXiv,,http://arxiv.org/abs/2506.11470v1,"cat:cs.RO AND (all:""cross-embodiment"" OR all:""action alignment"")","cat:cs.RO AND (all:""cross-embodiment"" OR all:""action alignment"")"
arXiv,2508.11204v1,Multi-Group Equivariant Augmentation for Reinforcement Learning in Robot Manipulation,Hongbin Lin; Juan Rojas; Kwok Wai Samuel Au,2025,arXiv,,http://arxiv.org/abs/2508.11204v1,"cat:cs.RO AND (all:""data augmentation"" OR all:""synthetic demonstrations"")","cat:cs.RO AND (all:""data augmentation"" OR all:""synthetic demonstrations"")"
arXiv,2505.20857v2,Multi-Embodiment Robotic Retargeting via Guided Diffusion Model,Zhefeng Cao; Ben Liu; Shunpeng Yang; Sen Li; Wei Zhang; Hua Chen,2025,arXiv,,http://arxiv.org/abs/2505.20857v2,"cat:cs.RO AND (all:""cross-embodiment"" OR all:""action alignment"")","cat:cs.RO AND (all:""cross-embodiment"" OR all:""action alignment"")"
arXiv,2501.06994v2,Motion Tracks: A Unified Representation for Human-Robot Transfer in Few-Shot Imitation Learning,Juntao Ren; Priya Sundaresan; Dorsa Sadigh; Sanjiban Choudhury; Jeannette Bohg,2025,arXiv,,http://arxiv.org/abs/2501.06994v2,"cat:cs.RO AND (all:""cross-embodiment"" OR all:""action alignment"")","cat:cs.RO AND (all:""cross-embodiment"" OR all:""action alignment"")"
arXiv,2503.12466v1,Modality-Composable Diffusion Policy via Inference-Time Distribution-level Composition,Jiahang Cao; Qiang Zhang; Hanzhong Guo; Jiaxu Wang; Hao Cheng; Renjing Xu,2025,arXiv,,http://arxiv.org/abs/2503.12466v1,"cat:cs.RO AND (all:""cross-embodiment"" OR all:""action alignment"")","cat:cs.RO AND (all:""cross-embodiment"" OR all:""action alignment"")"
arXiv,2512.01358v1,Modality-Augmented Fine-Tuning of Foundation Robot Policies for Cross-Embodiment Manipulation on GR1 and G1,Junsung Park; Hogun Kee; Songhwai Oh,2025,arXiv,,http://arxiv.org/abs/2512.01358v1,"cat:cs.RO AND (all:""cross-embodiment"" OR all:""action alignment"")","cat:cs.RO AND (all:""cross-embodiment"" OR all:""action alignment"")"
arXiv,2508.18397v2,Mining the Long Tail: A Comparative Study of Data-Centric Criticality Metrics for Robust Offline Reinforcement Learning in Autonomous Motion Planning,Antonio Guillen-Perez,2025,arXiv,,http://arxiv.org/abs/2508.18397v2,"cat:cs.RO AND all:""data curation""","cat:cs.RO AND all:""data curation"""
arXiv,2512.08580v2,Mind to Hand: Purposeful Robotic Control via Embodied Reasoning,Peijun Tang; Shangjin Xie; Binyan Sun; Baifu Huang; Kuncheng Luo; Haotian Yang; Weiqi Jin; Jianan Wang,2025,arXiv,,http://arxiv.org/abs/2512.08580v2,"cat:cs.RO AND (all:""cross-embodiment"" OR all:""action alignment"")","cat:cs.RO AND (all:""cross-embodiment"" OR all:""action alignment"")"
arXiv,2506.18897v2,MinD: Learning A Dual-System World Model for Real-Time Planning and Implicit Risk Analysis,Xiaowei Chi; Kuangzhi Ge; Jiaming Liu; Siyuan Zhou; Peidong Jia; Zichen He; Yuzhen Liu; Tingguang Li; Lei Han; Sirui Han; Shanghang Zhang; Yike Guo,2025,arXiv,,http://arxiv.org/abs/2506.18897v2,"cat:cs.RO AND (all:""cross-embodiment"" OR all:""action alignment"")","cat:cs.RO AND (all:""cross-embodiment"" OR all:""action alignment"")"
arXiv,2509.22199v2,MimicDreamer: Aligning Human and Robot Demonstrations for Scalable VLA Training,Haoyun Li; Ivan Zhang; Runqi Ouyang; Xiaofeng Wang; Zheng Zhu; Zhiqin Yang; Zhentao Zhang; Boyuan Wang; Chaojun Ni; Wenkang Qin; Xinze Chen; Yun Ye; Guan Huang; Zhenbo Song; Xingang Wang,2025,arXiv,,http://arxiv.org/abs/2509.22199v2,"cat:cs.RO AND (all:""cross-embodiment"" OR all:""action alignment"")","cat:cs.RO AND (all:""cross-embodiment"" OR all:""action alignment"")"
arXiv,2511.16518v2,MiMo-Embodied: X-Embodied Foundation Model Technical Report,Xiaoshuai Hao; Lei Zhou; Zhijian Huang; Zhiwen Hou; Yingbo Tang; Lingfeng Zhang; Guang Li; Zheng Lu; Shuhuai Ren; Xianhui Meng; Yuchen Zhang; Jing Wu; Jinghui Lu; Chenxu Dang; Jiayi Guan; Jianhua Wu; Zhiyi Hou; Hanbing Li; Shumeng Xia; Mingliang Zhou; Yinan Zheng; Zihao Yue; Shuhao Gu; Hao Tian; Yuannan Shen; Jianwei Cui; Wen Zhang; Shaoqing Xu; Bing Wang; Haiyang Sun; Zeyu Zhu; Yuncheng Jiang; Zibin Guo; Chuhong Gong; Chaofan Zhang; Wenbo Ding; Kun Ma; Guang Chen; Rui Cai; Diyun Xiang; Heng Qu; Fuli Luo; Hangjun Ye; Long Chen,2025,arXiv,,http://arxiv.org/abs/2511.16518v2,"cat:cs.RO AND (all:""cross-embodiment"" OR all:""action alignment"")","cat:cs.RO AND (all:""cross-embodiment"" OR all:""action alignment"")"
arXiv,2501.06660v1,MapGS: Generalizable Pretraining and Data Augmentation for Online Mapping via Novel View Synthesis,Hengyuan Zhang; David Paz; Yuliang Guo; Xinyu Huang; Henrik I. Christensen; Liu Ren,2025,arXiv,,http://arxiv.org/abs/2501.06660v1,"cat:cs.RO AND (all:""data augmentation"" OR all:""synthetic demonstrations"")","cat:cs.RO AND (all:""data augmentation"" OR all:""synthetic demonstrations"")"
arXiv,2509.02530v1,Manipulation as in Simulation: Enabling Accurate Geometry Perception in Robots,Minghuan Liu; Zhengbang Zhu; Xiaoshen Han; Peng Hu; Haotong Lin; Xinyao Li; Jingxiao Chen; Jiafeng Xu; Yichu Yang; Yunfeng Lin; Xinghang Li; Yong Yu; Weinan Zhang; Tao Kong; Bingyi Kang,2025,arXiv,,http://arxiv.org/abs/2509.02530v1,"cat:cs.RO AND all:""data engine""","cat:cs.RO AND all:""data engine"""
arXiv,2507.08224v2,Making VLMs More Robot-Friendly: Self-Critical Distillation of Low-Level Procedural Reasoning,Chan Young Park; Jillian Fisher; Marius Memmel; Dipika Khullar; Seoho Yun; Abhishek Gupta; Yejin Choi,2025,arXiv,,http://arxiv.org/abs/2507.08224v2,"cat:cs.RO AND (all:""self-improvement"" OR all:""online post-training"")","cat:cs.RO AND (all:""self-improvement"" OR all:""online post-training"")"
arXiv,2510.06068v3,MachaGrasp: Morphology-Aware Cross-Embodiment Dexterous Hand Articulation Generation for Grasping,Heng Zhang; Kevin Yuchen Ma; Mike Zheng Shou; Weisi Lin; Yan Wu,2025,arXiv,,http://arxiv.org/abs/2510.06068v3,"cat:cs.RO AND (all:""cross-embodiment"" OR all:""action alignment"")","cat:cs.RO AND (all:""cross-embodiment"" OR all:""action alignment"")"
arXiv,2509.18757v1,MV-UMI: A Scalable Multi-View Interface for Cross-Embodiment Learning,Omar Rayyan; John Abanes; Mahmoud Hafez; Anthony Tzes; Fares Abu-Dakka,2025,arXiv,,http://arxiv.org/abs/2509.18757v1,"cat:cs.RO AND (all:""cross-embodiment"" OR all:""action alignment"")","cat:cs.RO AND (all:""cross-embodiment"" OR all:""action alignment"")"
arXiv,2507.10158v2,MTF-Grasp: A Multi-tier Federated Learning Approach for Robotic Grasping,Obaidullah Zaland; Erik Elmroth; Monowar Bhuyan,2025,arXiv,,http://arxiv.org/abs/2507.10158v2,"cat:cs.RO AND all:""data quality""","cat:cs.RO AND all:""data quality"""
arXiv,2508.17547v1,LodeStar: Long-horizon Dexterity via Synthetic Data Augmentation from Human Demonstrations,Weikang Wan; Jiawei Fu; Xiaodi Yuan; Yifeng Zhu; Hao Su,2025,arXiv,,http://arxiv.org/abs/2508.17547v1,"cat:cs.RO AND (all:""data augmentation"" OR all:""synthetic demonstrations"")","cat:cs.RO AND (all:""data augmentation"" OR all:""synthetic demonstrations"")"
arXiv,2508.03024v2,LiGen: GAN-Augmented Spectral Fingerprinting for Indoor Positioning,Jie Lin; Hsun-Yu Lee; Ho-Ming Li; Fang-Jing Wu,2025,arXiv,,http://arxiv.org/abs/2508.03024v2,"cat:cs.RO AND (all:""data augmentation"" OR all:""synthetic demonstrations"")","cat:cs.RO AND (all:""data augmentation"" OR all:""synthetic demonstrations"")"
arXiv,2508.03692v3,LiDARCrafter: Dynamic 4D World Modeling from LiDAR Sequences,Ao Liang; Youquan Liu; Yu Yang; Dongyue Lu; Linfeng Li; Lingdong Kong; Huaici Zhao; Wei Tsang Ooi,2025,arXiv,,http://arxiv.org/abs/2508.03692v3,"cat:cs.RO AND (all:""data augmentation"" OR all:""synthetic demonstrations"")","cat:cs.RO AND (all:""data augmentation"" OR all:""synthetic demonstrations"") || cat:cs.RO AND all:""data engine"""
arXiv,2507.11662v3,Let's Think in Two Steps: Mitigating Agreement Bias in MLLMs with Self-Grounded Verification,Moises Andrade; Joonhyuk Cha; Brandon Ho; Vriksha Srihari; Karmesh Yadav; Zsolt Kira,2025,arXiv,,http://arxiv.org/abs/2507.11662v3,"cat:cs.RO AND (all:""self-improvement"" OR all:""online post-training"")","cat:cs.RO AND (all:""self-improvement"" OR all:""online post-training"")"
arXiv,2508.01808v1,Learning to Perform Low-Contact Autonomous Nasotracheal Intubation by Recurrent Action-Confidence Chunking with Transformer,Yu Tian; Ruoyi Hao; Yiming Huang; Dihong Xie; Catherine Po Ling Chan; Jason Ying Kuen Chan; Hongliang Ren,2025,arXiv,,http://arxiv.org/abs/2508.01808v1,"cat:cs.RO AND all:""data filtering""","cat:cs.RO AND all:""data filtering"""
arXiv,2509.11959v1,Learning to Generate 4D LiDAR Sequences,Ao Liang; Youquan Liu; Yu Yang; Dongyue Lu; Linfeng Li; Lingdong Kong; Huaici Zhao; Wei Tsang Ooi,2025,arXiv,,http://arxiv.org/abs/2509.11959v1,"cat:cs.RO AND (all:""data augmentation"" OR all:""synthetic demonstrations"")","cat:cs.RO AND (all:""data augmentation"" OR all:""synthetic demonstrations"")"
arXiv,2503.05997v2,Learning to Drive by Imitating Surrounding Vehicles,Yasin Sonmez; Hanna Krasowski; Murat Arcak,2025,arXiv,,http://arxiv.org/abs/2503.05997v2,"cat:cs.RO AND (all:""data augmentation"" OR all:""synthetic demonstrations"")","cat:cs.RO AND (all:""data augmentation"" OR all:""synthetic demonstrations"")"
arXiv,2602.06968v1,Learning to Anchor Visual Odometry: KAN-Based Pose Regression for Planetary Landing,Xubo Luo; Zhaojin Li; Xue Wan; Wei Zhang; Leizheng Shu,2025,arXiv,,http://arxiv.org/abs/2602.06968v1,"cat:cs.RO AND (all:""data augmentation"" OR all:""synthetic demonstrations"")","cat:cs.RO AND (all:""data augmentation"" OR all:""synthetic demonstrations"")"
arXiv,2509.06191v1,Learning in ImaginationLand: Omnidirectional Policies through 3D Generative Models (OP-Gen),Yifei Ren; Edward Johns,2025,arXiv,,http://arxiv.org/abs/2509.06191v1,"cat:cs.RO AND (all:""data augmentation"" OR all:""synthetic demonstrations"")","cat:cs.RO AND (all:""data augmentation"" OR all:""synthetic demonstrations"")"
arXiv,2503.07481v1,Learning Physics-Based Full-Body Human Reaching and Grasping from Brief Walking References,Yitang Li; Mingxian Lin; Zhuo Lin; Yipeng Deng; Yue Cao; Li Yi,2025,arXiv,,http://arxiv.org/abs/2503.07481v1,"cat:cs.RO AND all:""data quality""","cat:cs.RO AND all:""data quality"""
arXiv,2507.20445v2,Learning Physical Interaction Skills from Human Demonstrations,Tianyu Li; Hengbo Ma; Sehoon Ha; Kwonjoon Lee,2025,arXiv,,http://arxiv.org/abs/2507.20445v2,"cat:cs.RO AND (all:""cross-embodiment"" OR all:""action alignment"")","cat:cs.RO AND (all:""cross-embodiment"" OR all:""action alignment"")"
arXiv,2512.19583v1,Learning Generalizable Hand-Object Tracking from Synthetic Demonstrations,Yinhuai Wang; Runyi Yu; Hok Wai Tsui; Xiaoyi Lin; Hui Zhang; Qihan Zhao; Ke Fan; Miao Li; Jie Song; Jingbo Wang; Qifeng Chen; Ping Tan,2025,arXiv,,http://arxiv.org/abs/2512.19583v1,"cat:cs.RO AND (all:""data augmentation"" OR all:""synthetic demonstrations"")","cat:cs.RO AND (all:""data augmentation"" OR all:""synthetic demonstrations"")"
arXiv,2504.00614v2,Learning Bipedal Locomotion on Gear-Driven Humanoid Robot Using Foot-Mounted IMUs,Sotaro Katayama; Yuta Koda; Norio Nagatsuka; Masaya Kinoshita,2025,arXiv,,http://arxiv.org/abs/2504.00614v2,"cat:cs.RO AND (all:""data augmentation"" OR all:""synthetic demonstrations"")","cat:cs.RO AND (all:""data augmentation"" OR all:""synthetic demonstrations"")"
arXiv,2508.05941v2,Latent Policy Barrier: Learning Robust Visuomotor Policies by Staying In-Distribution,Zhanyi Sun; Shuran Song,2025,arXiv,,http://arxiv.org/abs/2508.05941v2,"cat:cs.RO AND (all:""data augmentation"" OR all:""synthetic demonstrations"")","cat:cs.RO AND (all:""data augmentation"" OR all:""synthetic demonstrations"")"
arXiv,2512.10226v2,Latent Chain-of-Thought World Modeling for End-to-End Driving,Shuhan Tan; Kashyap Chitta; Yuxiao Chen; Ran Tian; Yurong You; Yan Wang; Wenjie Luo; Yulong Cao; Philipp Krahenbuhl; Marco Pavone; Boris Ivanovic,2025,arXiv,,http://arxiv.org/abs/2512.10226v2,"cat:cs.RO AND (all:""cross-embodiment"" OR all:""action alignment"")","cat:cs.RO AND (all:""cross-embodiment"" OR all:""action alignment"")"
arXiv,2506.14608v4,Latent Action Diffusion for Cross-Embodiment Manipulation,Erik Bauer; Elvis Nava; Robert K. Katzschmann,2025,arXiv,,http://arxiv.org/abs/2506.14608v4,"cat:cs.RO AND (all:""cross-embodiment"" OR all:""action alignment"")","cat:cs.RO AND (all:""cross-embodiment"" OR all:""action alignment"")"
arXiv,2505.18198v1,LTDA-Drive: LLMs-guided Generative Models based Long-tail Data Augmentation for Autonomous Driving,Mahmut Yurt; Xin Ye; Yunsheng Ma; Jingru Luo; Abhirup Mallik; John Pauly; Burhaneddin Yaman; Liu Ren,2025,arXiv,,http://arxiv.org/abs/2505.18198v1,"cat:cs.RO AND (all:""data augmentation"" OR all:""synthetic demonstrations"")","cat:cs.RO AND (all:""data augmentation"" OR all:""synthetic demonstrations"")"
DBLP,850538,LLM Trainer: Automated Robotic Data Generating via Demonstration Augmentation using LLMs,Abraham George; Amir Barati Farimani,2025,CoRR,10.48550/ARXIV.2509.20070,https://doi.org/10.48550/arXiv.2509.20070,robot demonstration augmentation,robot demonstration augmentation
arXiv,2511.02239v2,LACY: A Vision-Language Model-based Language-Action Cycle for Self-Improving Robotic Manipulation,Youngjin Hong; Houjian Yu; Mingen Li; Changhyun Choi,2025,arXiv,,http://arxiv.org/abs/2511.02239v2,"cat:cs.RO AND (all:""self-improvement"" OR all:""online post-training"")","cat:cs.RO AND (all:""self-improvement"" OR all:""online post-training"")"
arXiv,2512.10891v5,Iterative Compositional Data Generation for Robot Control,Anh-Quan Pham; Marcel Hussing; Shubhankar P. Patankar; Dani S. Bassett; Jorge Mendez-Mendez; Eric Eaton,2025,arXiv,,http://arxiv.org/abs/2512.10891v5,"cat:cs.RO AND (all:""self-improvement"" OR all:""online post-training"")","cat:cs.RO AND (all:""self-improvement"" OR all:""online post-training"")"
arXiv,2511.04831v1,Isaac Lab: A GPU-Accelerated Simulation Framework for Multi-Modal Robot Learning,"NVIDIA; :; Mayank Mittal; Pascal Roth; James Tigue; Antoine Richard; Octi Zhang; Peter Du; Antonio Serrano-Muñoz; Xinjie Yao; René Zurbrügg; Nikita Rudin; Lukasz Wawrzyniak; Milad Rakhsha; Alain Denzler; Eric Heiden; Ales Borovicka; Ossama Ahmed; Iretiayo Akinola; Abrar Anwar; Mark T. Carlson; Ji Yuan Feng; Animesh Garg; Renato Gasoto; Lionel Gulich; Yijie Guo; M. Gussert; Alex Hansen; Mihir Kulkarni; Chenran Li; Wei Liu; Viktor Makoviychuk; Grzegorz Malczyk; Hammad Mazhar; Masoud Moghani; Adithyavairavan Murali; Michael Noseworthy; Alexander Poddubny; Nathan Ratliff; Welf Rehberg; Clemens Schwarke; Ritvik Singh; James Latham Smith; Bingjie Tang; Ruchik Thaker; Matthew Trepte; Karl Van Wyk; Fangzhou Yu; Alex Millane; Vikram Ramasamy; Remo Steiner; Sangeeta Subramanian; Clemens Volk; CY Chen; Neel Jawale; Ashwin Varghese Kuruttukulam; Michael A. Lin; Ajay Mandlekar; Karsten Patzwaldt; John Welsh; Huihua Zhao; Fatima Anes; Jean-Francois Lafleche; Nicolas Moënne-Loccoz; Soowan Park; Rob Stepinski; Dirk Van Gelder; Chris Amevor; Jan Carius; Jumyung Chang; Anka He Chen; Pablo de Heras Ciechomski; Gilles Daviet; Mohammad Mohajerani; Julia von Muralt; Viktor Reutskyy; Michael Sauter; Simon Schirm; Eric L. Shi; Pierre Terdiman; Kenny Vilella; Tobias Widmer; Gordon Yeoman; Tiffany Chen; Sergey Grizan; Cathy Li; Lotus Li; Connor Smith; Rafael Wiltz; Kostas Alexis; Yan Chang; David Chu; Linxi ""Jim"" Fan; Farbod Farshidian; Ankur Handa; Spencer Huang; Marco Hutter; Yashraj Narang; Soha Pouya; Shiwei Sheng; Yuke Zhu; Miles Macklin; Adam Moravanszky; Philipp Reist; Yunrong Guo; David Hoeller; Gavriel State",2025,arXiv,,http://arxiv.org/abs/2511.04831v1,"cat:cs.RO AND (all:""cross-embodiment"" OR all:""action alignment"")","cat:cs.RO AND (all:""cross-embodiment"" OR all:""action alignment"")"
arXiv,2507.06219v2,Is Diversity All You Need for Scalable Robotic Manipulation?,Modi Shi; Li Chen; Jin Chen; Yuxiang Lu; Chiming Liu; Guanghui Ren; Ping Luo; Di Huang; Maoqing Yao; Hongyang Li,2025,arXiv,,http://arxiv.org/abs/2507.06219v2,"cat:cs.RO AND (all:""cross-embodiment"" OR all:""action alignment"")","cat:cs.RO AND (all:""cross-embodiment"" OR all:""action alignment"")"
arXiv,2503.11731v1,Industrial-Grade Sensor Simulation via Gaussian Splatting: A Modular Framework for Scalable Editing and Full-Stack Validation,Xianming Zeng; Sicong Du; Qifeng Chen; Lizhe Liu; Haoyu Shu; Jiaxuan Gao; Jiarun Liu; Jiulong Xu; Jianyun Xu; Mingxia Chen; Yiru Zhao; Peng Chen; Yapeng Xue; Chunming Zhao; Sheng Yang; Qiang Li,2025,arXiv,,http://arxiv.org/abs/2503.11731v1,"cat:cs.RO AND (all:""data augmentation"" OR all:""synthetic demonstrations"")","cat:cs.RO AND (all:""data augmentation"" OR all:""synthetic demonstrations"")"
arXiv,2512.19024v1,IndoorUAV: Benchmarking Vision-Language UAV Navigation in Continuous Indoor Environments,Xu Liu; Yu Liu; Hanshuo Qiu; Yang Qirong; Zhouhui Lian,2025,arXiv,,http://arxiv.org/abs/2512.19024v1,"cat:cs.RO AND (all:""data augmentation"" OR all:""synthetic demonstrations"")","cat:cs.RO AND (all:""data augmentation"" OR all:""synthetic demonstrations"")"
arXiv,2506.07150v1,Improving Traffic Signal Data Quality for the Waymo Open Motion Dataset,Xintao Yan; Erdao Liang; Jiawei Wang; Haojie Zhu; Henry X. Liu,2025,arXiv,,http://arxiv.org/abs/2506.07150v1,"cat:cs.RO AND all:""data quality""","cat:cs.RO AND all:""data quality"""
arXiv,2505.03917v1,Improving Failure Prediction in Aircraft Fastener Assembly Using Synthetic Data in Imbalanced Datasets,Gustavo J. G. Lahr; Ricardo V. Godoy; Thiago H. Segreto; Jose O. Savazzi; Arash Ajoudani; Thiago Boaventura; Glauco A. P. Caurin,2025,arXiv,,http://arxiv.org/abs/2505.03917v1,"cat:cs.RO AND (all:""data augmentation"" OR all:""synthetic demonstrations"")","cat:cs.RO AND (all:""data augmentation"" OR all:""synthetic demonstrations"")"
arXiv,2503.09010v2,HumanoidPano: Hybrid Spherical Panoramic-LiDAR Cross-Modal Perception for Humanoid Robots,Qiang Zhang; Zhang Zhang; Wei Cui; Jingkai Sun; Jiahang Cao; Yijie Guo; Gang Han; Wen Zhao; Jiaxu Wang; Chenghao Sun; Lingfeng Zhang; Hao Cheng; Yujie Chen; Lin Wang; Jian Tang; Renjing Xu,2025,arXiv,,http://arxiv.org/abs/2503.09010v2,"cat:cs.RO AND (all:""data augmentation"" OR all:""synthetic demonstrations"")","cat:cs.RO AND (all:""data augmentation"" OR all:""synthetic demonstrations"")"
arXiv,2507.00833v2,HumanoidGen: Data Generation for Bimanual Dexterous Manipulation via LLM Reasoning,Zhi Jing; Siyuan Yang; Jicong Ao; Ting Xiao; Yu-Gang Jiang; Chenjia Bai,2025,arXiv,,http://arxiv.org/abs/2507.00833v2,"cat:cs.RO AND all:""autonomous data collection""","cat:cs.RO AND all:""autonomous data collection"""
arXiv,2502.14795v2,Humanoid-VLA: Towards Universal Humanoid Control with Visual Integration,Pengxiang Ding; Jianfei Ma; Xinyang Tong; Binghong Zou; Xinxin Luo; Yiguo Fan; Ting Wang; Hongchao Lu; Panzhong Mo; Jinxin Liu; Yuefan Wang; Huaicheng Zhou; Wenshuo Feng; Jiacheng Liu; Siteng Huang; Donglin Wang,2025,arXiv,,http://arxiv.org/abs/2502.14795v2,"cat:cs.RO AND (all:""data augmentation"" OR all:""synthetic demonstrations"")","cat:cs.RO AND (all:""data augmentation"" OR all:""synthetic demonstrations"")"
arXiv,2503.13441v3,Humanoid Policy ~ Human Policy,Ri-Zhao Qiu; Shiqi Yang; Xuxin Cheng; Chaitanya Chawla; Jialong Li; Tairan He; Ge Yan; David J. Yoon; Ryan Hoque; Lars Paulsen; Ge Yang; Jian Zhang; Sha Yi; Guanya Shi; Xiaolong Wang,2025,arXiv,,http://arxiv.org/abs/2503.13441v3,"cat:cs.RO AND (all:""cross-embodiment"" OR all:""action alignment"")","cat:cs.RO AND (all:""cross-embodiment"" OR all:""action alignment"")"
arXiv,2506.16475v2,Human2LocoMan: Learning Versatile Quadrupedal Manipulation with Human Pretraining,Yaru Niu; Yunzhe Zhang; Mingyang Yu; Changyi Lin; Chenhao Li; Yikai Wang; Yuxiang Yang; Wenhao Yu; Tingnan Zhang; Zhenzhen Li; Jonathan Francis; Bingqing Chen; Jie Tan; Ding Zhao,2025,arXiv,,http://arxiv.org/abs/2506.16475v2,"cat:cs.RO AND (all:""cross-embodiment"" OR all:""action alignment"")","cat:cs.RO AND (all:""cross-embodiment"" OR all:""action alignment"")"
arXiv,2508.19002v1,HuBE: Cross-Embodiment Human-like Behavior Execution for Humanoid Robots,Shipeng Lyu; Fangyuan Wang; Weiwei Lin; Luhao Zhu; David Navarro-Alarcon; Guodong Guo,2025,arXiv,,http://arxiv.org/abs/2508.19002v1,"cat:cs.RO AND (all:""data augmentation"" OR all:""synthetic demonstrations"")","cat:cs.RO AND (all:""cross-embodiment"" OR all:""action alignment"") || cat:cs.RO AND (all:""data augmentation"" OR all:""synthetic demonstrations"")"
arXiv,2512.03743v7,House of Dextra: Cross-embodied Co-design for Dexterous Hands,Kehlani Fay; Darin Anthony Djapri; Anya Zorin; James Clinton; Ali El Lahib; Hao Su; Michael T. Tolley; Sha Yi; Xiaolong Wang,2025,arXiv,,http://arxiv.org/abs/2512.03743v7,"cat:cs.RO AND (all:""cross-embodiment"" OR all:""action alignment"")","cat:cs.RO AND (all:""cross-embodiment"" OR all:""action alignment"")"
arXiv,2512.14222v2,History-Enhanced Two-Stage Transformer for Aerial Vision-and-Language Navigation,Xichen Ding; Jianzhe Gao; Cong Pan; Wenguan Wang; Jie Qin,2025,arXiv,,http://arxiv.org/abs/2512.14222v2,"cat:cs.RO AND all:""data quality""","cat:cs.RO AND all:""data quality"""
arXiv,2503.00803v3,HiMo: High-Speed Objects Motion Compensation in Point Clouds,Qingwen Zhang; Ajinkya Khoche; Yi Yang; Li Ling; Sina Sharif Mansouri; Olov Andersson; Patric Jensfelt,2025,arXiv,,http://arxiv.org/abs/2503.00803v3,"cat:cs.RO AND all:""data quality""","cat:cs.RO AND all:""data quality"""
arXiv,2505.11920v4,H2R: A Human-to-Robot Data Augmentation for Robot Pre-training from Videos,Guangrun Li; Yaoxu Lyu; Zhuoyang Liu; Chengkai Hou; Jieyu Zhang; Shanghang Zhang,2025,arXiv,,http://arxiv.org/abs/2505.11920v4,"cat:cs.RO AND (all:""data augmentation"" OR all:""synthetic demonstrations"")","cat:cs.RO AND (all:""cross-embodiment"" OR all:""action alignment"") || cat:cs.RO AND (all:""data augmentation"" OR all:""synthetic demonstrations"")"
arXiv,2507.23523v2,H-RDT: Human Manipulation Enhanced Bimanual Robotic Manipulation,Hongzhe Bi; Lingxuan Wu; Tianwei Lin; Hengkai Tan; Zhizhong Su; Hang Su; Jun Zhu,2025,arXiv,,http://arxiv.org/abs/2507.23523v2,"cat:cs.RO AND (all:""cross-embodiment"" OR all:""action alignment"")","cat:cs.RO AND (all:""cross-embodiment"" OR all:""action alignment"")"
arXiv,2505.05518v1,Guidance for Intra-cardiac Echocardiography Manipulation to Maintain Continuous Therapy Device Tip Visibility,Jaeyoung Huh; Ankur Kapoor; Young-Ho Kim,2025,arXiv,,http://arxiv.org/abs/2505.05518v1,"cat:cs.RO AND (all:""data augmentation"" OR all:""synthetic demonstrations"")","cat:cs.RO AND (all:""data augmentation"" OR all:""synthetic demonstrations"")"
arXiv,2511.19861v2,GigaWorld-0: World Models as Data Engine to Empower Embodied AI,GigaWorld Team; Angen Ye; Boyuan Wang; Chaojun Ni; Guan Huang; Guosheng Zhao; Haoyun Li; Jiagang Zhu; Kerui Li; Mengyuan Xu; Qiuping Deng; Siting Wang; Wenkang Qin; Xinze Chen; Xiaofeng Wang; Yankai Wang; Yu Cao; Yifan Chang; Yuan Xu; Yun Ye; Yang Wang; Yukun Zhou; Zhengyuan Zhang; Zhehao Dong; Zheng Zhu,2025,arXiv,,http://arxiv.org/abs/2511.19861v2,"cat:cs.RO AND all:""data engine""","cat:cs.RO AND all:""data engine"""
arXiv,2508.05635v3,Genie Envisioner: A Unified World Foundation Platform for Robotic Manipulation,Yue Liao; Pengfei Zhou; Siyuan Huang; Donglin Yang; Shengcong Chen; Yuxin Jiang; Yue Hu; Jingbin Cai; Si Liu; Jianlan Luo; Liliang Chen; Shuicheng Yan; Maoqing Yao; Guanghui Ren,2025,arXiv,,http://arxiv.org/abs/2508.05635v3,"cat:cs.RO AND (all:""cross-embodiment"" OR all:""action alignment"")","cat:cs.RO AND (all:""cross-embodiment"" OR all:""action alignment"")"
arXiv,2503.05153v2,Generative Trajectory Stitching through Diffusion Composition,Yunhao Luo; Utkarsh A. Mishra; Yilun Du; Danfei Xu,2025,arXiv,,http://arxiv.org/abs/2503.05153v2,"cat:cs.RO AND all:""data quality""","cat:cs.RO AND all:""data quality"""
arXiv,2509.19958v1,Generalist Robot Manipulation beyond Action Labeled Data,Alexander Spiridonov; Jan-Nico Zaech; Nikolay Nikolov; Luc Van Gool; Danda Pani Paudel,2025,arXiv,,http://arxiv.org/abs/2509.19958v1,"cat:cs.RO AND (all:""cross-embodiment"" OR all:""action alignment"")","cat:cs.RO AND (all:""cross-embodiment"" OR all:""action alignment"")"
arXiv,2508.11049v1,GenFlowRL: Shaping Rewards with Generative Object-Centric Flow in Visual Reinforcement Learning,Kelin Yu; Sheng Zhang; Harshit Soora; Furong Huang; Heng Huang; Pratap Tokekar; Ruohan Gao,2025,arXiv,,http://arxiv.org/abs/2508.11049v1,"cat:cs.RO AND (all:""cross-embodiment"" OR all:""action alignment"")","cat:cs.RO AND (all:""cross-embodiment"" OR all:""action alignment"")"
arXiv,2509.00576v1,Galaxea Open-World Dataset and G0 Dual-System VLA Model,Tao Jiang; Tianyuan Yuan; Yicheng Liu; Chenhao Lu; Jianning Cui; Xiao Liu; Shuiqi Cheng; Jiyang Gao; Huazhe Xu; Hang Zhao,2025,arXiv,,http://arxiv.org/abs/2509.00576v1,"cat:cs.RO AND (all:""cross-embodiment"" OR all:""action alignment"")","cat:cs.RO AND (all:""cross-embodiment"" OR all:""action alignment"")"
arXiv,2504.04191v2,GROVE: A Generalized Reward for Learning Open-Vocabulary Physical Skill,Jieming Cui; Tengyu Liu; Ziyu Meng; Jiale Yu; Ran Song; Wei Zhang; Yixin Zhu; Siyuan Huang,2025,arXiv,,http://arxiv.org/abs/2504.04191v2,"cat:cs.RO AND (all:""self-improvement"" OR all:""online post-training"")","cat:cs.RO AND (all:""self-improvement"" OR all:""online post-training"")"
arXiv,2512.24210v2,GR-Dexter Technical Report,Ruoshi Wen; Guangzeng Chen; Zhongren Cui; Min Du; Yang Gou; Zhigang Han; Liqun Huang; Mingyu Lei; Yunfei Li; Zhuohang Li; Wenlei Liu; Yuxiao Liu; Xiao Ma; Hao Niu; Yutao Ouyang; Zeyu Ren; Haixin Shi; Wei Xu; Haoxiang Zhang; Jiajun Zhang; Xiao Zhang; Liwei Zheng; Weiheng Zhong; Yifei Zhou; Zhengming Zhu; Hang Li,2025,arXiv,,http://arxiv.org/abs/2512.24210v2,"cat:cs.RO AND (all:""cross-embodiment"" OR all:""action alignment"")","cat:cs.RO AND (all:""cross-embodiment"" OR all:""action alignment"")"
arXiv,2501.14942v1,Force-Based Robotic Imitation Learning: A Two-Phase Approach for Construction Assembly Tasks,Hengxu You; Yang Ye; Tianyu Zhou; Jing Du,2025,arXiv,,http://arxiv.org/abs/2501.14942v1,"cat:cs.RO AND all:""data quality""","cat:cs.RO AND all:""data quality"""
DBLP,719739,Filtering Human Demonstration Datasets to Improve Policy Learning for Robotic Manipulation,Yixin Deng; Keru Wang; Stephen J. Redmond,2025,SSRR,10.1109/SSRR68451.2025.11391300,https://doi.org/10.1109/SSRR68451.2025.11391300,robot data filtering,robot data filtering
arXiv,2509.24797v1,Fidelity-Aware Data Composition for Robust Robot Generalization,Zizhao Tong; Di Chen; Sicheng Hu; Hongwei Fan; Liliang Chen; Guanghui Ren; Hao Tang; Hao Dong; Ling Shao,2025,arXiv,,http://arxiv.org/abs/2509.24797v1,"cat:cs.RO AND (all:""data augmentation"" OR all:""synthetic demonstrations"")","cat:cs.RO AND (all:""data augmentation"" OR all:""synthetic demonstrations"")"
arXiv,2505.01383v3,FalconWing: An Ultra-Light Indoor Fixed-Wing UAV Platform for Vision-Based Autonomy,Yan Miao; Will Shen; Hang Cui; Sayan Mitra,2025,arXiv,,http://arxiv.org/abs/2505.01383v3,"cat:cs.RO AND (all:""data augmentation"" OR all:""synthetic demonstrations"")","cat:cs.RO AND (all:""data augmentation"" OR all:""synthetic demonstrations"")"
arXiv,2504.14862v1,FERMI: Flexible Radio Mapping with a Hybrid Propagation Model and Scalable Autonomous Data Collection,Yiming Luo; Yunfei Wang; Hongming Chen; Chengkai Wu; Ximin Lyu; Jinni Zhou; Jun Ma; Fu Zhang; Boyu Zhou,2025,arXiv,,http://arxiv.org/abs/2504.14862v1,"cat:cs.RO AND all:""autonomous data collection""","cat:cs.RO AND all:""autonomous data collection"""
arXiv,2512.04952v2,FASTer: Toward Efficient Autoregressive Vision Language Action Modeling via Neural Action Tokenization,Yicheng Liu; Shiduo Zhang; Zibin Dong; Baijun Ye; Tianyuan Yuan; Xiaopeng Yu; Linqi Yin; Chenhao Lu; Junhao Shi; Luca Jiang-Tao Yu; Liangtao Zheng; Tao Jiang; Jingjing Gong; Xipeng Qiu; Hang Zhao,2025,arXiv,,http://arxiv.org/abs/2512.04952v2,"cat:cs.RO AND (all:""cross-embodiment"" OR all:""action alignment"")","cat:cs.RO AND (all:""cross-embodiment"" OR all:""action alignment"")"
arXiv,2507.18661v3,Eyes Will Shut: A Vision-Based Next GPS Location Prediction Model by Reinforcement Learning from Visual Map Feed Back,Ruixing Zhang; Yang Zhang; Tongyu Zhu; Leilei Sun; Weifeng Lv,2025,arXiv,,http://arxiv.org/abs/2507.18661v3,"cat:cs.RO AND (all:""self-improvement"" OR all:""online post-training"")","cat:cs.RO AND (all:""self-improvement"" OR all:""online post-training"")"
arXiv,2509.15400v1,Exploring multimodal implicit behavior learning for vehicle navigation in simulated cities,Eric Aislan Antonelo; Gustavo Claudio Karl Couto; Christian Möller,2025,arXiv,,http://arxiv.org/abs/2509.15400v1,"cat:cs.RO AND (all:""data augmentation"" OR all:""synthetic demonstrations"")","cat:cs.RO AND (all:""data augmentation"" OR all:""synthetic demonstrations"")"
arXiv,2503.19916v1,EventFly: Event Camera Perception from Ground to the Sky,Lingdong Kong; Dongyue Lu; Xiang Xu; Lai Xing Ng; Wei Tsang Ooi; Benoit R. Cottereau,2025,arXiv,,http://arxiv.org/abs/2503.19916v1,"cat:cs.RO AND all:""data mixing""","cat:cs.RO AND all:""data mixing"""
arXiv,2509.18953v2,Eva-VLA: Evaluating Vision-Language-Action Models' Robustness Under Real-World Physical Variations,Hanqing Liu; Shouwei Ruan; Jiahuan Long; Junqi Wu; Jiacheng Hou; Huili Tang; Tingsong Jiang; Weien Zhou; Wen Yao,2025,arXiv,,http://arxiv.org/abs/2509.18953v2,"cat:cs.RO AND (all:""data augmentation"" OR all:""synthetic demonstrations"")","cat:cs.RO AND (all:""data augmentation"" OR all:""synthetic demonstrations"")"
arXiv,2508.18705v2,Enhancing Video-Based Robot Failure Detection Using Task Knowledge,Santosh Thoduka; Sebastian Houben; Juergen Gall; Paul G. Plöger,2025,arXiv,,http://arxiv.org/abs/2508.18705v2,"cat:cs.RO AND (all:""data augmentation"" OR all:""synthetic demonstrations"")","cat:cs.RO AND (all:""data augmentation"" OR all:""synthetic demonstrations"")"
arXiv,2504.00167v1,Enhancing Physical Human-Robot Interaction: Recognizing Digits via Intrinsic Robot Tactile Sensing,Teresa Sinico; Giovanni Boschetti; Pedro Neto,2025,arXiv,,http://arxiv.org/abs/2504.00167v1,"cat:cs.RO AND (all:""data augmentation"" OR all:""synthetic demonstrations"")","cat:cs.RO AND (all:""data augmentation"" OR all:""synthetic demonstrations"")"
arXiv,2503.01146v1,Enhancing Deep Reinforcement Learning-based Robot Navigation Generalization through Scenario Augmentation,Shanze Wang; Mingao Tan; Zhibo Yang; Xianghui Wang; Xiaoyu Shen; Hailong Huang; Wei Zhang,2025,arXiv,,http://arxiv.org/abs/2503.01146v1,"cat:cs.RO AND (all:""data augmentation"" OR all:""synthetic demonstrations"")","cat:cs.RO AND (all:""data augmentation"" OR all:""synthetic demonstrations"")"
arXiv,2501.01327v1,Enhancement of Neural Inertial Regression Networks: A Data-Driven Perspective,Victoria Khalfin Fekson; Nitsan Pri-Hadash; Netta Palez; Aviad Etzion; Itzik Klein,2025,arXiv,,http://arxiv.org/abs/2501.01327v1,"cat:cs.RO AND (all:""data augmentation"" OR all:""synthetic demonstrations"")","cat:cs.RO AND (all:""data augmentation"" OR all:""synthetic demonstrations"")"
arXiv,2501.01895v3,EnerVerse: Envisioning Embodied Future Space for Robotics Manipulation,Siyuan Huang; Liliang Chen; Pengfei Zhou; Shengcong Chen; Zhengkai Jiang; Yue Hu; Yue Liao; Peng Gao; Hongsheng Li; Maoqing Yao; Guanghui Ren,2025,arXiv,,http://arxiv.org/abs/2501.01895v3,"cat:cs.RO AND all:""data engine""","cat:cs.RO AND all:""data engine"""
arXiv,2505.09723v1,EnerVerse-AC: Envisioning Embodied Environments with Action Condition,Yuxin Jiang; Shengcong Chen; Siyuan Huang; Liliang Chen; Pengfei Zhou; Yue Liao; Xindong He; Chiming Liu; Hongsheng Li; Maoqing Yao; Guanghui Ren,2025,arXiv,,http://arxiv.org/abs/2505.09723v1,"cat:cs.RO AND all:""data engine""","cat:cs.RO AND all:""data engine"""
arXiv,2511.07720v2,Empowering Robot Teleoperation: Exploring the Synergies Between Devices and Manipulator Controllers in a Comparative Study,Yuxuan Zhao; Yuanchen Tang; Jindi Zhang; Hongyu Yu,2025,arXiv,,http://arxiv.org/abs/2511.07720v2,"cat:cs.RO AND all:""data quality""","cat:cs.RO AND all:""data quality"""
arXiv,2511.01224v1,Embodiment Transfer Learning for Vision-Language-Action Models,Chengmeng Li; Yaxin Peng,2025,arXiv,,http://arxiv.org/abs/2511.01224v1,"cat:cs.RO AND (all:""cross-embodiment"" OR all:""action alignment"")","cat:cs.RO AND (all:""cross-embodiment"" OR all:""action alignment"")"
arXiv,2509.12129v2,Embodied Navigation Foundation Model,Jiazhao Zhang; Anqi Li; Yunpeng Qi; Minghan Li; Jiahang Liu; Shaoan Wang; Haoran Liu; Gengze Zhou; Yuze Wu; Xingxing Li; Yuxin Fan; Wenjun Li; Zhibo Chen; Fei Gao; Qi Wu; Zhizheng Zhang; He Wang,2025,arXiv,,http://arxiv.org/abs/2509.12129v2,"cat:cs.RO AND (all:""cross-embodiment"" OR all:""action alignment"")","cat:cs.RO AND (all:""cross-embodiment"" OR all:""action alignment"")"
arXiv,2505.10705v1,Embodied AI in Machine Learning -- is it Really Embodied?,Matej Hoffmann; Shubhan Parag Patni,2025,arXiv,,http://arxiv.org/abs/2505.10705v1,"cat:cs.RO AND (all:""cross-embodiment"" OR all:""action alignment"")","cat:cs.RO AND (all:""cross-embodiment"" OR all:""action alignment"")"
arXiv,2510.12072v1,EmboMatrix: A Scalable Training-Ground for Embodied Decision-Making,Zixing Lei; Sheng Yin; Yichen Xiong; Yuanzhuo Ding; Wenhao Huang; Yuxi Wei; Qingyao Xu; Yiming Li; Weixin Li; Yunhong Wang; Siheng Chen,2025,arXiv,,http://arxiv.org/abs/2510.12072v1,"cat:cs.RO AND all:""data engine""","cat:cs.RO AND all:""data engine"""
arXiv,2509.19626v1,EgoBridge: Domain Adaptation for Generalizable Imitation from Egocentric Human Data,Ryan Punamiya; Dhruv Patel; Patcharapong Aphiwetsa; Pranav Kuppili; Lawrence Y. Zhu; Simar Kareer; Judy Hoffman; Danfei Xu,2025,arXiv,,http://arxiv.org/abs/2509.19626v1,"cat:cs.RO AND (all:""cross-embodiment"" OR all:""action alignment"")","cat:cs.RO AND (all:""cross-embodiment"" OR all:""action alignment"")"
arXiv,2512.14666v1,EVOLVE-VLA: Test-Time Training from Environment Feedback for Vision-Language-Action Models,Zechen Bai; Chen Gao; Mike Zheng Shou,2025,arXiv,,http://arxiv.org/abs/2512.14666v1,"cat:cs.RO AND (all:""self-improvement"" OR all:""online post-training"")","cat:cs.RO AND (all:""self-improvement"" OR all:""online post-training"")"
arXiv,2509.22407v2,EMMA: Generalizing Real-World Robot Manipulation via Generative Visual Transfer,Zhehao Dong; Xiaofeng Wang; Zheng Zhu; Yirui Wang; Yang Wang; Yukun Zhou; Boyuan Wang; Chaojun Ni; Runqi Ouyang; Wenkang Qin; Xinze Chen; Yun Ye; Guan Huang; Zhen Lu; Yue Yang,2025,arXiv,,http://arxiv.org/abs/2509.22407v2,"cat:cs.RO AND all:""data engine""","cat:cs.RO AND all:""data engine"""
arXiv,2512.19043v1,EGM: Efficiently Learning General Motion Tracking Policy for High Dynamic Humanoid Whole-Body Control,Chao Yang; Yingkai Sun; Peng Ye; Xin Chen; Chong Yu; Tao Chen,2025,arXiv,,http://arxiv.org/abs/2512.19043v1,"cat:cs.RO AND all:""data quality""","cat:cs.RO AND all:""data quality"""
arXiv,2509.13774v1,Dual-Actor Fine-Tuning of VLA Models: A Talk-and-Tweak Human-in-the-Loop Approach,Piaopiao Jin; Qi Wang; Guokang Sun; Ziwen Cai; Pinjia He; Yangwei You,2025,arXiv,,http://arxiv.org/abs/2509.13774v1,"cat:cs.RO AND all:""data quality""","cat:cs.RO AND all:""data quality"""
arXiv,2505.12705v2,DreamGen: Unlocking Generalization in Robot Learning through Video World Models,Joel Jang; Seonghyeon Ye; Zongyu Lin; Jiannan Xiang; Johan Bjorck; Yu Fang; Fengyuan Hu; Spencer Huang; Kaushil Kundalia; Yen-Chen Lin; Loic Magne; Ajay Mandlekar; Avnish Narayan; You Liang Tan; Guanzhi Wang; Jing Wang; Qi Wang; Yinzhen Xu; Xiaohui Zeng; Kaiyuan Zheng; Ruijie Zheng; Ming-Yu Liu; Luke Zettlemoyer; Dieter Fox; Jan Kautz; Scott Reed; Yuke Zhu; Linxi Fan,2025,arXiv,,http://arxiv.org/abs/2505.12705v2,"cat:cs.RO AND (all:""world model"" AND all:""data generation"")","cat:cs.RO AND (all:""world model"" AND all:""data generation"")"
arXiv,2509.18644v2,Do You Need Proprioceptive States in Visuomotor Policies?,Juntu Zhao; Wenbo Lu; Di Zhang; Yufeng Liu; Yushen Liang; Tianluo Zhang; Yifeng Cao; Junyuan Xie; Yingdong Hu; Shengjie Wang; Junliang Guo; Dequan Wang; Yang Gao,2025,arXiv,,http://arxiv.org/abs/2509.18644v2,"cat:cs.RO AND (all:""cross-embodiment"" OR all:""action alignment"")","cat:cs.RO AND (all:""cross-embodiment"" OR all:""action alignment"")"
arXiv,2510.16281v2,Do What You Say: Steering Vision-Language-Action Models via Runtime Reasoning-Action Alignment Verification,Yilin Wu; Anqi Li; Tucker Hermans; Fabio Ramos; Andrea Bajcsy; Claudia Pérez-D'Arpino,2025,arXiv,,http://arxiv.org/abs/2510.16281v2,"cat:cs.RO AND (all:""cross-embodiment"" OR all:""action alignment"")","cat:cs.RO AND (all:""cross-embodiment"" OR all:""action alignment"")"
arXiv,2503.19757v2,Dita: Scaling Diffusion Transformer for Generalist Vision-Language-Action Policy,Zhi Hou; Tianyi Zhang; Yuwen Xiong; Haonan Duan; Hengjun Pu; Ronglei Tong; Chengyang Zhao; Xizhou Zhu; Yu Qiao; Jifeng Dai; Yuntao Chen,2025,arXiv,,http://arxiv.org/abs/2503.19757v2,"cat:cs.RO AND (all:""cross-embodiment"" OR all:""action alignment"")","cat:cs.RO AND (all:""cross-embodiment"" OR all:""action alignment"")"
arXiv,2511.19528v1,"Discover, Learn, and Reinforce: Scaling Vision-Language-Action Pretraining with Diverse RL-Generated Trajectories",Rushuai Yang; Zhiyuan Feng; Tianxiang Zhang; Kaixin Wang; Chuheng Zhang; Li Zhao; Xiu Su; Yi Chen; Jiang Bian,2025,arXiv,,http://arxiv.org/abs/2511.19528v1,"cat:cs.RO AND all:""data engine""","cat:cs.RO AND all:""data engine"""
arXiv,2512.03891v1,Digital Twin-based Control Co-Design of Full Vehicle Active Suspensions via Deep Reinforcement Learning,Ying-Kuan Tsai; Yi-Ping Chen; Vispi Karkaria; Wei Chen,2025,arXiv,,http://arxiv.org/abs/2512.03891v1,"cat:cs.RO AND (all:""self-improvement"" OR all:""online post-training"")","cat:cs.RO AND (all:""self-improvement"" OR all:""online post-training"")"
arXiv,2504.08438v3,Diffusion Models for Robotic Manipulation: A Survey,Rosa Wolf; Yitian Shi; Sheng Liu; Rania Rayyes,2025,arXiv,,http://arxiv.org/abs/2504.08438v3,"cat:cs.RO AND (all:""data augmentation"" OR all:""synthetic demonstrations"")","cat:cs.RO AND (all:""data augmentation"" OR all:""synthetic demonstrations"")"
arXiv,2507.15857v7,Diffusion Beats Autoregressive in Data-Constrained Settings,Mihir Prabhudesai; Mengning Wu; Amir Zadeh; Katerina Fragkiadaki; Deepak Pathak,2025,arXiv,,http://arxiv.org/abs/2507.15857v7,"cat:cs.RO AND (all:""data augmentation"" OR all:""synthetic demonstrations"")","cat:cs.RO AND (all:""data augmentation"" OR all:""synthetic demonstrations"")"
arXiv,2505.07813v2,DexWild: Dexterous Human Interactions for In-the-Wild Robot Policies,Tony Tao; Mohan Kumar Srirama; Jason Jingzhou Liu; Kenneth Shaw; Deepak Pathak,2025,arXiv,,http://arxiv.org/abs/2505.07813v2,"cat:cs.RO AND (all:""cross-embodiment"" OR all:""action alignment"")","cat:cs.RO AND (all:""cross-embodiment"" OR all:""action alignment"")"
arXiv,2502.05855v3,DexVLA: Vision-Language Model with Plug-In Diffusion Expert for General Robot Control,Junjie Wen; Yichen Zhu; Jinming Li; Zhibin Tang; Chaomin Shen; Feifei Feng,2025,arXiv,,http://arxiv.org/abs/2502.05855v3,"cat:cs.RO AND (all:""cross-embodiment"" OR all:""action alignment"")","cat:cs.RO AND (all:""cross-embodiment"" OR all:""action alignment"")"
arXiv,2504.04573v1,DexTOG: Learning Task-Oriented Dexterous Grasp with Language,Jieyi Zhang; Wenqiang Xu; Zhenjun Yu; Pengfei Xie; Tutian Tang; Cewu Lu,2025,arXiv,,http://arxiv.org/abs/2504.04573v1,"cat:cs.RO AND all:""data engine""","cat:cs.RO AND all:""data engine"""
arXiv,2510.08556v1,DexNDM: Closing the Reality Gap for Dexterous In-Hand Rotation via Joint-Wise Neural Dynamics Model,Xueyi Liu; He Wang; Li Yi,2025,arXiv,,http://arxiv.org/abs/2510.08556v1,"cat:cs.RO AND all:""autonomous data collection""","cat:cs.RO AND all:""autonomous data collection"""
arXiv,2509.23829v1,DexFlyWheel: A Scalable and Self-improving Data Generation Framework for Dexterous Manipulation,Kefei Zhu; Fengshuo Bai; YuanHao Xiang; Yishuai Cai; Xinglin Chen; Ruochong Li; Xingtao Wang; Hao Dong; Yaodong Yang; Xiaopeng Fan; Yuanpei Chen,2025,arXiv,,http://arxiv.org/abs/2509.23829v1,"cat:cs.RO AND (all:""data augmentation"" OR all:""synthetic demonstrations"")","cat:cs.RO AND (all:""data augmentation"" OR all:""synthetic demonstrations"") || cat:cs.RO AND (all:""self-improvement"" OR all:""online post-training"")"
arXiv,2502.12539v2,Design and Implementation of a Dual Uncrewed Surface Vessel Platform for Bathymetry Research under High-flow Conditions,Dinesh Kumar; Amin Ghorbanpour; Kin Yen; Iman Soltani,2025,arXiv,,http://arxiv.org/abs/2502.12539v2,"cat:cs.RO AND all:""data quality""","cat:cs.RO AND all:""data quality"""
arXiv,2501.02464v2,Depth Any Camera: Zero-Shot Metric Depth Estimation from Any Camera,Yuliang Guo; Sparsh Garg; S. Mahdi H. Miangoleh; Xinyu Huang; Liu Ren,2025,arXiv,,http://arxiv.org/abs/2501.02464v2,"cat:cs.RO AND (all:""data augmentation"" OR all:""synthetic demonstrations"")","cat:cs.RO AND (all:""data augmentation"" OR all:""synthetic demonstrations"")"
arXiv,2502.16932v1,DemoGen: Synthetic Demonstration Generation for Data-Efficient Visuomotor Policy Learning,Zhengrong Xue; Shuying Deng; Zhenyang Chen; Yixuan Wang; Zhecheng Yuan; Huazhe Xu,2025,arXiv,,http://arxiv.org/abs/2502.16932v1,"cat:cs.RO AND (all:""data augmentation"" OR all:""synthetic demonstrations"")","cat:cs.RO AND (all:""data augmentation"" OR all:""synthetic demonstrations"")"
arXiv,2509.04970v1,DeGuV: Depth-Guided Visual Reinforcement Learning for Generalization and Interpretability in Manipulation,Tien Pham; Xinyun Chi; Khang Nguyen; Manfred Huber; Angelo Cangelosi,2025,arXiv,,http://arxiv.org/abs/2509.04970v1,"cat:cs.RO AND (all:""data augmentation"" OR all:""synthetic demonstrations"")","cat:cs.RO AND (all:""data augmentation"" OR all:""synthetic demonstrations"")"
DBLP,471691,Data-driven modeling and integrated optimization of machining quality and energy consumption for internal gear power honing process,You Zhang; Congbo Li; Ying Tang 0001; Huajun Cao; Guibao Tao,2025,Robotics Comput. Integr. Manuf.,10.1016/J.RCIM.2024.102943,https://doi.org/10.1016/j.rcim.2024.102943,robot data quality,robot data quality
arXiv,2503.04579v1,Data-augmented Learning of Geodesic Distances in Irregular Domains through Soner Boundary Conditions,Rafael I. Cabral Muchacho; Florian T. Pokorny,2025,arXiv,,http://arxiv.org/abs/2503.04579v1,"cat:cs.RO AND (all:""data augmentation"" OR all:""synthetic demonstrations"")","cat:cs.RO AND (all:""data augmentation"" OR all:""synthetic demonstrations"")"
arXiv,2508.11868v1,Data Shift of Object Detection in Autonomous Driving,Lida Xu,2025,arXiv,,http://arxiv.org/abs/2508.11868v1,"cat:cs.RO AND (all:""data augmentation"" OR all:""synthetic demonstrations"")","cat:cs.RO AND (all:""data augmentation"" OR all:""synthetic demonstrations"")"
arXiv,2504.04338v1,Data Scaling Laws for End-to-End Autonomous Driving,Alexander Naumann; Xunjiang Gu; Tolga Dimlioglu; Mariusz Bojarski; Alperen Degirmenci; Alexander Popov; Devansh Bisla; Marco Pavone; Urs Müller; Boris Ivanovic,2025,arXiv,,http://arxiv.org/abs/2504.04338v1,"cat:cs.RO AND all:""data engine""","cat:cs.RO AND all:""data engine"""
arXiv,2503.02092v1,Data Augmentation for NeRFs in the Low Data Limit,Ayush Gaggar; Todd D. Murphey,2025,arXiv,,http://arxiv.org/abs/2503.02092v1,"cat:cs.RO AND (all:""data augmentation"" OR all:""synthetic demonstrations"")","cat:cs.RO AND (all:""data augmentation"" OR all:""synthetic demonstrations"")"
arXiv,2503.01871v1,Data Augmentation for Instruction Following Policies via Trajectory Segmentation,Niklas Höpner; Ilaria Tiddi; Herke van Hoof,2025,arXiv,,http://arxiv.org/abs/2503.01871v1,"cat:cs.RO AND (all:""data augmentation"" OR all:""synthetic demonstrations"")","cat:cs.RO AND (all:""data augmentation"" OR all:""synthetic demonstrations"")"
arXiv,2512.18988v1,DTCCL: Disengagement-Triggered Contrastive Continual Learning for Autonomous Bus Planners,Yanding Yang; Weitao Zhou; Jinhai Wang; Xiaomin Guo; Junze Wen; Xiaolong Liu; Lang Ding; Zheng Fu; Jinyu Miao; Kun Jiang; Diange Yang,2025,arXiv,,http://arxiv.org/abs/2512.18988v1,"cat:cs.RO AND (all:""data augmentation"" OR all:""synthetic demonstrations"")","cat:cs.RO AND (all:""data augmentation"" OR all:""synthetic demonstrations"")"
arXiv,2510.23525v1,DPGLA: Bridging the Gap between Synthetic and Real Data for Unsupervised Domain Adaptation in 3D LiDAR Semantic Segmentation,Wanmeng Li; Simone Mosco; Daniel Fusaro; Alberto Pretto,2025,arXiv,,http://arxiv.org/abs/2510.23525v1,"cat:cs.RO AND all:""data mixing""","cat:cs.RO AND (all:""data augmentation"" OR all:""synthetic demonstrations"") || cat:cs.RO AND all:""data mixing"""
arXiv,2505.19850v2,DISCOVER: Automated Curricula for Sparse-Reward Reinforcement Learning,Leander Diaz-Bone; Marco Bagatella; Jonas Hübotter; Andreas Krause,2025,arXiv,,http://arxiv.org/abs/2505.19850v2,"cat:cs.RO AND (all:""self-improvement"" OR all:""online post-training"")","cat:cs.RO AND (all:""self-improvement"" OR all:""online post-training"")"
arXiv,2505.04860v2,D-CODA: Diffusion for Coordinated Dual-Arm Data Augmentation,I-Chun Arthur Liu; Jason Chen; Gaurav Sukhatme; Daniel Seita,2025,arXiv,,http://arxiv.org/abs/2505.04860v2,"cat:cs.RO AND (all:""data augmentation"" OR all:""synthetic demonstrations"")","cat:cs.RO AND (all:""data augmentation"" OR all:""synthetic demonstrations"")"
arXiv,2503.08622v1,Cross-Embodiment Robotic Manipulation Synthesis via Guided Demonstrations through CycleVAE and Human Behavior Transformer,Apan Dastider; Hao Fang; Mingjie Lin,2025,arXiv,,http://arxiv.org/abs/2503.08622v1,"cat:cs.RO AND (all:""cross-embodiment"" OR all:""action alignment"")","cat:cs.RO AND (all:""cross-embodiment"" OR all:""action alignment"")"
arXiv,2508.00299v1,Controllable Pedestrian Video Editing for Multi-View Driving Scenarios via Motion Sequence,Danzhen Fu; Jiagao Hu; Daiguo Zhou; Fei Wang; Zepeng Wang; Wenhua Liao,2025,arXiv,,http://arxiv.org/abs/2508.00299v1,"cat:cs.RO AND (all:""data augmentation"" OR all:""synthetic demonstrations"")","cat:cs.RO AND (all:""data augmentation"" OR all:""synthetic demonstrations"")"
arXiv,2505.20498v2,ControlTac: Force- and Position-Controlled Tactile Data Augmentation with a Single Reference Image,Dongyu Luo; Kelin Yu; Amir-Hossein Shahidzadeh; Cornelia Fermüller; Yiannis Aloimonos; Ruohan Gao,2025,arXiv,,http://arxiv.org/abs/2505.20498v2,"cat:cs.RO AND (all:""data augmentation"" OR all:""synthetic demonstrations"")","cat:cs.RO AND (all:""data augmentation"" OR all:""synthetic demonstrations"")"
arXiv,2511.14396v5,Continuous Vision-Language-Action Co-Learning with Semantic-Physical Alignment for Behavioral Cloning,Xiuxiu Qi; Yu Yang; Jiannong Cao; Luyao Bai; Chongshan Fan; Chengtai Cao; Hongpeng Wang,2025,arXiv,,http://arxiv.org/abs/2511.14396v5,"cat:cs.RO AND (all:""data augmentation"" OR all:""synthetic demonstrations"")","cat:cs.RO AND (all:""data augmentation"" OR all:""synthetic demonstrations"")"
arXiv,2507.09371v2,Constrained Style Learning from Imperfect Demonstrations under Task Optimality,Kehan Wen; Chenhao Li; Junzhe He; Marco Hutter,2025,arXiv,,http://arxiv.org/abs/2507.09371v2,"cat:cs.RO AND all:""demonstration selection""","cat:cs.RO AND all:""demonstration selection"""
arXiv,2511.22963v3,Commanding Humanoid by Free-form Language: A Large Language Action Model with Unified Motion Vocabulary,Zhirui Liu; Kaiyang Ji; Ke Yang; Yahao Fan; Jingyi Yu; Ye Shi; Jingya Wang,2025,arXiv,,http://arxiv.org/abs/2511.22963v3,"cat:cs.RO AND (all:""cross-embodiment"" OR all:""action alignment"")","cat:cs.RO AND (all:""cross-embodiment"" OR all:""action alignment"")"
arXiv,2502.19892v1,"ColorDynamic: Generalizable, Scalable, Real-time, End-to-end Local Planner for Unstructured and Dynamic Environments",Jinghao Xin; Zhichao Liang; Zihuan Zhang; Peng Wang; Ning Li,2025,arXiv,,http://arxiv.org/abs/2502.19892v1,"cat:cs.RO AND (all:""data augmentation"" OR all:""synthetic demonstrations"")","cat:cs.RO AND (all:""data augmentation"" OR all:""synthetic demonstrations"")"
arXiv,2509.24093v1,Clebsch-Gordan Transformer: Fast and Global Equivariant Attention,Owen Lewis Howell; Linfeng Zhao; Xupeng Zhu; Yaoyao Qian; Haojie Huang; Lingfeng Sun; Wil Thomason; Robert Platt; Robin Walters,2025,arXiv,,http://arxiv.org/abs/2509.24093v1,"cat:cs.RO AND (all:""data augmentation"" OR all:""synthetic demonstrations"")","cat:cs.RO AND (all:""data augmentation"" OR all:""synthetic demonstrations"")"
arXiv,2504.10738v1,CleanMAP: Distilling Multimodal LLMs for Confidence-Driven Crowdsourced HD Map Updates,Ankit Kumar Shaw; Kun Jiang; Tuopu Wen; Chandan Kumar Sah; Yining Shi; Mengmeng Yang; Diange Yang; Xiaoli Lian,2025,arXiv,,http://arxiv.org/abs/2504.10738v1,"cat:cs.RO AND all:""data quality""","cat:cs.RO AND all:""data quality"""
arXiv,2503.02687v3,Class-Aware PillarMix: Can Mixed Sample Data Augmentation Enhance 3D Object Detection with Radar Point Clouds?,Miao Zhang; Sherif Abdulatif; Benedikt Loesch; Marco Altmann; Bin Yang,2025,arXiv,,http://arxiv.org/abs/2503.02687v3,"cat:cs.RO AND (all:""data augmentation"" OR all:""synthetic demonstrations"")","cat:cs.RO AND (all:""data augmentation"" OR all:""synthetic demonstrations"")"
arXiv,2510.18034v3,Can VLMs Unlock Semantic Anomaly Detection? A Framework for Structured Reasoning,Roberto Brusnicki; David Pop; Yuan Gao; Mattia Piccinini; Johannes Betz,2025,arXiv,,http://arxiv.org/abs/2510.18034v3,"cat:cs.RO AND all:""data curation""","cat:cs.RO AND all:""data curation"""
arXiv,2506.19121v2,CUPID: Curating Data your Robot Loves with Influence Functions,Christopher Agia; Rohan Sinha; Jingyun Yang; Rika Antonova; Marco Pavone; Haruki Nishimura; Masha Itkina; Jeannette Bohg,2025,arXiv,,http://arxiv.org/abs/2506.19121v2,"cat:cs.RO AND all:""data curation""","cat:cs.RO AND all:""data curation"""
arXiv,2502.16372v3,COMPASS: Cross-embodiment Mobility Policy via Residual RL and Skill Synthesis,Wei Liu; Huihua Zhao; Chenran Li; Yuchen Deng; Joydeep Biswas; Soha Pouya; Yan Chang,2025,arXiv,,http://arxiv.org/abs/2502.16372v3,"cat:cs.RO AND (all:""cross-embodiment"" OR all:""action alignment"")","cat:cs.RO AND (all:""cross-embodiment"" OR all:""action alignment"")"
arXiv,2503.11958v1,"CHOrD: Generation of Collision-Free, House-Scale, and Organized Digital Twins for 3D Indoor Scenes with Controllable Floor Plans and Optimal Layouts",Chong Su; Yingbin Fu; Zheyuan Hu; Jing Yang; Param Hanji; Shaojun Wang; Xuan Zhao; Cengiz Öztireli; Fangcheng Zhong,2025,arXiv,,http://arxiv.org/abs/2503.11958v1,"cat:cs.RO AND all:""data quality""","cat:cs.RO AND all:""data quality"""
arXiv,2512.14689v2,CHIP: Adaptive Compliance for Humanoid Control through Hindsight Perturbation,"Sirui Chen; Zi-ang Cao; Zhengyi Luo; Fernando Castañeda; Chenran Li; Tingwu Wang; Ye Yuan; Linxi ""Jim"" Fan; C. Karen Liu; Yuke Zhu",2025,arXiv,,http://arxiv.org/abs/2512.14689v2,"cat:cs.RO AND (all:""data augmentation"" OR all:""synthetic demonstrations"")","cat:cs.RO AND (all:""data augmentation"" OR all:""synthetic demonstrations"")"
arXiv,2509.24661v1,CEDex: Cross-Embodiment Dexterous Grasp Generation at Scale from Human-like Contact Representations,Zhiyuan Wu; Rolandos Alexandros Potamias; Xuyang Zhang; Zhongqun Zhang; Jiankang Deng; Shan Luo,2025,arXiv,,http://arxiv.org/abs/2509.24661v1,"cat:cs.RO AND (all:""cross-embodiment"" OR all:""action alignment"")","cat:cs.RO AND (all:""cross-embodiment"" OR all:""action alignment"")"
arXiv,2509.23203v2,CE-Nav: Flow-Guided Reinforcement Refinement for Cross-Embodiment Local Navigation,Kai Yang; Tianlin Zhang; Zhengbo Wang; Zedong Chu; Xiaolong Wu; Yang Cai; Mu Xu,2025,arXiv,,http://arxiv.org/abs/2509.23203v2,"cat:cs.RO AND (all:""cross-embodiment"" OR all:""action alignment"")","cat:cs.RO AND (all:""cross-embodiment"" OR all:""action alignment"")"
arXiv,2506.14769v2,CDP: Towards Robust Autoregressive Visuomotor Policy Learning via Causal Diffusion,Jiahua Ma; Yiran Qin; Yixiong Li; Xuanqi Liao; Yulan Guo; Ruimao Zhang,2025,arXiv,,http://arxiv.org/abs/2506.14769v2,"cat:cs.RO AND all:""data quality""","cat:cs.RO AND all:""data quality"""
arXiv,2507.17727v2,CA-Cut: Crop-Aligned Cutout for Data Augmentation to Learn More Robust Under-Canopy Navigation,Robel Mamo; Taeyeong Choi,2025,arXiv,,http://arxiv.org/abs/2507.17727v2,"cat:cs.RO AND (all:""data augmentation"" OR all:""synthetic demonstrations"")","cat:cs.RO AND (all:""data augmentation"" OR all:""synthetic demonstrations"")"
arXiv,2505.17389v1,Bootstrapping Imitation Learning for Long-horizon Manipulation via Hierarchical Data Collection Space,Jinrong Yang; Kexun Chen; Zhuoling Li; Shengkai Wu; Yong Zhao; Liangliang Ren; Wenqiu Luo; Chaohui Shang; Meiyu Zhi; Linfeng Gao; Mingshan Sun; Hui Cheng,2025,arXiv,,http://arxiv.org/abs/2505.17389v1,"cat:cs.RO AND all:""data quality""","cat:cs.RO AND all:""data quality"""
arXiv,2509.21256v3,BiNoMaP: Learning Category-Level Bimanual Non-Prehensile Manipulation Primitives,Huayi Zhou; Kui Jia,2025,arXiv,,http://arxiv.org/abs/2509.21256v3,"cat:cs.RO AND (all:""cross-embodiment"" OR all:""action alignment"")","cat:cs.RO AND (all:""cross-embodiment"" OR all:""action alignment"")"
arXiv,2512.00727v2,Beyond Topology: A Morphological Symmetry Graph Representation for Locomotion Policy Learning,Sizhe Wei; Xulin Chen; Fengze Xie; Garrett Ethan Katz; Zhenyu Gan; Lu Gan,2025,arXiv,,http://arxiv.org/abs/2512.00727v2,"cat:cs.RO AND (all:""data augmentation"" OR all:""synthetic demonstrations"")","cat:cs.RO AND (all:""data augmentation"" OR all:""synthetic demonstrations"")"
DBLP,881551,Beyond Success: Refining Elegant Robot Manipulation from Mixed-Quality Data via Just-in-Time Intervention,Yanbo Mao; Jianlong Fu; Ruoxuan Zhang; Hongxia Xie; Meibao Yao,2025,CoRR,10.48550/ARXIV.2511.22555,https://doi.org/10.48550/arXiv.2511.22555,robot data quality,robot data quality
arXiv,2508.03018v2,Beyond Policy Optimization: A Data Curation Flywheel for Sparse-Reward Long-Horizon Planning,Yutong Wang; Pengliang Ji; Kaixin Li; Baolong Bi; Tao Feng; Guillaume Sartoretti,2025,arXiv,,http://arxiv.org/abs/2508.03018v2,"cat:cs.RO AND all:""data curation""","cat:cs.RO AND (all:""self-improvement"" OR all:""online post-training"") || cat:cs.RO AND all:""data curation"""
arXiv,2505.18899v1,Beyond Domain Randomization: Event-Inspired Perception for Visually Robust Adversarial Imitation from Videos,Andrea Ramazzina; Vittorio Giammarino; Matteo El-Hariry; Mario Bijelic,2025,arXiv,,http://arxiv.org/abs/2505.18899v1,"cat:cs.RO AND (all:""data augmentation"" OR all:""synthetic demonstrations"")","cat:cs.RO AND (all:""data augmentation"" OR all:""synthetic demonstrations"")"
arXiv,2507.15597v1,Being-H0: Vision-Language-Action Pretraining from Large-Scale Human Videos,Hao Luo; Yicheng Feng; Wanpeng Zhang; Sipeng Zheng; Ye Wang; Haoqi Yuan; Jiazheng Liu; Chaoyi Xu; Qin Jin; Zongqing Lu,2025,arXiv,,http://arxiv.org/abs/2507.15597v1,"cat:cs.RO AND all:""data curation""","cat:cs.RO AND all:""data curation"""
arXiv,2509.04063v1,Balancing Signal and Variance: Adaptive Offline RL Post-Training for VLA Flow Models,Hongyin Zhang; Shiyuan Zhang; Junxi Jin; Qixin Zeng; Yifan Qiao; Hongchao Lu; Donglin Wang,2025,arXiv,,http://arxiv.org/abs/2509.04063v1,"cat:cs.RO AND all:""data quality""","cat:cs.RO AND all:""data quality"""
arXiv,2510.24161v1,"BLM$_1$: A Boundless Large Model for Cross-Space, Cross-Task, and Cross-Embodiment Learning",Wentao Tan; Bowen Wang; Heng Zhi; Chenyu Liu; Zhe Li; Jian Liu; Zengrong Lin; Yukun Dai; Yipeng Chen; Wenjie Yang; Enci Xie; Hao Xue; Baixu Ji; Chen Xu; Zhibin Wang; Tianshi Wang; Lei Zhu; Heng Tao Shen,2025,arXiv,,http://arxiv.org/abs/2510.24161v1,"cat:cs.RO AND (all:""cross-embodiment"" OR all:""action alignment"")","cat:cs.RO AND (all:""cross-embodiment"" OR all:""action alignment"")"
arXiv,2503.11372v1,BEVDiffLoc: End-to-End LiDAR Global Localization in BEV View based on Diffusion Model,Ziyue Wang; Chenghao Shi; Neng Wang; Qinghua Yu; Xieyuanli Chen; Huimin Lu,2025,arXiv,,http://arxiv.org/abs/2503.11372v1,"cat:cs.RO AND (all:""data augmentation"" OR all:""synthetic demonstrations"")","cat:cs.RO AND (all:""data augmentation"" OR all:""synthetic demonstrations"")"
arXiv,2505.03174v1,Automated Data Curation Using GPS & NLP to Generate Instruction-Action Pairs for Autonomous Vehicle Vision-Language Navigation Datasets,Guillermo Roque; Erika Maquiling; Jose Giovanni Tapia Lopez; Ross Greer,2025,arXiv,,http://arxiv.org/abs/2505.03174v1,"cat:cs.RO AND all:""data curation""","cat:cs.RO AND all:""data curation"""
arXiv,2507.12414v2,AutoVDC: Automated Vision Data Cleaning Using Vision-Language Models,Santosh Vasa; Aditi Ramadwar; Jnana Rama Krishna Darabattula; Md Zafar Anwar; Stanislaw Antol; Andrei Vatavu; Thomas Monninger; Sihao Ding,2025,arXiv,,http://arxiv.org/abs/2507.12414v2,"cat:cs.RO AND all:""data quality""","cat:cs.RO AND all:""data quality"""
arXiv,2507.02600v1,ArtGS:3D Gaussian Splatting for Interactive Visual-Physical Modeling and Manipulation of Articulated Objects,Qiaojun Yu; Xibin Yuan; Yu jiang; Junting Chen; Dongzhe Zheng; Ce Hao; Yang You; Yixing Chen; Yao Mu; Liu Liu; Cewu Lu,2025,arXiv,,http://arxiv.org/abs/2507.02600v1,"cat:cs.RO AND (all:""cross-embodiment"" OR all:""action alignment"")","cat:cs.RO AND (all:""cross-embodiment"" OR all:""action alignment"")"
arXiv,2505.14986v1,AnyBody: A Benchmark Suite for Cross-Embodiment Manipulation,Meenal Parakh; Alexandre Kirchmeyer; Beining Han; Jia Deng,2025,arXiv,,http://arxiv.org/abs/2505.14986v1,"cat:cs.RO AND (all:""cross-embodiment"" OR all:""action alignment"")","cat:cs.RO AND (all:""cross-embodiment"" OR all:""action alignment"")"
arXiv,2502.11486v2,Anti-Degeneracy Scheme for Lidar SLAM based on Particle Filter in Geometry Feature-Less Environments,Yanbin Li; Wei Zhang; Zhiguo Zhang; Xiaogang Shi; Ziruo Li; Mingming Zhang; Hongping Xie; Wenzheng Chi,2025,arXiv,,http://arxiv.org/abs/2502.11486v2,"cat:cs.RO AND (all:""data augmentation"" OR all:""synthetic demonstrations"")","cat:cs.RO AND (all:""data augmentation"" OR all:""synthetic demonstrations"")"
arXiv,2505.18490v1,An Inertial Sequence Learning Framework for Vehicle Speed Estimation via Smartphone IMU,Xuan Xiao; Xiaotong Ren; Haitao Li,2025,arXiv,,http://arxiv.org/abs/2505.18490v1,"cat:cs.RO AND (all:""data augmentation"" OR all:""synthetic demonstrations"")","cat:cs.RO AND (all:""data augmentation"" OR all:""synthetic demonstrations"")"
arXiv,2509.02055v2,Align-Then-stEer: Adapting the Vision-Language Action Models through Unified Latent Guidance,Yang Zhang; Chenwei Wang; Ouyang Lu; Yuan Zhao; Yunfei Ge; Zhenglong Sun; Xiu Li; Chi Zhang; Chenjia Bai; Xuelong Li,2025,arXiv,,http://arxiv.org/abs/2509.02055v2,"cat:cs.RO AND (all:""cross-embodiment"" OR all:""action alignment"")","cat:cs.RO AND (all:""cross-embodiment"" OR all:""action alignment"")"
arXiv,2503.10070v2,AhaRobot: A Low-Cost Open-Source Bimanual Mobile Manipulator for Embodied AI,Haiqin Cui; Yifu Yuan; Yan Zheng; Jianye Hao,2025,arXiv,,http://arxiv.org/abs/2503.10070v2,"cat:cs.RO AND all:""data quality""","cat:cs.RO AND all:""data quality"""
arXiv,2512.03538v1,AdaPower: Specializing World Foundation Models for Predictive Manipulation,Yuhang Huang; Shilong Zou; Jiazhao Zhang; Xinwang Liu; Ruizhen Hu; Kai Xu,2025,arXiv,,http://arxiv.org/abs/2512.03538v1,"cat:cs.RO AND (all:""world model"" AND all:""data generation"")","cat:cs.RO AND (all:""world model"" AND all:""data generation"")"
arXiv,2509.24387v1,AdaNav: Adaptive Reasoning with Uncertainty for Vision-Language Navigation,Xin Ding; Jianyu Wei; Yifan Yang; Shiqi Jiang; Qianxi Zhang; Hao Wu; Fucheng Jia; Liang Mi; Yuxuan Yan; Weijun Wang; Yunxin Liu; Zhibo Chen; Ting Cao,2025,arXiv,,http://arxiv.org/abs/2509.24387v1,"cat:cs.RO AND (all:""cross-embodiment"" OR all:""action alignment"")","cat:cs.RO AND (all:""cross-embodiment"" OR all:""action alignment"")"
arXiv,2510.01607v1,ActiveUMI: Robotic Manipulation with Active Perception from Robot-Free Human Demonstrations,Qiyuan Zeng; Chengmeng Li; Jude St. John; Zhongyi Zhou; Junjie Wen; Guorui Feng; Yichen Zhu; Yi Xu,2025,arXiv,,http://arxiv.org/abs/2510.01607v1,"cat:cs.RO AND all:""data quality""","cat:cs.RO AND all:""data quality"""
arXiv,2506.13956v1,ASMR: Augmenting Life Scenario using Large Generative Models for Robotic Action Reflection,Shang-Chi Tsai; Seiya Kawano; Angel Garcia Contreras; Koichiro Yoshino; Yun-Nung Chen,2025,arXiv,,http://arxiv.org/abs/2506.13956v1,"cat:cs.RO AND (all:""data augmentation"" OR all:""synthetic demonstrations"")","cat:cs.RO AND (all:""data augmentation"" OR all:""synthetic demonstrations"")"
arXiv,2512.18396v2,"AOMGen: Photoreal, Physics-Consistent Demonstration Generation for Articulated Object Manipulation",Yulu Wu; Jiujun Cheng; Haowen Wang; Dengyang Suo; Pei Ren; Qichao Mao; Shangce Gao; Yakun Huang,2025,arXiv,,http://arxiv.org/abs/2512.18396v2,"cat:cs.RO AND (all:""world model"" AND all:""data generation"")","cat:cs.RO AND (all:""world model"" AND all:""data generation"")"
arXiv,2511.20887v1,ACE-F: A Cross Embodiment Foldable System with Force Feedback for Dexterous Teleoperation,Rui Yan; Jiajian Fu; Shiqi Yang; Lars Paulsen; Xuxin Cheng; Xiaolong Wang,2025,arXiv,,http://arxiv.org/abs/2511.20887v1,"cat:cs.RO AND (all:""cross-embodiment"" OR all:""action alignment"")","cat:cs.RO AND (all:""cross-embodiment"" OR all:""action alignment"")"
arXiv,2501.11260v4,A Survey of World Models for Autonomous Driving,Tuo Feng; Wenguan Wang; Yi Yang,2025,arXiv,,http://arxiv.org/abs/2501.11260v4,"cat:cs.RO AND (all:""data augmentation"" OR all:""synthetic demonstrations"")","cat:cs.RO AND (all:""data augmentation"" OR all:""synthetic demonstrations"")"
arXiv,2511.09932v1,A Study on Enhancing the Generalization Ability of Visuomotor Policies via Data Augmentation,Hanwen Wang,2025,arXiv,,http://arxiv.org/abs/2511.09932v1,"cat:cs.RO AND (all:""data augmentation"" OR all:""synthetic demonstrations"")","cat:cs.RO AND (all:""data augmentation"" OR all:""synthetic demonstrations"")"
arXiv,2509.15443v2,A Scalable Whole-body Motion Transfer via Implicit Kinodynamic Motion Retargeting,Xingyu Chen; Hanyu Wu; Sikai Wu; Mingliang Zhou; Diyun Xiang; Haodong Zhang; Yangchen Zhou; Yukang Gao; Yi Gu; Renjing Xu,2025,arXiv,,http://arxiv.org/abs/2509.15443v2,"cat:cs.RO AND all:""data curation""","cat:cs.RO AND all:""data curation"""
arXiv,2510.08278v3,A Multimodal Depth-Aware Method For Embodied Reference Understanding,Fevziye Irem Eyiokur; Dogucan Yaman; Hazım Kemal Ekenel; Alexander Waibel,2025,arXiv,,http://arxiv.org/abs/2510.08278v3,"cat:cs.RO AND (all:""data augmentation"" OR all:""synthetic demonstrations"")","cat:cs.RO AND (all:""data augmentation"" OR all:""synthetic demonstrations"")"
arXiv,2503.19889v2,A Multi-Agent Framework Integrating Large Language Models and Generative AI for Accelerated Metamaterial Design,Jie Tian; Martin Taylor Sobczak; Dhanush Patil; Jixin Hou; Lin Pang; Arunachalam Ramanathan; Libin Yang; Xianyan Chen; Yuval Golan; Xiaoming Zhai; Hongyue Sun; Kenan Song; Xianqiao Wang,2025,arXiv,,http://arxiv.org/abs/2503.19889v2,"cat:cs.RO AND (all:""data augmentation"" OR all:""synthetic demonstrations"")","cat:cs.RO AND (all:""data augmentation"" OR all:""synthetic demonstrations"")"
arXiv,2510.00259v1,A Hierarchical Agentic Framework for Autonomous Drone-Based Visual Inspection,Ethan Herron; Xian Yeow Lee; Gregory Sin; Teresa Gonzalez Diaz; Ahmed Farahat; Chetan Gupta,2025,arXiv,,http://arxiv.org/abs/2510.00259v1,"cat:cs.RO AND (all:""cross-embodiment"" OR all:""action alignment"")","cat:cs.RO AND (all:""cross-embodiment"" OR all:""action alignment"")"
arXiv,2510.19128v1,A Cross-Environment and Cross-Embodiment Path Planning Framework via a Conditional Diffusion Model,Mehran Ghafarian Tamizi; Homayoun Honari; Amir Mehdi Soufi Enayati; Aleksey Nozdryn-Plotnicki; Homayoun Najjaran,2025,arXiv,,http://arxiv.org/abs/2510.19128v1,"cat:cs.RO AND (all:""cross-embodiment"" OR all:""action alignment"")","cat:cs.RO AND (all:""cross-embodiment"" OR all:""action alignment"")"
arXiv,2512.01598v1,A Cross-Embodiment Gripper Benchmark for Rigid-Object Manipulation in Aerial and Industrial Robotics,Marek Vagas; Martin Varga; Jaroslav Romancik; Ondrej Majercak; Alejandro Suarez; Anibal Ollero; Bram Vanderborght; Ivan Virgala,2025,arXiv,,http://arxiv.org/abs/2512.01598v1,"cat:cs.RO AND (all:""cross-embodiment"" OR all:""action alignment"")","cat:cs.RO AND (all:""cross-embodiment"" OR all:""action alignment"")"
arXiv,2506.06199v1,3DFlowAction: Learning Cross-Embodiment Manipulation from 3D Flow World Model,Hongyan Zhi; Peihao Chen; Siyuan Zhou; Yubo Dong; Quanxi Wu; Lei Han; Mingkui Tan,2025,arXiv,,http://arxiv.org/abs/2506.06199v1,"cat:cs.RO AND (all:""world model"" AND all:""data generation"")","cat:cs.RO AND (all:""cross-embodiment"" OR all:""action alignment"") || cat:cs.RO AND (all:""world model"" AND all:""data generation"")"
arXiv,2509.17389v1,3D Printable Soft Liquid Metal Sensors for Delicate Manipulation Tasks,Lois Liow; Jonty Milford; Emre Uygun; Andre Farinha; Vinoth Viswanathan; Josh Pinskier; David Howard,2025,arXiv,,http://arxiv.org/abs/2509.17389v1,"cat:cs.RO AND all:""data quality""","cat:cs.RO AND all:""data quality"""
arXiv,2511.14759v2,$π^{*}_{0.6}$: a VLA That Learns From Experience,Physical Intelligence; Ali Amin; Raichelle Aniceto; Ashwin Balakrishna; Kevin Black; Ken Conley; Grace Connors; James Darpinian; Karan Dhabalia; Jared DiCarlo; Danny Driess; Michael Equi; Adnan Esmail; Yunhao Fang; Chelsea Finn; Catherine Glossop; Thomas Godden; Ivan Goryachev; Lachy Groom; Hunter Hancock; Karol Hausman; Gashon Hussein; Brian Ichter; Szymon Jakubczak; Rowan Jen; Tim Jones; Ben Katz; Liyiming Ke; Chandra Kuchi; Marinda Lamb; Devin LeBlanc; Sergey Levine; Adrian Li-Bell; Yao Lu; Vishnu Mano; Mohith Mothukuri; Suraj Nair; Karl Pertsch; Allen Z. Ren; Charvi Sharma; Lucy Xiaoyang Shi; Laura Smith; Jost Tobias Springenberg; Kyle Stachowicz; Will Stoeckle; Alex Swerdlow; James Tanner; Marcel Torne; Quan Vuong; Anna Walling; Haohuan Wang; Blake Williams; Sukwon Yoo; Lili Yu; Ury Zhilinsky; Zhiyuan Zhou,2025,arXiv,,http://arxiv.org/abs/2511.14759v2,"cat:cs.RO AND (all:""self-improvement"" OR all:""online post-training"")","cat:cs.RO AND (all:""self-improvement"" OR all:""online post-training"")"
arXiv,2410.07441v2,Zero-Shot Generalization of Vision-Based RL Without Data Augmentation,Sumeet Batra; Gaurav S. Sukhatme,2024,arXiv,,http://arxiv.org/abs/2410.07441v2,"cat:cs.RO AND (all:""data augmentation"" OR all:""synthetic demonstrations"")","cat:cs.RO AND (all:""data augmentation"" OR all:""synthetic demonstrations"")"
arXiv,2409.15585v2,XMoP: Whole-Body Control Policy for Zero-shot Cross-Embodiment Neural Motion Planning,Prabin Kumar Rath; Nakul Gopalan,2024,arXiv,,http://arxiv.org/abs/2409.15585v2,"cat:cs.RO AND (all:""cross-embodiment"" OR all:""action alignment"")","cat:cs.RO AND (all:""cross-embodiment"" OR all:""action alignment"")"
arXiv,2410.17491v3,X-MOBILITY: End-To-End Generalizable Navigation via World Modeling,Wei Liu; Huihua Zhao; Chenran Li; Joydeep Biswas; Billy Okal; Pulkit Goyal; Yan Chang; Soha Pouya,2024,arXiv,,http://arxiv.org/abs/2410.17491v3,"cat:cs.RO AND (all:""cross-embodiment"" OR all:""action alignment"")","cat:cs.RO AND (all:""cross-embodiment"" OR all:""action alignment"")"
arXiv,2412.14058v4,What Matters in Building Vision-Language-Action Models for Generalist Robots,Xinghang Li; Peiyan Li; Long Qian; Minghuan Liu; Dong Wang; Jirong Liu; Bingyi Kang; Xiao Ma; Xinlong Wang; Di Guo; Tao Kong; Hanbo Zhang; Huaping Liu,2024,arXiv,,http://arxiv.org/abs/2412.14058v4,"cat:cs.RO AND (all:""cross-embodiment"" OR all:""action alignment"")","cat:cs.RO AND (all:""cross-embodiment"" OR all:""action alignment"")"
arXiv,2403.13701v1,What Matters for Active Texture Recognition With Vision-Based Tactile Sensors,Alina Böhm; Tim Schneider; Boris Belousov; Alap Kshirsagar; Lisa Lin; Katja Doerschner; Knut Drewing; Constantin A. Rothkopf; Jan Peters,2024,arXiv,,http://arxiv.org/abs/2403.13701v1,"cat:cs.RO AND (all:""data augmentation"" OR all:""synthetic demonstrations"")","cat:cs.RO AND (all:""data augmentation"" OR all:""synthetic demonstrations"")"
arXiv,2409.16999v1,WasteGAN: Data Augmentation for Robotic Waste Sorting through Generative Adversarial Networks,Alberto Bacchin; Leonardo Barcellona; Matteo Terreran; Stefano Ghidoni; Emanuele Menegatti; Takuya Kiyokawa,2024,arXiv,,http://arxiv.org/abs/2409.16999v1,"cat:cs.RO AND (all:""data augmentation"" OR all:""synthetic demonstrations"")","cat:cs.RO AND (all:""data augmentation"" OR all:""synthetic demonstrations"")"
arXiv,2407.04281v3,WOMD-Reasoning: A Large-Scale Dataset for Interaction Reasoning in Driving,Yiheng Li; Cunxin Fan; Chongjian Ge; Zhihao Zhao; Chenran Li; Chenfeng Xu; Huaxiu Yao; Masayoshi Tomizuka; Bolei Zhou; Chen Tang; Mingyu Ding; Wei Zhan,2024,arXiv,,http://arxiv.org/abs/2407.04281v3,"cat:cs.RO AND all:""data quality""","cat:cs.RO AND all:""data quality"""
arXiv,2409.16412v1,Vision-based Xylem Wetness Classification in Stem Water Potential Determination,Pamodya Peiris; Aritra Samanta; Caio Mucchiani; Cody Simons; Amit Roy-Chowdhury; Konstantinos Karydis,2024,arXiv,,http://arxiv.org/abs/2409.16412v1,"cat:cs.RO AND (all:""data augmentation"" OR all:""synthetic demonstrations"")","cat:cs.RO AND (all:""data augmentation"" OR all:""synthetic demonstrations"")"
arXiv,2409.03685v3,View-Invariant Policy Learning via Zero-Shot Novel View Synthesis,Stephen Tian; Blake Wulfe; Kyle Sargent; Katherine Liu; Sergey Zakharov; Vitor Guizilini; Jiajun Wu,2024,arXiv,,http://arxiv.org/abs/2409.03685v3,"cat:cs.RO AND (all:""data augmentation"" OR all:""synthetic demonstrations"")","cat:cs.RO AND (all:""data augmentation"" OR all:""synthetic demonstrations"")"
arXiv,2405.19988v3,Video-Language Critic: Transferable Reward Functions for Language-Conditioned Robotics,Minttu Alakuijala; Reginald McLean; Isaac Woungang; Nariman Farsad; Samuel Kaski; Pekka Marttinen; Kai Yuan,2024,arXiv,,http://arxiv.org/abs/2405.19988v3,"cat:cs.RO AND (all:""cross-embodiment"" OR all:""action alignment"")","cat:cs.RO AND (all:""cross-embodiment"" OR all:""action alignment"")"
arXiv,2412.03252v2,Variable-Speed Teaching-Playback as Real-World Data Augmentation for Imitation Learning,Nozomu Masuya; Hiroshi Sato; Koki Yamane; Takuya Kusume; Sho Sakaino; Toshiaki Tsuji,2024,arXiv,,http://arxiv.org/abs/2412.03252v2,"cat:cs.RO AND (all:""data augmentation"" OR all:""synthetic demonstrations"")","cat:cs.RO AND (all:""data augmentation"" OR all:""synthetic demonstrations"")"
arXiv,2407.21244v2,VITAL: Interactive Few-Shot Imitation Learning via Visual Human-in-the-Loop Corrections,Hamidreza Kasaei; Mohammadreza Kasaei,2024,arXiv,,http://arxiv.org/abs/2407.21244v2,"cat:cs.RO AND (all:""data augmentation"" OR all:""synthetic demonstrations"")","cat:cs.RO AND (all:""data augmentation"" OR all:""synthetic demonstrations"")"
DBLP,1090730,Using Humanoid Robots to Obtain High-Quality Motor Imagery Electroencephalogram Data for Better Brain-Computer Interaction,Shiwei Cheng 0001; Jialing Wang; Jieming Tian; Anjie Zhu; Jing Fan,2024,IEEE Trans. Cogn. Dev. Syst.,10.1109/TCDS.2023.3289845,https://doi.org/10.1109/TCDS.2023.3289845,robot data quality,robot data quality
arXiv,2407.10353v1,UMI on Legs: Making Manipulation Policies Mobile with Manipulation-Centric Whole-body Controllers,Huy Ha; Yihuai Gao; Zipeng Fu; Jie Tan; Shuran Song,2024,arXiv,,http://arxiv.org/abs/2407.10353v1,"cat:cs.RO AND (all:""cross-embodiment"" OR all:""action alignment"")","cat:cs.RO AND (all:""cross-embodiment"" OR all:""action alignment"")"
arXiv,2410.08001v3,"Towards Synergistic, Generalized, and Efficient Dual-System for Robotic Manipulation",Qingwen Bu; Hongyang Li; Li Chen; Jisong Cai; Jia Zeng; Heming Cui; Maoqing Yao; Yu Qiao,2024,arXiv,,http://arxiv.org/abs/2410.08001v3,"cat:cs.RO AND (all:""cross-embodiment"" OR all:""action alignment"")","cat:cs.RO AND (all:""cross-embodiment"" OR all:""action alignment"")"
arXiv,2412.04114v1,Thermal and RGB Images Work Better Together in Wind Turbine Damage Detection,Serhii Svystun; Oleksandr Melnychenko; Pavlo Radiuk; Oleg Savenko; Anatoliy Sachenko; Andrii Lysyi,2024,arXiv,,http://arxiv.org/abs/2412.04114v1,"cat:cs.RO AND all:""data quality""","cat:cs.RO AND all:""data quality"""
arXiv,2411.01349v1,The Role of Domain Randomization in Training Diffusion Policies for Whole-Body Humanoid Control,Oleg Kaidanov; Firas Al-Hafez; Yusuf Suvari; Boris Belousov; Jan Peters,2024,arXiv,,http://arxiv.org/abs/2411.01349v1,"cat:cs.RO AND (all:""data augmentation"" OR all:""synthetic demonstrations"")","cat:cs.RO AND (all:""data augmentation"" OR all:""synthetic demonstrations"")"
arXiv,2405.08816v2,The RoboDrive Challenge: Drive Anytime Anywhere in Any Condition,Lingdong Kong; Shaoyuan Xie; Hanjiang Hu; Yaru Niu; Wei Tsang Ooi; Benoit R. Cottereau; Lai Xing Ng; Yuexin Ma; Wenwei Zhang; Liang Pan; Kai Chen; Ziwei Liu; Weichao Qiu; Wei Zhang; Xu Cao; Hao Lu; Ying-Cong Chen; Caixin Kang; Xinning Zhou; Chengyang Ying; Wentao Shang; Xingxing Wei; Yinpeng Dong; Bo Yang; Shengyin Jiang; Zeliang Ma; Dengyi Ji; Haiwen Li; Xingliang Huang; Yu Tian; Genghua Kou; Fan Jia; Yingfei Liu; Tiancai Wang; Ying Li; Xiaoshuai Hao; Yifan Yang; Hui Zhang; Mengchuan Wei; Yi Zhou; Haimei Zhao; Jing Zhang; Jinke Li; Xiao He; Xiaoqiang Cheng; Bingyang Zhang; Lirong Zhao; Dianlei Ding; Fangsheng Liu; Yixiang Yan; Hongming Wang; Nanfei Ye; Lun Luo; Yubo Tian; Yiwei Zuo; Zhe Cao; Yi Ren; Yunfan Li; Wenjie Liu; Xun Wu; Yifan Mao; Ming Li; Jian Liu; Jiayang Liu; Zihan Qin; Cunxi Chu; Jialei Xu; Wenbo Zhao; Junjun Jiang; Xianming Liu; Ziyan Wang; Chiwei Li; Shilong Li; Chendong Yuan; Songyue Yang; Wentao Liu; Peng Chen; Bin Zhou; Yubo Wang; Chi Zhang; Jianhang Sun; Hai Chen; Xiao Yang; Lizhong Wang; Dongyi Fu; Yongchun Lin; Huitong Yang; Haoang Li; Yadan Luo; Xianjing Cheng; Yong Xu,2024,arXiv,,http://arxiv.org/abs/2405.08816v2,"cat:cs.RO AND (all:""data augmentation"" OR all:""synthetic demonstrations"")","cat:cs.RO AND (all:""data augmentation"" OR all:""synthetic demonstrations"")"
arXiv,2412.14401v2,The One RING: a Robotic Indoor Navigation Generalist,Ainaz Eftekhar; Rose Hendrix; Luca Weihs; Jiafei Duan; Ege Caglar; Jordi Salvador; Alvaro Herrasti; Winson Han; Eli VanderBil; Aniruddha Kembhavi; Ali Farhadi; Ranjay Krishna; Kiana Ehsani; Kuo-Hao Zeng,2024,arXiv,,http://arxiv.org/abs/2412.14401v2,"cat:cs.RO AND (all:""cross-embodiment"" OR all:""action alignment"")","cat:cs.RO AND (all:""cross-embodiment"" OR all:""action alignment"")"
arXiv,2412.13729v2,THÖR-MAGNI Act: Actions for Human Motion Modeling in Robot-Shared Industrial Spaces,Tiago Rodrigues de Almeida; Tim Schreiter; Andrey Rudenko; Luigi Palmieiri; Johannes A. Stork; Achim J. Lilienthal,2024,arXiv,,http://arxiv.org/abs/2412.13729v2,"cat:cs.RO AND (all:""cross-embodiment"" OR all:""action alignment"")","cat:cs.RO AND (all:""cross-embodiment"" OR all:""action alignment"")"
arXiv,2410.21153v1,Synthetica: Large Scale Synthetic Data for Robot Perception,Ritvik Singh; Jingzhou Liu; Karl Van Wyk; Yu-Wei Chao; Jean-Francois Lafleche; Florian Shkurti; Nathan Ratliff; Ankur Handa,2024,arXiv,,http://arxiv.org/abs/2410.21153v1,"cat:cs.RO AND (all:""data augmentation"" OR all:""synthetic demonstrations"")","cat:cs.RO AND (all:""data augmentation"" OR all:""synthetic demonstrations"")"
arXiv,2403.04359v1,Symmetry Considerations for Learning Task Symmetric Robot Policies,Mayank Mittal; Nikita Rudin; Victor Klemm; Arthur Allshire; Marco Hutter,2024,arXiv,,http://arxiv.org/abs/2403.04359v1,"cat:cs.RO AND (all:""data augmentation"" OR all:""synthetic demonstrations"")","cat:cs.RO AND (all:""data augmentation"" OR all:""synthetic demonstrations"")"
DBLP,1227632,SweepMM: A High-Quality Multimodal Dataset for Sweeping Robots in Home Scenarios for Vision-Language Model,Weichen Xu 0001; Xinxin Xu 0006; Tianhao Fu; Jian Cao 0002; Xiaoyang Xu; Yuetian Huang; Xixin Cao; Xing Zhang 0002,2024,ICASSP,10.1109/ICASSP48485.2024.10447940,https://doi.org/10.1109/ICASSP48485.2024.10447940,robot data quality,robot data quality
arXiv,2411.04919v2,Stem-OB: Generalizable Visual Imitation Learning with Stem-Like Convergent Observation through Diffusion Inversion,Kaizhe Hu; Zihang Rui; Yao He; Yuyao Liu; Pu Hua; Huazhe Xu,2024,arXiv,,http://arxiv.org/abs/2411.04919v2,"cat:cs.RO AND (all:""data augmentation"" OR all:""synthetic demonstrations"")","cat:cs.RO AND (all:""data augmentation"" OR all:""synthetic demonstrations"")"
arXiv,2401.12168v1,SpatialVLM: Endowing Vision-Language Models with Spatial Reasoning Capabilities,Boyuan Chen; Zhuo Xu; Sean Kirmani; Brian Ichter; Danny Driess; Pete Florence; Dorsa Sadigh; Leonidas Guibas; Fei Xia,2024,arXiv,,http://arxiv.org/abs/2401.12168v1,"cat:cs.RO AND all:""data quality""","cat:cs.RO AND all:""data quality"""
DBLP,1180976,So You Think You Can Scale Up Autonomous Robot Data Collection?,Suvir Mirchandani; Suneel Belkhale; Joey Hejna; Evelyn Choi; Md Sazzad Islam; Dorsa Sadigh,2024,CoRL,,https://proceedings.mlr.press/v270/mirchandani25a.html,robot autonomous data collection,"cat:cs.RO AND all:""autonomous data collection"" || robot autonomous data collection"
arXiv,2404.09001v1,Smart Help: Strategic Opponent Modeling for Proactive and Adaptive Robot Assistance in Households,Zhihao Cao; Zidong Wang; Siwen Xie; Anji Liu; Lifeng Fan,2024,arXiv,,http://arxiv.org/abs/2404.09001v1,"cat:cs.RO AND (all:""self-improvement"" OR all:""online post-training"")","cat:cs.RO AND (all:""self-improvement"" OR all:""online post-training"")"
arXiv,2407.01562v1,Small but Fair! Fairness for Multimodal Human-Human and Robot-Human Mental Wellbeing Coaching,Jiaee Cheong; Micol Spitale; Hatice Gunes,2024,arXiv,,http://arxiv.org/abs/2407.01562v1,"cat:cs.RO AND (all:""data augmentation"" OR all:""synthetic demonstrations"")","cat:cs.RO AND (all:""data augmentation"" OR all:""synthetic demonstrations"")"
arXiv,2405.02821v2,Sim2Real Transfer for Audio-Visual Navigation with Frequency-Adaptive Acoustic Field Prediction,Changan Chen; Jordi Ramos; Anshul Tomar; Kristen Grauman,2024,arXiv,,http://arxiv.org/abs/2405.02821v2,"cat:cs.RO AND (all:""data augmentation"" OR all:""synthetic demonstrations"")","cat:cs.RO AND (all:""data augmentation"" OR all:""synthetic demonstrations"")"
arXiv,2409.00951v1,Semantically Controllable Augmentations for Generalizable Robot Learning,Zoey Chen; Zhao Mandi; Homanga Bharadhwaj; Mohit Sharma; Shuran Song; Abhishek Gupta; Vikash Kumar,2024,arXiv,,http://arxiv.org/abs/2409.00951v1,"cat:cs.RO AND (all:""data augmentation"" OR all:""synthetic demonstrations"")","cat:cs.RO AND (all:""data augmentation"" OR all:""synthetic demonstrations"")"
arXiv,2410.18969v1,Self-Improving Autonomous Underwater Manipulation,Ruoshi Liu; Huy Ha; Mengxue Hou; Shuran Song; Carl Vondrick,2024,arXiv,,http://arxiv.org/abs/2410.18969v1,"cat:cs.RO AND (all:""self-improvement"" OR all:""online post-training"")","cat:cs.RO AND (all:""self-improvement"" OR all:""online post-training"")"
arXiv,2407.11906v3,SegSTRONG-C: Segmenting Surgical Tools Robustly On Non-adversarial Generated Corruptions -- An EndoVis'24 Challenge,Hao Ding; Yuqian Zhang; Tuxun Lu; Ruixing Liang; Hongchao Shu; Lalithkumar Seenivasan; Yonghao Long; Qi Dou; Cong Gao; Yicheng Leng; Seok Bong Yoo; Eung-Joo Lee; Negin Ghamsarian; Klaus Schoeffmann; Raphael Sznitman; Zijian Wu; Yuxin Chen; Septimiu E. Salcudean; Samra Irshad; Shadi Albarqouni; Seong Tae Kim; Yueyi Sun; An Wang; Long Bai; Hongliang Ren; Ihsan Ullah; Ho-Gun Ha; Attaullah Khan; Hyunki Lee; Satoshi Kondo; Satoshi Kasai; Kousuke Hirasawa; Sita Tailor; Ricardo Sanchez-Matilla; Imanol Luengo; Tianhao Fu; Jun Ma; Bo Wang; Marcos Fernández-Rodríguez; Estevao Lima; João L. Vilaça; Mathias Unberath,2024,arXiv,,http://arxiv.org/abs/2407.11906v3,"cat:cs.RO AND (all:""data augmentation"" OR all:""synthetic demonstrations"")","cat:cs.RO AND (all:""data augmentation"" OR all:""synthetic demonstrations"")"
arXiv,2403.03541v1,Seamless Virtual Reality with Integrated Synchronizer and Synthesizer for Autonomous Driving,He Li; Ruihua Han; Zirui Zhao; Wei Xu; Qi Hao; Shuai Wang; Chengzhong Xu,2024,arXiv,,http://arxiv.org/abs/2403.03541v1,"cat:cs.RO AND all:""data engine""","cat:cs.RO AND all:""data engine"""
arXiv,2410.17772v2,Scaling Robot Policy Learning via Zero-Shot Labeling with Foundation Models,Nils Blank; Moritz Reuss; Marcel Rühle; Ömer Erdinç Yağmurlu; Fabian Wenzel; Oier Mees; Rudolf Lioutikov,2024,arXiv,,http://arxiv.org/abs/2410.17772v2,"cat:cs.RO AND all:""data quality""","cat:cs.RO AND all:""data quality"""
arXiv,2408.11812v1,"Scaling Cross-Embodied Learning: One Policy for Manipulation, Navigation, Locomotion and Aviation",Ria Doshi; Homer Walke; Oier Mees; Sudeep Dasari; Sergey Levine,2024,arXiv,,http://arxiv.org/abs/2408.11812v1,"cat:cs.RO AND (all:""cross-embodiment"" OR all:""action alignment"")","cat:cs.RO AND (all:""cross-embodiment"" OR all:""action alignment"")"
arXiv,2411.15371v2,"Safe and Trustworthy Robot Pathfinding with BIM, MHA*, and NLP",Mani Amani; Reza Akhavian,2024,arXiv,,http://arxiv.org/abs/2411.15371v2,"cat:cs.RO AND all:""data quality""","cat:cs.RO AND all:""data quality"""
arXiv,2411.00965v2,SPOT: SE(3) Pose Trajectory Diffusion for Object-Centric Manipulation,Cheng-Chun Hsu; Bowen Wen; Jie Xu; Yashraj Narang; Xiaolong Wang; Yuke Zhu; Joydeep Biswas; Stan Birchfield,2024,arXiv,,http://arxiv.org/abs/2411.00965v2,"cat:cs.RO AND (all:""cross-embodiment"" OR all:""action alignment"")","cat:cs.RO AND (all:""cross-embodiment"" OR all:""action alignment"")"
arXiv,2403.00991v2,SELFI: Autonomous Self-Improvement with Reinforcement Learning for Social Navigation,Noriaki Hirose; Dhruv Shah; Kyle Stachowicz; Ajay Sridhar; Sergey Levine,2024,arXiv,,http://arxiv.org/abs/2403.00991v2,"cat:cs.RO AND (all:""self-improvement"" OR all:""online post-training"")","cat:cs.RO AND (all:""self-improvement"" OR all:""online post-training"")"
arXiv,2412.07215v2,RoboTron-Mani: All-in-One Multimodal Large Model for Robotic Manipulation,Feng Yan; Fanfan Liu; Liming Zheng; Yufeng Zhong; Yiyang Huang; Zechao Guan; Chengjian Feng; Lin Ma,2024,arXiv,,http://arxiv.org/abs/2412.07215v2,"cat:cs.RO AND (all:""cross-embodiment"" OR all:""action alignment"")","cat:cs.RO AND (all:""cross-embodiment"" OR all:""action alignment"")"
arXiv,2409.03403v2,RoVi-Aug: Robot and Viewpoint Augmentation for Cross-Embodiment Robot Learning,Lawrence Yunliang Chen; Chenfeng Xu; Karthik Dharmarajan; Muhammad Zubair Irshad; Richard Cheng; Kurt Keutzer; Masayoshi Tomizuka; Quan Vuong; Ken Goldberg,2024,arXiv,,http://arxiv.org/abs/2409.03403v2,"cat:cs.RO AND (all:""cross-embodiment"" OR all:""action alignment"")","cat:cs.RO AND (all:""cross-embodiment"" OR all:""action alignment"")"
arXiv,2408.05610v1,Representation Alignment from Human Feedback for Cross-Embodiment Reward Learning from Mixed-Quality Demonstrations,Connor Mattson; Anurag Aribandi; Daniel S. Brown,2024,arXiv,,http://arxiv.org/abs/2408.05610v1,"cat:cs.RO AND (all:""cross-embodiment"" OR all:""action alignment"")","cat:cs.RO AND (all:""cross-embodiment"" OR all:""action alignment"")"
arXiv,2409.13208v3,Redefining Data Pairing for Motion Retargeting Leveraging a Human Body Prior,Xiyana Figuera; Soogeun Park; Hyemin Ahn,2024,arXiv,,http://arxiv.org/abs/2409.13208v3,"cat:cs.RO AND all:""data filtering""","cat:cs.RO AND all:""data filtering"""
arXiv,2408.14037v1,Re-Mix: Optimizing Data Mixtures for Large Scale Imitation Learning,Joey Hejna; Chethan Bhateja; Yichen Jiang; Karl Pertsch; Dorsa Sadigh,2024,arXiv,,http://arxiv.org/abs/2408.14037v1,"cat:cs.RO AND all:""data curation""","cat:cs.RO AND all:""data curation"""
arXiv,2412.05718v3,RLZero: Direct Policy Inference from Language Without In-Domain Supervision,Harshit Sikchi; Siddhant Agarwal; Pranaya Jajoo; Samyak Parajuli; Caleb Chuck; Max Rudolph; Peter Stone; Amy Zhang; Scott Niekum,2024,arXiv,,http://arxiv.org/abs/2412.05718v3,"cat:cs.RO AND (all:""cross-embodiment"" OR all:""action alignment"")","cat:cs.RO AND (all:""cross-embodiment"" OR all:""action alignment"")"
arXiv,2410.02319v1,QDGset: A Large Scale Grasping Dataset Generated with Quality-Diversity,Johann Huber; François Hélénon; Mathilde Kappel; Ignacio de Loyola Páez-Ubieta; Santiago T. Puente; Pablo Gil; Faïz Ben Amar; Stéphane Doncieux,2024,arXiv,,http://arxiv.org/abs/2410.02319v1,"cat:cs.RO AND (all:""data augmentation"" OR all:""synthetic demonstrations"")","cat:cs.RO AND (all:""data augmentation"" OR all:""synthetic demonstrations"")"
arXiv,2402.19432v1,Pushing the Limits of Cross-Embodiment Learning for Manipulation and Navigation,Jonathan Yang; Catherine Glossop; Arjun Bhorkar; Dhruv Shah; Quan Vuong; Chelsea Finn; Dorsa Sadigh; Sergey Levine,2024,arXiv,,http://arxiv.org/abs/2402.19432v1,"cat:cs.RO AND (all:""cross-embodiment"" OR all:""action alignment"")","cat:cs.RO AND (all:""cross-embodiment"" OR all:""action alignment"")"
arXiv,2403.00565v1,Predicting UAV Type: An Exploration of Sampling and Data Augmentation for Time Series Classification,Tarik Crnovrsanin; Calvin Yu; Dane Hankamer; Cody Dunne,2024,arXiv,,http://arxiv.org/abs/2403.00565v1,"cat:cs.RO AND (all:""data augmentation"" OR all:""synthetic demonstrations"")","cat:cs.RO AND (all:""data augmentation"" OR all:""synthetic demonstrations"")"
arXiv,2412.02676v2,Planning-Guided Diffusion Policy Learning for Generalizable Contact-Rich Bimanual Manipulation,Xuanlin Li; Tong Zhao; Xinghao Zhu; Jiuguang Wang; Tao Pang; Kuan Fang,2024,arXiv,,http://arxiv.org/abs/2412.02676v2,"cat:cs.RO AND (all:""data augmentation"" OR all:""synthetic demonstrations"")","cat:cs.RO AND (all:""data augmentation"" OR all:""synthetic demonstrations"")"
arXiv,2405.09049v2,Perception Without Vision for Trajectory Prediction: Ego Vehicle Dynamics as Scene Representation for Efficient Active Learning in Autonomous Driving,Ross Greer; Mohan Trivedi,2024,arXiv,,http://arxiv.org/abs/2405.09049v2,"cat:cs.RO AND all:""data curation""","cat:cs.RO AND all:""data curation"""
DBLP,1059072,ParisLuco3D: A High-Quality Target Dataset for Domain Generalization of LiDAR Perception,Jules Sanchez; Louis Soum-Fontez; Jean-Emmanuel Deschaud; François Goulette,2024,IEEE Robotics Autom. Lett.,10.1109/LRA.2024.3393209,https://doi.org/10.1109/LRA.2024.3393209,robot data quality,robot data quality
arXiv,2404.14327v1,PLUTO: Pushing the Limit of Imitation Learning-based Planning for Autonomous Driving,Jie Cheng; Yingbing Chen; Qifeng Chen,2024,arXiv,,http://arxiv.org/abs/2404.14327v1,"cat:cs.RO AND (all:""data augmentation"" OR all:""synthetic demonstrations"")","cat:cs.RO AND (all:""data augmentation"" OR all:""synthetic demonstrations"")"
DBLP,1005097,Optimize data association of point cloud to improve the quality of mapping and positioning,Guangbing Zhou; Letian Quan; Kaixuan Huang; Shunqing Zhang; Shugong Xu,2024,Ind. Robot,10.1108/IR-12-2023-0341,https://doi.org/10.1108/IR-12-2023-0341,robot data quality,robot data quality
arXiv,2409.06615v6,One-Shot Imitation under Mismatched Execution,Kushal Kedia; Prithwish Dan; Angela Chao; Maximus Adrian Pace; Sanjiban Choudhury,2024,arXiv,,http://arxiv.org/abs/2409.06615v6,"cat:cs.RO AND (all:""cross-embodiment"" OR all:""action alignment"")","cat:cs.RO AND (all:""cross-embodiment"" OR all:""action alignment"")"
arXiv,2410.19989v2,On-Robot Reinforcement Learning with Goal-Contrastive Rewards,Ondrej Biza; Thomas Weng; Lingfeng Sun; Karl Schmeckpeper; Tarik Kelestemur; Yecheng Jason Ma; Robert Platt; Jan-Willem van de Meent; Lawson L. S. Wong,2024,arXiv,,http://arxiv.org/abs/2410.19989v2,"cat:cs.RO AND (all:""cross-embodiment"" OR all:""action alignment"")","cat:cs.RO AND (all:""cross-embodiment"" OR all:""action alignment"")"
arXiv,2402.06826v1,Neural Rendering based Urban Scene Reconstruction for Autonomous Driving,Shihao Shen; Louis Kerofsky; Varun Ravi Kumar; Senthil Yogamani,2024,arXiv,,http://arxiv.org/abs/2402.06826v1,"cat:cs.RO AND (all:""data augmentation"" OR all:""synthetic demonstrations"")","cat:cs.RO AND (all:""data augmentation"" OR all:""synthetic demonstrations"")"
arXiv,2411.02482v3,NeRF-Aug: Data Augmentation for Robotics with Neural Radiance Fields,Eric Zhu; Mara Levy; Matthew Gwilliam; Abhinav Shrivastava,2024,arXiv,,http://arxiv.org/abs/2411.02482v3,"cat:cs.RO AND (all:""data augmentation"" OR all:""synthetic demonstrations"")","cat:cs.RO AND (all:""data augmentation"" OR all:""synthetic demonstrations"")"
DBLP,1004373,NTN-Aided Quality and Energy-Aware Data Collection in Time-Critical Robotic Wireless Sensor Networks,Omer Melih Gul; Aydan Muserref Erkmen; Burak Kantarci,2024,IEEE Internet Things Mag.,10.1109/IOTM.001.2300200,https://doi.org/10.1109/IOTM.001.2300200,robot data quality,robot data quality
arXiv,2406.15349v2,NAVSIM: Data-Driven Non-Reactive Autonomous Vehicle Simulation and Benchmarking,Daniel Dauner; Marcel Hallgarten; Tianyu Li; Xinshuo Weng; Zhiyu Huang; Zetong Yang; Hongyang Li; Igor Gilitschenski; Boris Ivanovic; Marco Pavone; Andreas Geiger; Kashyap Chitta,2024,arXiv,,http://arxiv.org/abs/2406.15349v2,"cat:cs.RO AND all:""data curation""","cat:cs.RO AND all:""data curation"""
arXiv,2409.06450v1,Multimodal Large Language Model Driven Scenario Testing for Autonomous Vehicles,Qiujing Lu; Xuanhan Wang; Yiwei Jiang; Guangming Zhao; Mingyue Ma; Shuo Feng,2024,arXiv,,http://arxiv.org/abs/2409.06450v1,"cat:cs.RO AND (all:""self-improvement"" OR all:""online post-training"")","cat:cs.RO AND (all:""self-improvement"" OR all:""online post-training"")"
arXiv,2402.15552v4,Morphological Symmetries in Robotics,Daniel Ordoñez-Apraez; Giulio Turrisi; Vladimir Kostic; Mario Martin; Antonio Agudo; Francesc Moreno-Noguer; Massimiliano Pontil; Claudio Semini; Carlos Mastalli,2024,arXiv,,http://arxiv.org/abs/2402.15552v4,"cat:cs.RO AND (all:""data augmentation"" OR all:""synthetic demonstrations"")","cat:cs.RO AND (all:""data augmentation"" OR all:""synthetic demonstrations"")"
DBLP,1058435,Mixing Left and Right-Hand Driving Data in a Hierarchical Framework With LLM Generation,Jiazhe Guo; Cheng Chang; Zhiheng Li 0001; Li Li 0013,2024,IEEE Robotics Autom. Lett.,10.1109/LRA.2024.3443494,https://doi.org/10.1109/LRA.2024.3443494,robot data mixing,robot data mixing
arXiv,2402.17653v1,Mitigating Distributional Shift in Semantic Segmentation via Uncertainty Estimation from Unlabelled Data,David S. W. Williams; Daniele De Martini; Matthew Gadd; Paul Newman,2024,arXiv,,http://arxiv.org/abs/2402.17653v1,"cat:cs.RO AND (all:""data augmentation"" OR all:""synthetic demonstrations"")","cat:cs.RO AND (all:""data augmentation"" OR all:""synthetic demonstrations"")"
arXiv,2402.19249v3,Mirage: Cross-Embodiment Zero-Shot Policy Transfer with Cross-Painting,Lawrence Yunliang Chen; Kush Hari; Karthik Dharmarajan; Chenfeng Xu; Quan Vuong; Ken Goldberg,2024,arXiv,,http://arxiv.org/abs/2402.19249v3,"cat:cs.RO AND (all:""cross-embodiment"" OR all:""action alignment"")","cat:cs.RO AND (all:""cross-embodiment"" OR all:""action alignment"")"
arXiv,2405.17769v1,Microsaccade-inspired Event Camera for Robotics,Botao He; Ze Wang; Yuan Zhou; Jingxi Chen; Chahat Deep Singh; Haojia Li; Yuman Gao; Shaojie Shen; Kaiwei Wang; Yanjun Cao; Chao Xu; Yiannis Aloimonos; Fei Gao; Cornelia Fermuller,2024,arXiv,,http://arxiv.org/abs/2405.17769v1,"cat:cs.RO AND all:""data quality""","cat:cs.RO AND all:""data quality"""
arXiv,2403.06041v1,MATRIX: Multi-Agent Trajectory Generation with Diverse Contexts,Zhuo Xu; Rui Zhou; Yida Yin; Huidong Gao; Masayoshi Tomizuka; Jiachen Li,2024,arXiv,,http://arxiv.org/abs/2403.06041v1,"cat:cs.RO AND (all:""data augmentation"" OR all:""synthetic demonstrations"")","cat:cs.RO AND (all:""data augmentation"" OR all:""synthetic demonstrations"")"
arXiv,2403.17320v3,Leveraging Symmetry in RL-based Legged Locomotion Control,Zhi Su; Xiaoyu Huang; Daniel Ordoñez-Apraez; Yunfei Li; Zhongyu Li; Qiayuan Liao; Giulio Turrisi; Massimiliano Pontil; Claudio Semini; Yi Wu; Koushil Sreenath,2024,arXiv,,http://arxiv.org/abs/2403.17320v3,"cat:cs.RO AND (all:""data augmentation"" OR all:""synthetic demonstrations"")","cat:cs.RO AND (all:""data augmentation"" OR all:""synthetic demonstrations"")"
DBLP,901866,Learning to Grasp in Robotics with Quality-Diversity Generated Data. (Apprentissage de la saisie d&apos;objets en robotique via des données générées par qualité-diversité),Johann Huber,2024,,,https://tel.archives-ouvertes.fr/tel-04992607,robot data quality,robot data quality
arXiv,2401.08957v3,Learning from Imperfect Demonstrations with Self-Supervision for Robotic Manipulation,Kun Wu; Ning Liu; Zhen Zhao; Di Qiu; Jinming Li; Zhengping Che; Zhiyuan Xu; Jian Tang,2024,arXiv,,http://arxiv.org/abs/2401.08957v3,"cat:cs.RO AND all:""data filtering""","cat:cs.RO AND all:""data filtering"""
arXiv,2408.10658v1,Learning Instruction-Guided Manipulation Affordance via Large Models for Embodied Robotic Tasks,Dayou Li; Chenkun Zhao; Shuo Yang; Lin Ma; Yibin Li; Wei Zhang,2024,arXiv,,http://arxiv.org/abs/2408.10658v1,"cat:cs.RO AND (all:""data augmentation"" OR all:""synthetic demonstrations"")","cat:cs.RO AND (all:""data augmentation"" OR all:""synthetic demonstrations"")"
arXiv,2409.16467v2,Learning Dynamics of a Ball with Differentiable Factor Graph and Roto-Translational Invariant Representations,Qingyu Xiao; Zixuan Wu; Matthew Gombolay,2024,arXiv,,http://arxiv.org/abs/2409.16467v2,"cat:cs.RO AND (all:""data augmentation"" OR all:""synthetic demonstrations"")","cat:cs.RO AND (all:""data augmentation"" OR all:""synthetic demonstrations"")"
arXiv,2410.14022v2,Language Conditioned Multi-Finger Dexterous Manipulation Enabled by Physical Compliance and Switching of Controllers,Cheng Pan; Kai Junge; Benhui Dai; Qinghua Guan; Josie Hughes,2024,arXiv,,http://arxiv.org/abs/2410.14022v2,"cat:cs.RO AND (all:""cross-embodiment"" OR all:""action alignment"")","cat:cs.RO AND (all:""cross-embodiment"" OR all:""action alignment"")"
arXiv,2401.16712v2,LF Tracy: A Unified Single-Pipeline Approach for Salient Object Detection in Light Field Cameras,Fei Teng; Jiaming Zhang; Jiawei Liu; Kunyu Peng; Xina Cheng; Zhiyong Li; Kailun Yang,2024,arXiv,,http://arxiv.org/abs/2401.16712v2,"cat:cs.RO AND (all:""data augmentation"" OR all:""synthetic demonstrations"")","cat:cs.RO AND (all:""data augmentation"" OR all:""synthetic demonstrations"")"
arXiv,2411.03682v3,LEGATO: Cross-Embodiment Imitation Using a Grasping Tool,Mingyo Seo; H. Andy Park; Shenli Yuan; Yuke Zhu; Luis Sentis,2024,arXiv,,http://arxiv.org/abs/2411.03682v3,"cat:cs.RO AND (all:""cross-embodiment"" OR all:""action alignment"")","cat:cs.RO AND (all:""cross-embodiment"" OR all:""action alignment"")"
arXiv,2404.03729v3,JUICER: Data-Efficient Imitation Learning for Robotic Assembly,Lars Ankile; Anthony Simeonov; Idan Shenfeld; Pulkit Agrawal,2024,arXiv,,http://arxiv.org/abs/2404.03729v3,"cat:cs.RO AND (all:""data augmentation"" OR all:""synthetic demonstrations"")","cat:cs.RO AND (all:""data augmentation"" OR all:""synthetic demonstrations"")"
arXiv,2406.12214v3,Is Your HD Map Constructor Reliable under Sensor Corruptions?,Xiaoshuai Hao; Mengchuan Wei; Yifan Yang; Haimei Zhao; Hui Zhang; Yi Zhou; Qiang Wang; Weiming Li; Lingdong Kong; Jing Zhang,2024,arXiv,,http://arxiv.org/abs/2406.12214v3,"cat:cs.RO AND (all:""data augmentation"" OR all:""synthetic demonstrations"")","cat:cs.RO AND (all:""data augmentation"" OR all:""synthetic demonstrations"")"
arXiv,2410.21406v1,Investigating the Benefits of Nonlinear Action Maps in Data-Driven Teleoperation,Michael Przystupa; Gauthier Gidel; Matthew E. Taylor; Martin Jagersand; Justus Piater; Samuele Tosatto,2024,arXiv,,http://arxiv.org/abs/2410.21406v1,"cat:cs.RO AND (all:""data augmentation"" OR all:""synthetic demonstrations"")","cat:cs.RO AND (all:""data augmentation"" OR all:""synthetic demonstrations"")"
arXiv,2411.12633v2,Instant Policy: In-Context Imitation Learning via Graph Diffusion,Vitalis Vosylius; Edward Johns,2024,arXiv,,http://arxiv.org/abs/2411.12633v2,"cat:cs.RO AND (all:""cross-embodiment"" OR all:""action alignment"")","cat:cs.RO AND (all:""cross-embodiment"" OR all:""action alignment"")"
arXiv,2403.05211v1,Improving the Successful Robotic Grasp Detection Using Convolutional Neural Networks,Hamed Hosseini; Mehdi Tale Masouleh; Ahmad Kalhor,2024,arXiv,,http://arxiv.org/abs/2403.05211v1,"cat:cs.RO AND (all:""data augmentation"" OR all:""synthetic demonstrations"")","cat:cs.RO AND (all:""data augmentation"" OR all:""synthetic demonstrations"")"
arXiv,2403.08360v1,Improved Image-based Pose Regressor Models for Underwater Environments,Luyuan Peng; Hari Vishnu; Mandar Chitre; Yuen Min Too; Bharath Kalyan; Rajat Mishra,2024,arXiv,,http://arxiv.org/abs/2403.08360v1,"cat:cs.RO AND (all:""data augmentation"" OR all:""synthetic demonstrations"")","cat:cs.RO AND (all:""data augmentation"" OR all:""synthetic demonstrations"")"
arXiv,2412.15166v1,Human-Humanoid Robots Cross-Embodiment Behavior-Skill Transfer Using Decomposed Adversarial Learning from Demonstration,Junjia Liu; Zhuo Li; Minghao Yu; Zhipeng Dong; Sylvain Calinon; Darwin Caldwell; Fei Chen,2024,arXiv,,http://arxiv.org/abs/2412.15166v1,"cat:cs.RO AND (all:""cross-embodiment"" OR all:""action alignment"")","cat:cs.RO AND (all:""cross-embodiment"" OR all:""action alignment"")"
DBLP,929604,How Cyber Security Enhances Trust and Commitment to Customer Retention: The Mediating Role of Robotic Service Quality,Roshan Panditharathna; Yang Liu 0492; Fabio Vinicius de Macedo Bergamo; Dominic Appiah; Peter R. J. Trim; Yang-Im Lee,2024,Big Data Cogn. Comput.,10.3390/BDCC8110165,https://doi.org/10.3390/bdcc8110165,robot data quality,robot data quality
arXiv,2402.10211v3,Hierarchical State Space Models for Continuous Sequence-to-Sequence Modeling,Raunaq Bhirangi; Chenyu Wang; Venkatesh Pattabiraman; Carmel Majidi; Abhinav Gupta; Tess Hellebrekers; Lerrel Pinto,2024,arXiv,,http://arxiv.org/abs/2402.10211v3,"cat:cs.RO AND all:""data filtering""","cat:cs.RO AND all:""data filtering"""
arXiv,2410.02742v2,Grounding Large Language Models In Embodied Environment With Imperfect World Models,Haolan Liu; Jishen Zhao,2024,arXiv,,http://arxiv.org/abs/2410.02742v2,"cat:cs.RO AND (all:""world model"" AND all:""data generation"")","cat:cs.RO AND (all:""world model"" AND all:""data generation"")"
arXiv,2409.11512v3,Good Grasps Only: A data engine for self-supervised fine-tuning of pose estimation using grasp poses for verification,Frederik Hagelskjær,2024,arXiv,,http://arxiv.org/abs/2409.11512v3,"cat:cs.RO AND all:""data engine""","cat:cs.RO AND all:""data engine"""
arXiv,2412.20519v2,Goal-Conditioned Data Augmentation for Offline Reinforcement Learning,Xingshuai Huang; Di Wu; Benoit Boulet,2024,arXiv,,http://arxiv.org/abs/2412.20519v2,"cat:cs.RO AND (all:""data augmentation"" OR all:""synthetic demonstrations"")","cat:cs.RO AND (all:""data augmentation"" OR all:""synthetic demonstrations"") || cat:cs.RO AND all:""data quality"""
arXiv,2412.18998v1,GeoMatch++: Morphology Conditioned Geometry Matching for Multi-Embodiment Grasping,Yunze Wei; Maria Attarian; Igor Gilitschenski,2024,arXiv,,http://arxiv.org/abs/2412.18998v1,"cat:cs.RO AND (all:""cross-embodiment"" OR all:""action alignment"")","cat:cs.RO AND (all:""cross-embodiment"" OR all:""action alignment"")"
arXiv,2408.06002v1,Generative Design of Multimodal Soft Pneumatic Actuators,Saswath Ghosh; Sitikantha Roy,2024,arXiv,,http://arxiv.org/abs/2408.06002v1,"cat:cs.RO AND (all:""data augmentation"" OR all:""synthetic demonstrations"")","cat:cs.RO AND (all:""data augmentation"" OR all:""synthetic demonstrations"")"
arXiv,2410.15774v2,Generalizing Motion Planners with Mixture of Experts for Autonomous Driving,Qiao Sun; Huimin Wang; Jiahao Zhan; Fan Nie; Xin Wen; Leimeng Xu; Kun Zhan; Peng Jia; Xianpeng Lang; Hang Zhao,2024,arXiv,,http://arxiv.org/abs/2410.15774v2,"cat:cs.RO AND (all:""data augmentation"" OR all:""synthetic demonstrations"")","cat:cs.RO AND (all:""data augmentation"" OR all:""synthetic demonstrations"")"
arXiv,2401.11439v2,General Flow as Foundation Affordance for Scalable Robot Learning,Chengbo Yuan; Chuan Wen; Tong Zhang; Yang Gao,2024,arXiv,,http://arxiv.org/abs/2401.11439v2,"cat:cs.RO AND (all:""cross-embodiment"" OR all:""action alignment"")","cat:cs.RO AND (all:""cross-embodiment"" OR all:""action alignment"")"
arXiv,2409.08688v1,GenMapping: Unleashing the Potential of Inverse Perspective Mapping for Robust Online HD Map Construction,Siyu Li; Kailun Yang; Hao Shi; Song Wang; You Yao; Zhiyong Li,2024,arXiv,,http://arxiv.org/abs/2409.08688v1,"cat:cs.RO AND (all:""data augmentation"" OR all:""synthetic demonstrations"")","cat:cs.RO AND (all:""data augmentation"" OR all:""synthetic demonstrations"")"
arXiv,2412.09624v4,GenEx: Generating an Explorable World,Taiming Lu; Tianmin Shu; Junfei Xiao; Luoxin Ye; Jiahao Wang; Cheng Peng; Chen Wei; Daniel Khashabi; Rama Chellappa; Alan Yuille; Jieneng Chen,2024,arXiv,,http://arxiv.org/abs/2412.09624v4,"cat:cs.RO AND all:""data curation""","cat:cs.RO AND all:""data curation"""
arXiv,2410.06473v3,GRAPPA: Generalizing and Adapting Robot Policies via Online Agentic Guidance,Arthur Bucker; Pablo Ortega-Kral; Jonathan Francis; Jean Oh,2024,arXiv,,http://arxiv.org/abs/2410.06473v3,"cat:cs.RO AND (all:""self-improvement"" OR all:""online post-training"")","cat:cs.RO AND (all:""self-improvement"" OR all:""online post-training"")"
arXiv,2409.18592v2,From One to the Power of Many: Invariance to Multi-LiDAR Perception from Single-Sensor Datasets,Marc Uecker; J. Marius Zöllner,2024,arXiv,,http://arxiv.org/abs/2409.18592v2,"cat:cs.RO AND (all:""data augmentation"" OR all:""synthetic demonstrations"")","cat:cs.RO AND (all:""data augmentation"" OR all:""synthetic demonstrations"")"
arXiv,2412.05053v3,EvTTC: An Event Camera Dataset for Time-to-Collision Estimation,Kaizhen Sun; Jinghang Li; Kuan Dai; Bangyan Liao; Wei Xiong; Yi Zhou,2024,arXiv,,http://arxiv.org/abs/2412.05053v3,"cat:cs.RO AND (all:""data augmentation"" OR all:""synthetic demonstrations"")","cat:cs.RO AND (all:""data augmentation"" OR all:""synthetic demonstrations"")"
arXiv,2411.08231v2,Enhanced Monocular Visual Odometry with AR Poses and Integrated INS-GPS for Robust Localization in Urban Environments,Ankit Shaw,2024,arXiv,,http://arxiv.org/abs/2411.08231v2,"cat:cs.RO AND all:""data filtering""","cat:cs.RO AND all:""data filtering"""
arXiv,2404.12539v3,Enabling Stateful Behaviors for Diffusion-based Policy Learning,Xiao Liu; Fabian Weigend; Yifan Zhou; Heni Ben Amor,2024,arXiv,,http://arxiv.org/abs/2404.12539v3,"cat:cs.RO AND all:""data curation""","cat:cs.RO AND all:""data curation"""
arXiv,2401.09258v2,Efficient Training of Generalizable Visuomotor Policies via Control-Aware Augmentation,Yinuo Zhao; Kun Wu; Tianjiao Yi; Zhiyuan Xu; Xiaozhu Ju; Zhengping Che; Chi Harold Liu; Jian Tang,2024,arXiv,,http://arxiv.org/abs/2401.09258v2,"cat:cs.RO AND (all:""data augmentation"" OR all:""synthetic demonstrations"")","cat:cs.RO AND (all:""data augmentation"" OR all:""synthetic demonstrations"")"
arXiv,2409.12192v2,DynaMo: In-Domain Dynamics Pretraining for Visuo-Motor Control,Zichen Jeff Cui; Hengkai Pan; Aadhithya Iyer; Siddhant Haldar; Lerrel Pinto,2024,arXiv,,http://arxiv.org/abs/2409.12192v2,"cat:cs.RO AND (all:""cross-embodiment"" OR all:""action alignment"")","cat:cs.RO AND (all:""cross-embodiment"" OR all:""action alignment"")"
arXiv,2403.13090v1,Digital Twin-Driven Reinforcement Learning for Obstacle Avoidance in Robot Manipulators: A Self-Improving Online Training Framework,Yuzhu Sun; Mien Van; Stephen McIlvanna; Nguyen Minh Nhat; Kabirat Olayemi; Jack Close; Seán McLoone,2024,arXiv,,http://arxiv.org/abs/2403.13090v1,"cat:cs.RO AND (all:""self-improvement"" OR all:""online post-training"")","cat:cs.RO AND (all:""self-improvement"" OR all:""online post-training"")"
arXiv,2411.05005v1,Diff-2-in-1: Bridging Generation and Dense Perception with Diffusion Models,Shuhong Zheng; Zhipeng Bao; Ruoyu Zhao; Martial Hebert; Yu-Xiong Wang,2024,arXiv,,http://arxiv.org/abs/2411.05005v1,"cat:cs.RO AND (all:""data augmentation"" OR all:""synthetic demonstrations"")","cat:cs.RO AND (all:""data augmentation"" OR all:""synthetic demonstrations"") || cat:cs.RO AND (all:""self-improvement"" OR all:""online post-training"")"
arXiv,2401.17996v2,Development and Adaptation of Robotic Vision in the Real-World: the Challenge of Door Detection,Michele Antonazzi; Matteo Luperto; N. Alberto Borghese; Nicola Basilico,2024,arXiv,,http://arxiv.org/abs/2401.17996v2,"cat:cs.RO AND all:""data quality""","cat:cs.RO AND all:""data quality"""
arXiv,2410.05715v2,Demonstration Based Explainable AI for Learning from Demonstration Methods,Morris Gu; Elizabeth Croft; Dana Kulic,2024,arXiv,,http://arxiv.org/abs/2410.05715v2,"cat:cs.RO AND all:""demonstration selection""","cat:cs.RO AND all:""demonstration selection"""
arXiv,2410.11584v2,DeformPAM: Data-Efficient Learning for Long-horizon Deformable Object Manipulation via Preference-based Action Alignment,Wendi Chen; Han Xue; Fangyuan Zhou; Yuan Fang; Cewu Lu,2024,arXiv,,http://arxiv.org/abs/2410.11584v2,"cat:cs.RO AND (all:""cross-embodiment"" OR all:""action alignment"")","cat:cs.RO AND (all:""cross-embodiment"" OR all:""action alignment"")"
arXiv,2411.12658v2,Data-efficient Tactile Sensing with Electrical Impedance Tomography,Huazhi Dong; Ronald B. Liu; Leo Micklem; Peisan Sharel E; Francesco Giorgio-Serchi; Yunjie Yang,2024,arXiv,,http://arxiv.org/abs/2411.12658v2,"cat:cs.RO AND (all:""data augmentation"" OR all:""synthetic demonstrations"")","cat:cs.RO AND (all:""data augmentation"" OR all:""synthetic demonstrations"")"
arXiv,2401.12888v2,"Data-Centric Evolution in Autonomous Driving: A Comprehensive Survey of Big Data System, Data Mining, and Closed-Loop Technologies",Lincan Li; Wei Shao; Wei Dong; Yijun Tian; Qiming Zhang; Kaixiang Yang; Wenjie Zhang,2024,arXiv,,http://arxiv.org/abs/2401.12888v2,"cat:cs.RO AND all:""data engine""","cat:cs.RO AND all:""data engine"""
arXiv,2410.00349v1,Data Augmentation for 3DMM-based Arousal-Valence Prediction for HRI,Christian Arzate Cruz; Yotam Sechayk; Takeo Igarashi; Randy Gomez,2024,arXiv,,http://arxiv.org/abs/2410.00349v1,"cat:cs.RO AND (all:""data augmentation"" OR all:""synthetic demonstrations"")","cat:cs.RO AND (all:""data augmentation"" OR all:""synthetic demonstrations"")"
DBLP,1059045,DaFoEs: Mixing Datasets Towards the Generalization of Vision-State Deep-Learning Force Estimation in Minimally Invasive Robotic Surgery,Mikel De Iturrate Reyzabal; Mingcong Chen; Wei Huang; Sébastien Ourselin; Hongbin Liu 0001,2024,IEEE Robotics Autom. Lett.,10.1109/LRA.2024.3356984,https://doi.org/10.1109/LRA.2024.3356984,robot data mixing,robot data mixing
arXiv,2410.04370v1,DABI: Evaluation of Data Augmentation Methods Using Downsampling in Bilateral Control-Based Imitation Learning with Images,Masato Kobayashi; Thanpimon Buamanee; Yuki Uranishi,2024,arXiv,,http://arxiv.org/abs/2410.04370v1,"cat:cs.RO AND (all:""data augmentation"" OR all:""synthetic demonstrations"")","cat:cs.RO AND (all:""data augmentation"" OR all:""synthetic demonstrations"")"
arXiv,2402.14795v2,CyberDemo: Augmenting Simulated Human Demonstration for Real-World Dexterous Manipulation,Jun Wang; Yuzhe Qin; Kaiming Kuang; Yigit Korkmaz; Akhilan Gurumoorthy; Hao Su; Xiaolong Wang,2024,arXiv,,http://arxiv.org/abs/2402.14795v2,"cat:cs.RO AND (all:""data augmentation"" OR all:""synthetic demonstrations"")","cat:cs.RO AND (all:""data augmentation"" OR all:""synthetic demonstrations"")"
arXiv,2410.15030v1,Cutting-Edge Detection of Fatigue in Drivers: A Comparative Study of Object Detection Models,Amelia Jones,2024,arXiv,,http://arxiv.org/abs/2410.15030v1,"cat:cs.RO AND (all:""data augmentation"" OR all:""synthetic demonstrations"")","cat:cs.RO AND (all:""data augmentation"" OR all:""synthetic demonstrations"")"
arXiv,2406.01968v1,Cross-Embodiment Robot Manipulation Skill Transfer using Latent Space Alignment,Tianyu Wang; Dwait Bhatt; Xiaolong Wang; Nikolay Atanasov,2024,arXiv,,http://arxiv.org/abs/2406.01968v1,"cat:cs.RO AND (all:""cross-embodiment"" OR all:""action alignment"")","cat:cs.RO AND (all:""cross-embodiment"" OR all:""action alignment"")"
arXiv,2410.02479v1,Cross-Embodiment Dexterous Grasping with Reinforcement Learning,Haoqi Yuan; Bohan Zhou; Yuhui Fu; Zongqing Lu,2024,arXiv,,http://arxiv.org/abs/2410.02479v1,"cat:cs.RO AND (all:""cross-embodiment"" OR all:""action alignment"")","cat:cs.RO AND (all:""cross-embodiment"" OR all:""action alignment"")"
arXiv,2404.15648v2,Cross-Embodied Affordance Transfer through Learning Affordance Equivalences,Hakan Aktas; Yukie Nagai; Minoru Asada; Matteo Saveriano; Erhan Oztop; Emre Ugur,2024,arXiv,,http://arxiv.org/abs/2404.15648v2,"cat:cs.RO AND (all:""cross-embodiment"" OR all:""action alignment"")","cat:cs.RO AND (all:""cross-embodiment"" OR all:""action alignment"")"
arXiv,2405.01824v1,Creation of Novel Soft Robot Designs using Generative AI,Wee Kiat Chan; PengWei Wang; Raye Chen-Hua Yeow,2024,arXiv,,http://arxiv.org/abs/2405.01824v1,"cat:cs.RO AND (all:""data augmentation"" OR all:""synthetic demonstrations"")","cat:cs.RO AND (all:""data augmentation"" OR all:""synthetic demonstrations"")"
arXiv,2404.10645v1,Continuous Control Reinforcement Learning: Distributed Distributional DrQ Algorithms,Zehao Zhou,2024,arXiv,,http://arxiv.org/abs/2404.10645v1,"cat:cs.RO AND (all:""data augmentation"" OR all:""synthetic demonstrations"")","cat:cs.RO AND (all:""data augmentation"" OR all:""synthetic demonstrations"")"
DBLP,1355299,Computational design and robotic fabrication for high environmental quality timber constructions: the livMatS Biomimetic Shell case study,Roberta Di Bari; Anja Patricia Regina Lauer; Christoph Schlopschnat; Simon Treml; Nils Opgenorth; Lior Skoury; Tim Stark; Simon Bechert; Monika Göbel; Hans Jakob Wagner; Dylan Wood; Philip Leistner; Jan Knippers; Achim Menges; Oliver Sawodny; Thomas Wortmann,2024,DaRUS,10.18419/DARUS-4434&amp;VERSION=1.0,https://darus.uni-stuttgart.de/dataset.xhtml?persistentId=doi:10.18419/DARUS-4434&amp;version=1.0,robot data quality,robot data quality
arXiv,2405.18917v2,Causal Action Influence Aware Counterfactual Data Augmentation,Núria Armengol Urpí; Marco Bagatella; Marin Vlastelica; Georg Martius,2024,arXiv,,http://arxiv.org/abs/2405.18917v2,"cat:cs.RO AND (all:""data augmentation"" OR all:""synthetic demonstrations"")","cat:cs.RO AND (all:""data augmentation"" OR all:""synthetic demonstrations"")"
arXiv,2410.02221v1,Capturing complex hand movements and object interactions using machine learning-powered stretchable smart textile gloves,Arvin Tashakori; Zenan Jiang; Amir Servati; Saeid Soltanian; Harishkumar Narayana; Katherine Le; Caroline Nakayama; Chieh-ling Yang; Z. Jane Wang; Janice J. Eng; Peyman Servati,2024,arXiv,,http://arxiv.org/abs/2410.02221v1,"cat:cs.RO AND (all:""data augmentation"" OR all:""synthetic demonstrations"")","cat:cs.RO AND (all:""data augmentation"" OR all:""synthetic demonstrations"")"
arXiv,2403.17010v3,Calib3D: Calibrating Model Preferences for Reliable 3D Scene Understanding,Lingdong Kong; Xiang Xu; Jun Cen; Wenwei Zhang; Liang Pan; Kai Chen; Ziwei Liu,2024,arXiv,,http://arxiv.org/abs/2403.17010v3,"cat:cs.RO AND (all:""data augmentation"" OR all:""synthetic demonstrations"")","cat:cs.RO AND (all:""data augmentation"" OR all:""synthetic demonstrations"")"
arXiv,2409.14896v2,Built Different: Tactile Perception to Overcome Cross-Embodiment Capability Differences in Collaborative Manipulation,William van den Bogert; Madhavan Iyengar; Nima Fazeli,2024,arXiv,,http://arxiv.org/abs/2409.14896v2,"cat:cs.RO AND (all:""cross-embodiment"" OR all:""action alignment"")","cat:cs.RO AND (all:""cross-embodiment"" OR all:""action alignment"")"
DBLP,1058782,BotanicGarden: A High-Quality Dataset for Robot Navigation in Unstructured Natural Environments,Yuanzhi Liu; Yujia Fu; Minghui Qin; Yufeng Xu; Baoxin Xu; Fengdong Chen; Bart Goossens; Poly Z. H. Sun; Hongwei Yu; Chun Liu 0003; Long Chen 0005; Wei Tao; Hui Zhao 0019,2024,IEEE Robotics Autom. Lett.,10.1109/LRA.2024.3359548,https://doi.org/10.1109/LRA.2024.3359548,robot data quality,robot data quality
arXiv,2409.16862v1,Behavior evolution-inspired approach to walking gait reinforcement training for quadruped robots,Yu Wang; Wenchuan Jia; Yi Sun; Dong He,2024,arXiv,,http://arxiv.org/abs/2409.16862v1,"cat:cs.RO AND (all:""self-improvement"" OR all:""online post-training"")","cat:cs.RO AND (all:""self-improvement"" OR all:""online post-training"")"
arXiv,2412.07655v1,Bayesian Data Augmentation and Training for Perception DNN in Autonomous Aerial Vehicles,Ashik E Rasul; Humaira Tasnim; Hyung-Jin Yoon; Ayoosh Bansal; Duo Wang; Naira Hovakimyan; Lui Sha; Petros Voulgaris,2024,arXiv,,http://arxiv.org/abs/2412.07655v1,"cat:cs.RO AND (all:""data augmentation"" OR all:""synthetic demonstrations"")","cat:cs.RO AND (all:""data augmentation"" OR all:""synthetic demonstrations"")"
DBLP,1329890,Autonomous Robotic Platform for Proximal Data Collection Amongst Foliage Utilizing an Anisotropically Flexible Manipulator,Sachintha Balasooriya; Yoshihiro Sato; Takeshi Oishi,2024,SII,10.1109/SII58957.2024.10417644,https://doi.org/10.1109/SII58957.2024.10417644,robot autonomous data collection,robot autonomous data collection
DBLP,1339168,Autonomous Field Navigation of Mobile Robots for Data Collection and Monitoring in Agricultural Crop Fields,Yuan Wei; Kangneoung Lee; Kiju Lee,2024,UR,10.1109/UR61395.2024.10597470,https://doi.org/10.1109/UR61395.2024.10597470,robot autonomous data collection,robot autonomous data collection
arXiv,2410.14968v2,AugInsert: Learning Robust Visual-Force Policies via Data Augmentation for Object Assembly Tasks,Ryan Diaz; Adam Imdieke; Vivek Veeriah; Karthik Desingh,2024,arXiv,,http://arxiv.org/abs/2410.14968v2,"cat:cs.RO AND (all:""data augmentation"" OR all:""synthetic demonstrations"")","cat:cs.RO AND (all:""data augmentation"" OR all:""synthetic demonstrations"")"
arXiv,2410.08365v1,Are We Ready for Real-Time LiDAR Semantic Segmentation in Autonomous Driving?,Samir Abou Haidar; Alexandre Chariot; Mehdi Darouich; Cyril Joly; Jean-Emmanuel Deschaud,2024,arXiv,,http://arxiv.org/abs/2410.08365v1,"cat:cs.RO AND (all:""data augmentation"" OR all:""synthetic demonstrations"")","cat:cs.RO AND (all:""data augmentation"" OR all:""synthetic demonstrations"")"
arXiv,2403.16092v2,Are NeRFs ready for autonomous driving? Towards closing the real-to-simulation gap,Carl Lindström; Georg Hess; Adam Lilja; Maryam Fatemi; Lars Hammarstrand; Christoffer Petersson; Lennart Svensson,2024,arXiv,,http://arxiv.org/abs/2403.16092v2,"cat:cs.RO AND (all:""data augmentation"" OR all:""synthetic demonstrations"")","cat:cs.RO AND (all:""data augmentation"" OR all:""synthetic demonstrations"")"
arXiv,2411.01119v2,AquaFuse: Waterbody Fusion for Physics Guided View Synthesis of Underwater Scenes,Md Abu Bakr Siddique; Jiayi Wu; Ioannis Rekleitis; Md Jahidul Islam,2024,arXiv,,http://arxiv.org/abs/2411.01119v2,"cat:cs.RO AND (all:""data augmentation"" OR all:""synthetic demonstrations"")","cat:cs.RO AND (all:""data augmentation"" OR all:""synthetic demonstrations"")"
arXiv,2405.01918v1,An Onboard Framework for Staircases Modeling Based on Point Clouds,Chun Qing; Rongxiang Zeng; Xuan Wu; Yongliang Shi; Gan Ma,2024,arXiv,,http://arxiv.org/abs/2405.01918v1,"cat:cs.RO AND (all:""data augmentation"" OR all:""synthetic demonstrations"")","cat:cs.RO AND (all:""data augmentation"" OR all:""synthetic demonstrations"")"
arXiv,2405.14870v2,An Empirical Study of Training State-of-the-Art LiDAR Segmentation Models,Jiahao Sun; Chunmei Qing; Xiang Xu; Lingdong Kong; Youquan Liu; Li Li; Chenming Zhu; Jingwei Zhang; Zeqi Xiao; Runnan Chen; Tai Wang; Wenwei Zhang; Kai Chen,2024,arXiv,,http://arxiv.org/abs/2405.14870v2,"cat:cs.RO AND (all:""data augmentation"" OR all:""synthetic demonstrations"")","cat:cs.RO AND (all:""data augmentation"" OR all:""synthetic demonstrations"")"
arXiv,2412.00138v2,Adversarial Exploitation of Data Diversity Improves Visual Localization,Sihang Li; Siqi Tan; Bowen Chang; Jing Zhang; Chen Feng; Yiming Li,2024,arXiv,,http://arxiv.org/abs/2412.00138v2,"cat:cs.RO AND (all:""data augmentation"" OR all:""synthetic demonstrations"")","cat:cs.RO AND (all:""data augmentation"" OR all:""synthetic demonstrations"")"
arXiv,2407.16842v1,Adapting Image-based RL Policies via Predicted Rewards,Weiyao Wang; Xinyuan Fang; Gregory D. Hager,2024,arXiv,,http://arxiv.org/abs/2407.16842v1,"cat:cs.RO AND (all:""data augmentation"" OR all:""synthetic demonstrations"")","cat:cs.RO AND (all:""data augmentation"" OR all:""synthetic demonstrations"")"
arXiv,2410.08464v1,ARCap: Collecting High-quality Human Demonstrations for Robot Learning with Augmented Reality Feedback,Sirui Chen; Chen Wang; Kaden Nguyen; Li Fei-Fei; C. Karen Liu,2024,arXiv,,http://arxiv.org/abs/2410.08464v1,"cat:cs.RO AND (all:""cross-embodiment"" OR all:""action alignment"")","cat:cs.RO AND (all:""cross-embodiment"" OR all:""action alignment"") || cat:cs.RO AND all:""data quality"""
arXiv,2410.15994v1,ARCADE: Scalable Demonstration Collection and Generation via Augmented Reality for Imitation Learning,Yue Yang; Bryce Ikeda; Gedas Bertasius; Daniel Szafir,2024,arXiv,,http://arxiv.org/abs/2410.15994v1,"cat:cs.RO AND (all:""data augmentation"" OR all:""synthetic demonstrations"")","cat:cs.RO AND (all:""data augmentation"" OR all:""synthetic demonstrations"")"
DBLP,977297,A roadmap for improving data quality through standards for collaborative intelligence in human-robot applications,Shakra Mehak; Inês F. Ramos; Keerthi Sagar; Aswin K. Ramasubramanian; John D. Kelleher; Michael Guilfoyle; Gabriele Gianini; Ernesto Damiani; Maria Chiara Leva,2024,Frontiers Robotics AI,10.3389/FROBT.2024.1434351,https://doi.org/10.3389/frobt.2024.1434351,robot data quality,robot data quality
arXiv,2409.18097v1,A Sim-to-Real Vision-based Lane Keeping System for a 1:10-scale Autonomous Vehicle,Antonio Gallina; Matteo Grandin; Angelo Cenedese; Mattia Bruschetta,2024,arXiv,,http://arxiv.org/abs/2409.18097v1,"cat:cs.RO AND (all:""world model"" AND all:""data generation"")","cat:cs.RO AND (all:""world model"" AND all:""data generation"")"
arXiv,2405.17416v2,A Recipe for Unbounded Data Augmentation in Visual Reinforcement Learning,Abdulaziz Almuzairee; Nicklas Hansen; Henrik I. Christensen,2024,arXiv,,http://arxiv.org/abs/2405.17416v2,"cat:cs.RO AND (all:""data augmentation"" OR all:""synthetic demonstrations"")","cat:cs.RO AND (all:""data augmentation"" OR all:""synthetic demonstrations"")"
DBLP,977129,3D human pose data augmentation using Generative Adversarial Networks for robotic-assisted movement quality assessment,Xuefeng Wang; Yang Mi; Xiang Zhang,2024,Frontiers Neurorobotics,10.3389/FNBOT.2024.1371385,https://doi.org/10.3389/fnbot.2024.1371385,robot data quality,robot data quality
arXiv,2410.01702v4,"$\mathcal{D(R,O)}$ Grasp: A Unified Representation of Robot and Object Interaction for Cross-Embodiment Dexterous Grasping",Zhenyu Wei; Zhixuan Xu; Jingxiang Guo; Yiwen Hou; Chongkai Gao; Zhehao Cai; Jiayu Luo; Lin Shao,2024,arXiv,,http://arxiv.org/abs/2410.01702v4,"cat:cs.RO AND (all:""cross-embodiment"" OR all:""action alignment"")","cat:cs.RO AND (all:""cross-embodiment"" OR all:""action alignment"")"
arXiv,2307.09955v2,XSkill: Cross Embodiment Skill Discovery,Mengda Xu; Zhenjia Xu; Cheng Chi; Manuela Veloso; Shuran Song,2023,arXiv,,http://arxiv.org/abs/2307.09955v2,"cat:cs.RO AND (all:""cross-embodiment"" OR all:""action alignment"")","cat:cs.RO AND (all:""cross-embodiment"" OR all:""action alignment"")"
arXiv,2310.02219v2,What do we learn from a large-scale study of pre-trained visual representations in sim and real environments?,Sneha Silwal; Karmesh Yadav; Tingfan Wu; Jay Vakil; Arjun Majumdar; Sergio Arnaud; Claire Chen; Vincent-Pierre Berges; Dhruv Batra; Aravind Rajeswaran; Mrinal Kalakrishnan; Franziska Meier; Oleksandr Maksymets,2023,arXiv,,http://arxiv.org/abs/2310.02219v2,"cat:cs.RO AND (all:""data augmentation"" OR all:""synthetic demonstrations"")","cat:cs.RO AND (all:""data augmentation"" OR all:""synthetic demonstrations"")"
arXiv,2303.07026v2,Visual-Policy Learning through Multi-Camera View to Single-Camera View Knowledge Distillation for Robot Manipulation Tasks,Cihan Acar; Kuluhan Binici; Alp Tekirdağ; Yan Wu,2023,arXiv,,http://arxiv.org/abs/2303.07026v2,"cat:cs.RO AND (all:""data augmentation"" OR all:""synthetic demonstrations"")","cat:cs.RO AND (all:""data augmentation"" OR all:""synthetic demonstrations"")"
arXiv,2306.13329v1,Unsupervised Deformable Ultrasound Image Registration and Its Application for Vessel Segmentation,FNU Abhimanyu; Andrew L. Orekhov; Ananya Bal; John Galeotti; Howie Choset,2023,arXiv,,http://arxiv.org/abs/2306.13329v1,"cat:cs.RO AND (all:""data augmentation"" OR all:""synthetic demonstrations"")","cat:cs.RO AND (all:""data augmentation"" OR all:""synthetic demonstrations"")"
arXiv,2311.14153v2,Tube-NeRF: Efficient Imitation Learning of Visuomotor Policies from MPC using Tube-Guided Data Augmentation and NeRFs,Andrea Tagliabue; Jonathan P. How,2023,arXiv,,http://arxiv.org/abs/2311.14153v2,"cat:cs.RO AND (all:""data augmentation"" OR all:""synthetic demonstrations"")","cat:cs.RO AND (all:""data augmentation"" OR all:""synthetic demonstrations"")"
arXiv,2311.02007v1,Towards Unsupervised Object Detection From LiDAR Point Clouds,Lunjun Zhang; Anqi Joyce Yang; Yuwen Xiong; Sergio Casas; Bin Yang; Mengye Ren; Raquel Urtasun,2023,arXiv,,http://arxiv.org/abs/2311.02007v1,"cat:cs.RO AND (all:""self-improvement"" OR all:""online post-training"")","cat:cs.RO AND (all:""self-improvement"" OR all:""online post-training"")"
arXiv,2301.12249v1,Towards Precise Model-free Robotic Grasping with Sim-to-Real Transfer Learning,Lei Zhang; Kaixin Bai; Zhaopeng Chen; Yunlei Shi; Jianwei Zhang,2023,arXiv,,http://arxiv.org/abs/2301.12249v1,"cat:cs.RO AND (all:""data augmentation"" OR all:""synthetic demonstrations"")","cat:cs.RO AND (all:""data augmentation"" OR all:""synthetic demonstrations"")"
arXiv,2307.08590v1,The Effect of Data Visualisation Quality and Task Density on Human-Swarm Interaction,Ayodeji O. Abioye; Mohammad Naiseh; William Hunt; Jediah Clark; Sarvapali D. Ramchurn; Mohammad D. Soorati,2023,arXiv,,http://arxiv.org/abs/2307.08590v1,"cat:cs.RO AND all:""data quality""","cat:cs.RO AND all:""data quality"""
arXiv,2309.08904v1,Stylized Table Tennis Robots Skill Learning with Incomplete Human Demonstrations,Xiang Zhu; Zixuan Chen; Jianyu Chen,2023,arXiv,,http://arxiv.org/abs/2309.08904v1,"cat:cs.RO AND (all:""data augmentation"" OR all:""synthetic demonstrations"")","cat:cs.RO AND (all:""data augmentation"" OR all:""synthetic demonstrations"")"
arXiv,2303.10930v1,Semantic 3D scene segmentation for robotic assembly process execution,Andreas Wiedholz; Stefanie Wucherer; Simon Dietrich,2023,arXiv,,http://arxiv.org/abs/2303.10930v1,"cat:cs.RO AND (all:""world model"" AND all:""data generation"")","cat:cs.RO AND (all:""world model"" AND all:""data generation"")"
arXiv,2303.01488v1,Self-Improving Robots: End-to-End Autonomous Visuomotor Reinforcement Learning,Archit Sharma; Ahmed M. Ahmed; Rehaan Ahmad; Chelsea Finn,2023,arXiv,,http://arxiv.org/abs/2303.01488v1,"cat:cs.RO AND (all:""self-improvement"" OR all:""online post-training"")","cat:cs.RO AND (all:""self-improvement"" OR all:""online post-training"")"
arXiv,2302.11550v1,Scaling Robot Learning with Semantically Imagined Experience,Tianhe Yu; Ted Xiao; Austin Stone; Jonathan Tompson; Anthony Brohan; Su Wang; Jaspiar Singh; Clayton Tan; Dee M; Jodilyn Peralta; Brian Ichter; Karol Hausman; Fei Xia,2023,arXiv,,http://arxiv.org/abs/2302.11550v1,"cat:cs.RO AND (all:""data augmentation"" OR all:""synthetic demonstrations"")","cat:cs.RO AND (all:""data augmentation"" OR all:""synthetic demonstrations"") || cat:cs.RO AND all:""autonomous data collection"""
arXiv,2305.18942v2,Scaling Planning for Automated Driving using Simplistic Synthetic Data,Martin Stoll; Markus Mazzola; Maxim Dolgov; Jürgen Mathes; Nicolas Möser,2023,arXiv,,http://arxiv.org/abs/2305.18942v2,"cat:cs.RO AND (all:""data augmentation"" OR all:""synthetic demonstrations"")","cat:cs.RO AND (all:""data augmentation"" OR all:""synthetic demonstrations"")"
arXiv,2312.09906v1,Sample-Efficient Learning to Solve a Real-World Labyrinth Game Using Data-Augmented Model-Based Reinforcement Learning,Thomas Bi; Raffaello D'Andrea,2023,arXiv,,http://arxiv.org/abs/2312.09906v1,"cat:cs.RO AND (all:""data augmentation"" OR all:""synthetic demonstrations"")","cat:cs.RO AND (all:""data augmentation"" OR all:""synthetic demonstrations"")"
arXiv,2301.00810v3,SIRL: Similarity-based Implicit Representation Learning,Andreea Bobu; Yi Liu; Rohin Shah; Daniel S. Brown; Anca D. Dragan,2023,arXiv,,http://arxiv.org/abs/2301.00810v3,"cat:cs.RO AND (all:""data augmentation"" OR all:""synthetic demonstrations"")","cat:cs.RO AND (all:""data augmentation"" OR all:""synthetic demonstrations"")"
arXiv,2304.01895v1,Robustness Benchmark of Road User Trajectory Prediction Models for Automated Driving,Manuel Muñoz Sánchez; Emilia Silvas; Jos Elfring; René van de Molengraft,2023,arXiv,,http://arxiv.org/abs/2304.01895v1,"cat:cs.RO AND (all:""data augmentation"" OR all:""synthetic demonstrations"")","cat:cs.RO AND (all:""data augmentation"" OR all:""synthetic demonstrations"")"
arXiv,2307.04011v1,Robust Learning-Based Incipient Slip Detection using the PapillArray Optical Tactile Sensor for Improved Robotic Gripping,Qiang Wang; Pablo Martinez Ulloa; Robert Burke; David Cordova Bulens; Stephen J. Redmond,2023,arXiv,,http://arxiv.org/abs/2307.04011v1,"cat:cs.RO AND (all:""data augmentation"" OR all:""synthetic demonstrations"")","cat:cs.RO AND (all:""data augmentation"" OR all:""synthetic demonstrations"")"
arXiv,2308.08380v1,Robust Autonomous Vehicle Pursuit without Expert Steering Labels,Jiaxin Pan; Changyao Zhou; Mariia Gladkova; Qadeer Khan; Daniel Cremers,2023,arXiv,,http://arxiv.org/abs/2308.08380v1,"cat:cs.RO AND (all:""data augmentation"" OR all:""synthetic demonstrations"")","cat:cs.RO AND (all:""data augmentation"" OR all:""synthetic demonstrations"")"
arXiv,2310.15145v1,Robot Fine-Tuning Made Easy: Pre-Training Rewards and Policies for Autonomous Real-World Reinforcement Learning,Jingyun Yang; Max Sobol Mark; Brandon Vu; Archit Sharma; Jeannette Bohg; Chelsea Finn,2023,arXiv,,http://arxiv.org/abs/2310.15145v1,"cat:cs.RO AND (all:""self-improvement"" OR all:""online post-training"")","cat:cs.RO AND (all:""self-improvement"" OR all:""online post-training"")"
arXiv,2306.11706v2,RoboCat: A Self-Improving Generalist Agent for Robotic Manipulation,Konstantinos Bousmalis; Giulia Vezzani; Dushyant Rao; Coline Devin; Alex X. Lee; Maria Bauza; Todor Davchev; Yuxiang Zhou; Agrim Gupta; Akhil Raju; Antoine Laurens; Claudio Fantacci; Valentin Dalibard; Martina Zambelli; Murilo Martins; Rugile Pevceviciute; Michiel Blokzijl; Misha Denil; Nathan Batchelor; Thomas Lampe; Emilio Parisotto; Konrad Żołna; Scott Reed; Sergio Gómez Colmenarejo; Jon Scholz; Abbas Abdolmaleki; Oliver Groth; Jean-Baptiste Regli; Oleg Sushkov; Tom Rothörl; José Enrique Chen; Yusuf Aytar; Dave Barker; Joy Ortiz; Martin Riedmiller; Jost Tobias Springenberg; Raia Hadsell; Francesco Nori; Nicolas Heess,2023,arXiv,,http://arxiv.org/abs/2306.11706v2,"cat:cs.RO AND (all:""self-improvement"" OR all:""online post-training"")","cat:cs.RO AND (all:""self-improvement"" OR all:""online post-training"")"
arXiv,2311.11340v2,RflyMAD: A Dataset for Multicopter Fault Detection and Health Assessment,Xiangli Le; Bo Jin; Gen Cui; Xunhua Dai; Quan Quan,2023,arXiv,,http://arxiv.org/abs/2311.11340v2,"cat:cs.RO AND all:""data quality""","cat:cs.RO AND all:""data quality"""
arXiv,2303.05367v3,Rethinking Range View Representation for LiDAR Segmentation,Lingdong Kong; Youquan Liu; Runnan Chen; Yuexin Ma; Xinge Zhu; Yikang Li; Yuenan Hou; Yu Qiao; Ziwei Liu,2023,arXiv,,http://arxiv.org/abs/2303.05367v3,"cat:cs.RO AND (all:""data augmentation"" OR all:""synthetic demonstrations"")","cat:cs.RO AND (all:""data augmentation"" OR all:""synthetic demonstrations"")"
arXiv,2309.10443v1,Rethinking Imitation-based Planner for Autonomous Driving,Jie Cheng; Yingbing Chen; Xiaodong Mei; Bowen Yang; Bo Li; Ming Liu,2023,arXiv,,http://arxiv.org/abs/2309.10443v1,"cat:cs.RO AND (all:""data augmentation"" OR all:""synthetic demonstrations"")","cat:cs.RO AND (all:""data augmentation"" OR all:""synthetic demonstrations"")"
arXiv,2312.07724v1,Restorebot: Towards an Autonomous Robotics Platform for Degraded Rangeland Restoration,Kristen Such; Harel Biggie; Christoffer Heckman,2023,arXiv,,http://arxiv.org/abs/2312.07724v1,"cat:cs.RO AND all:""autonomous data collection""","cat:cs.RO AND all:""autonomous data collection"""
arXiv,2301.07286v1,Reslicing Ultrasound Images for Data Augmentation and Vessel Reconstruction,Cecilia Morales; Jason Yao; Tejas Rane; Robert Edman; Howie Choset; Artur Dubrawski,2023,arXiv,,http://arxiv.org/abs/2301.07286v1,"cat:cs.RO AND (all:""data augmentation"" OR all:""synthetic demonstrations"")","cat:cs.RO AND (all:""data augmentation"" OR all:""synthetic demonstrations"")"
arXiv,2310.17178v2,Relational Object-Centric Actor-Critic,Leonid Ugadiarov; Vitaliy Vorobyov; Aleksandr I. Panov,2023,arXiv,,http://arxiv.org/abs/2310.17178v2,"cat:cs.RO AND (all:""world model"" AND all:""data generation"")","cat:cs.RO AND (all:""world model"" AND all:""data generation"")"
arXiv,2311.15648v1,Reinforcement Learning from Diffusion Feedback: Q* for Image Search,Aboli Marathe,2023,arXiv,,http://arxiv.org/abs/2311.15648v1,"cat:cs.RO AND (all:""data augmentation"" OR all:""synthetic demonstrations"")","cat:cs.RO AND (all:""data augmentation"" OR all:""synthetic demonstrations"")"
arXiv,2312.12772v1,Realistic Rainy Weather Simulation for LiDARs in CARLA Simulator,Donglin Yang; Zhenfeng Liu; Wentao Jiang; Guohang Yan; Xing Gao; Botian Shi; Si Liu; Xinyu Cai,2023,arXiv,,http://arxiv.org/abs/2312.12772v1,"cat:cs.RO AND (all:""data augmentation"" OR all:""synthetic demonstrations"")","cat:cs.RO AND (all:""data augmentation"" OR all:""synthetic demonstrations"")"
arXiv,2309.12547v1,Real-time Motion Generation and Data Augmentation for Grasping Moving Objects with Dynamic Speed and Position Changes,Kenjiro Yamamoto; Hiroshi Ito; Hideyuki Ichiwara; Hiroki Mori; Tetsuya Ogata,2023,arXiv,,http://arxiv.org/abs/2309.12547v1,"cat:cs.RO AND (all:""data augmentation"" OR all:""synthetic demonstrations"")","cat:cs.RO AND (all:""data augmentation"" OR all:""synthetic demonstrations"")"
arXiv,2302.14264v1,RGB-D Grasp Detection via Depth Guided Learning with Cross-modal Attention,Ran Qin; Haoxiang Ma; Boyang Gao; Di Huang,2023,arXiv,,http://arxiv.org/abs/2302.14264v1,"cat:cs.RO AND all:""data quality""","cat:cs.RO AND all:""data quality"""
arXiv,2311.00815v1,PIAug -- Physics Informed Augmentation for Learning Vehicle Dynamics for Off-Road Navigation,Parv Maheshwari; Wenshan Wang; Samuel Triest; Matthew Sivaprakasam; Shubhra Aich; John G. Rogers; Jason M. Gregory; Sebastian Scherer,2023,arXiv,,http://arxiv.org/abs/2311.00815v1,"cat:cs.RO AND (all:""data augmentation"" OR all:""synthetic demonstrations"")","cat:cs.RO AND (all:""data augmentation"" OR all:""synthetic demonstrations"")"
arXiv,2304.00503v2,Online Learning and Control for Data-Augmented Quadrotor Model,Matej Smid; Jindrich Dunik,2023,arXiv,,http://arxiv.org/abs/2304.00503v2,"cat:cs.RO AND (all:""data augmentation"" OR all:""synthetic demonstrations"")","cat:cs.RO AND (all:""data augmentation"" OR all:""synthetic demonstrations"")"
arXiv,2302.04856v1,One-shot Visual Imitation via Attributed Waypoints and Demonstration Augmentation,Matthew Chang; Saurabh Gupta,2023,arXiv,,http://arxiv.org/abs/2302.04856v1,"cat:cs.RO AND (all:""data augmentation"" OR all:""synthetic demonstrations"")","cat:cs.RO AND (all:""data augmentation"" OR all:""synthetic demonstrations"")"
arXiv,2302.10433v3,On discrete symmetries of robotics systems: A group-theoretic and data-driven analysis,Daniel Ordonez-Apraez; Mario Martin; Antonio Agudo; Francesc Moreno-Noguer,2023,arXiv,,http://arxiv.org/abs/2302.10433v3,"cat:cs.RO AND (all:""data augmentation"" OR all:""synthetic demonstrations"")","cat:cs.RO AND (all:""data augmentation"" OR all:""synthetic demonstrations"")"
arXiv,2303.12499v1,On Domain-Specific Pre-Training for Effective Semantic Perception in Agricultural Robotics,Gianmarco Roggiolani; Federico Magistri; Tiziano Guadagnino; Jan Weyler; Giorgio Grisetti; Cyrill Stachniss; Jens Behley,2023,arXiv,,http://arxiv.org/abs/2303.12499v1,"cat:cs.RO AND (all:""data augmentation"" OR all:""synthetic demonstrations"")","cat:cs.RO AND (all:""data augmentation"" OR all:""synthetic demonstrations"")"
arXiv,2306.12556v1,Off the Radar: Uncertainty-Aware Radar Place Recognition with Introspective Querying and Map Maintenance,Jianhao Yuan; Paul Newman; Matthew Gadd,2023,arXiv,,http://arxiv.org/abs/2306.12556v1,"cat:cs.RO AND (all:""data augmentation"" OR all:""synthetic demonstrations"")","cat:cs.RO AND (all:""data augmentation"" OR all:""synthetic demonstrations"")"
arXiv,2301.08556v1,NeRF in the Palm of Your Hand: Corrective Augmentation for Robotics via Novel-View Synthesis,Allan Zhou; Moo Jin Kim; Lirui Wang; Pete Florence; Chelsea Finn,2023,arXiv,,http://arxiv.org/abs/2301.08556v1,"cat:cs.RO AND (all:""data augmentation"" OR all:""synthetic demonstrations"")","cat:cs.RO AND (all:""data augmentation"" OR all:""synthetic demonstrations"")"
arXiv,2312.14474v2,MonoLSS: Learnable Sample Selection For Monocular 3D Detection,Zhenjia Li; Jinrang Jia; Yifeng Shi,2023,arXiv,,http://arxiv.org/abs/2312.14474v2,"cat:cs.RO AND (all:""data augmentation"" OR all:""synthetic demonstrations"")","cat:cs.RO AND (all:""data augmentation"" OR all:""synthetic demonstrations"")"
arXiv,2309.00544v2,"Modular, Multi-Robot Integration of Laboratories: An Autonomous Solid-State Workflow for Powder X-Ray Diffraction",Amy. M. Lunt; Hatem Fakhruldeen; Gabriella Pizzuto; Louis Longley; Alexander White; Nicola Rankin; Rob Clowes; Ben Alston; Lucia Gigli; Graeme M. Day; Andrew I. Cooper; Sam. Y. Chong,2023,arXiv,,http://arxiv.org/abs/2309.00544v2,"cat:cs.RO AND all:""data quality""","cat:cs.RO AND all:""data quality"""
arXiv,2312.15339v1,MaDi: Learning to Mask Distractions for Generalization in Visual Deep Reinforcement Learning,Bram Grooten; Tristan Tomilin; Gautham Vasan; Matthew E. Taylor; A. Rupam Mahmood; Meng Fang; Mykola Pechenizkiy; Decebal Constantin Mocanu,2023,arXiv,,http://arxiv.org/abs/2312.15339v1,"cat:cs.RO AND (all:""data augmentation"" OR all:""synthetic demonstrations"")","cat:cs.RO AND (all:""data augmentation"" OR all:""synthetic demonstrations"")"
arXiv,2303.07814v2,MS-TCRNet: Multi-Stage Temporal Convolutional Recurrent Networks for Action Segmentation Using Sensor-Augmented Kinematics,Adam Goldbraikh; Omer Shubi; Or Rubin; Carla M Pugh; Shlomi Laufer,2023,arXiv,,http://arxiv.org/abs/2303.07814v2,"cat:cs.RO AND (all:""data augmentation"" OR all:""synthetic demonstrations"")","cat:cs.RO AND (all:""data augmentation"" OR all:""synthetic demonstrations"")"
arXiv,2301.03844v1,Look Beyond Bias with Entropic Adversarial Data Augmentation,Thomas Duboudin; Emmanuel Dellandréa; Corentin Abgrall; Gilles Hénaff; Liming Chen,2023,arXiv,,http://arxiv.org/abs/2301.03844v1,"cat:cs.RO AND (all:""data augmentation"" OR all:""synthetic demonstrations"")","cat:cs.RO AND (all:""data augmentation"" OR all:""synthetic demonstrations"")"
arXiv,2303.02207v1,"Lightweight, Uncertainty-Aware Conformalized Visual Odometry",Alex C. Stutts; Danilo Erricolo; Theja Tulabandhula; Amit Ranjan Trivedi,2023,arXiv,,http://arxiv.org/abs/2303.02207v1,"cat:cs.RO AND (all:""data augmentation"" OR all:""synthetic demonstrations"")","cat:cs.RO AND (all:""data augmentation"" OR all:""synthetic demonstrations"")"
arXiv,2310.11239v2,LiDAR-based 4D Occupancy Completion and Forecasting,Xinhao Liu; Moonjun Gong; Qi Fang; Haoyu Xie; Yiming Li; Hang Zhao; Chen Feng,2023,arXiv,,http://arxiv.org/abs/2310.11239v2,"cat:cs.RO AND all:""data curation""","cat:cs.RO AND all:""data curation"""
arXiv,2304.01182v1,Learning to Read Braille: Bridging the Tactile Reality Gap with Diffusion Models,Carolina Higuera; Byron Boots; Mustafa Mukadam,2023,arXiv,,http://arxiv.org/abs/2304.01182v1,"cat:cs.RO AND (all:""data augmentation"" OR all:""synthetic demonstrations"")","cat:cs.RO AND (all:""data augmentation"" OR all:""synthetic demonstrations"")"
arXiv,2304.13242v2,Learning to Predict Navigational Patterns from Partial Observations,Robin Karlsson; Alexander Carballo; Francisco Lepe-Salazar; Keisuke Fujii; Kento Ohtani; Kazuya Takeda,2023,arXiv,,http://arxiv.org/abs/2304.13242v2,"cat:cs.RO AND (all:""data augmentation"" OR all:""synthetic demonstrations"")","cat:cs.RO AND (all:""data augmentation"" OR all:""synthetic demonstrations"")"
arXiv,2309.07609v1,Learning Quasi-Static 3D Models of Markerless Deformable Linear Objects for Bimanual Robotic Manipulation,Piotr Kicki; Michał Bidziński; Krzysztof Walas,2023,arXiv,,http://arxiv.org/abs/2309.07609v1,"cat:cs.RO AND (all:""data augmentation"" OR all:""synthetic demonstrations"")","cat:cs.RO AND (all:""data augmentation"" OR all:""synthetic demonstrations"")"
arXiv,2303.06335v3,Just Flip: Flipped Observation Generation and Optimization for Neural Radiance Fields to Cover Unobserved View,Minjae Lee; Kyeongsu Kang; Hyeonwoo Yu,2023,arXiv,,http://arxiv.org/abs/2303.06335v3,"cat:cs.RO AND (all:""data augmentation"" OR all:""synthetic demonstrations"")","cat:cs.RO AND (all:""data augmentation"" OR all:""synthetic demonstrations"")"
arXiv,2310.18247v3,Guided Data Augmentation for Offline Reinforcement Learning and Imitation Learning,Nicholas E. Corrado; Yuxiao Qu; John U. Balis; Adam Labiosa; Josiah P. Hanna,2023,arXiv,,http://arxiv.org/abs/2310.18247v3,"cat:cs.RO AND (all:""data augmentation"" OR all:""synthetic demonstrations"")","cat:cs.RO AND (all:""data augmentation"" OR all:""synthetic demonstrations"")"
arXiv,2312.17116v1,Generalizable Visual Reinforcement Learning with Segment Anything Model,Ziyu Wang; Yanjie Ze; Yifei Sun; Zhecheng Yuan; Huazhe Xu,2023,arXiv,,http://arxiv.org/abs/2312.17116v1,"cat:cs.RO AND (all:""data augmentation"" OR all:""synthetic demonstrations"")","cat:cs.RO AND (all:""data augmentation"" OR all:""synthetic demonstrations"")"
arXiv,2302.06671v2,GenAug: Retargeting behaviors to unseen situations via Generative Augmentation,Zoey Chen; Sho Kiami; Abhishek Gupta; Vikash Kumar,2023,arXiv,,http://arxiv.org/abs/2302.06671v2,"cat:cs.RO AND (all:""data augmentation"" OR all:""synthetic demonstrations"")","cat:cs.RO AND (all:""data augmentation"" OR all:""synthetic demonstrations"")"
arXiv,2304.01074v1,FinderNet: A Data Augmentation Free Canonicalization aided Loop Detection and Closure technique for Point clouds in 6-DOF separation,Sudarshan S Harithas; Gurkirat Singh; Aneesh Chavan; Sarthak Sharma; Suraj Patni; Chetan Arora; K. Madhava Krishna,2023,arXiv,,http://arxiv.org/abs/2304.01074v1,"cat:cs.RO AND (all:""data augmentation"" OR all:""synthetic demonstrations"")","cat:cs.RO AND (all:""data augmentation"" OR all:""synthetic demonstrations"")"
arXiv,2309.07578v1,Equivariant Data Augmentation for Generalization in Offline Reinforcement Learning,Cristina Pinneri; Sarah Bechtle; Markus Wulfmeier; Arunkumar Byravan; Jingwei Zhang; William F. Whitney; Martin Riedmiller,2023,arXiv,,http://arxiv.org/abs/2309.07578v1,"cat:cs.RO AND (all:""data augmentation"" OR all:""synthetic demonstrations"")","cat:cs.RO AND (all:""data augmentation"" OR all:""synthetic demonstrations"")"
arXiv,2310.16050v2,EquivAct: SIM(3)-Equivariant Visuomotor Policies beyond Rigid Object Manipulation,Jingyun Yang; Congyue Deng; Jimmy Wu; Rika Antonova; Leonidas Guibas; Jeannette Bohg,2023,arXiv,,http://arxiv.org/abs/2310.16050v2,"cat:cs.RO AND (all:""data augmentation"" OR all:""synthetic demonstrations"")","cat:cs.RO AND (all:""data augmentation"" OR all:""synthetic demonstrations"")"
arXiv,2309.08851v1,Enhancing Visual Perception in Novel Environments via Incremental Data Augmentation Based on Style Transfer,Abhibha Gupta; Rully Agus Hendrawan; Mansur Arief,2023,arXiv,,http://arxiv.org/abs/2309.08851v1,"cat:cs.RO AND (all:""data augmentation"" OR all:""synthetic demonstrations"")","cat:cs.RO AND (all:""data augmentation"" OR all:""synthetic demonstrations"")"
arXiv,2309.03530v1,Efficient Single Object Detection on Image Patches with Early Exit Enhanced High-Precision CNNs,Arne Moos,2023,arXiv,,http://arxiv.org/abs/2309.03530v1,"cat:cs.RO AND (all:""data augmentation"" OR all:""synthetic demonstrations"")","cat:cs.RO AND (all:""data augmentation"" OR all:""synthetic demonstrations"")"
arXiv,2311.05938v1,Efficient Learning of Fast Inverse Kinematics with Collision Avoidance,Johannes Tenhumberg; Arman Mielke; Berthold Bäuml,2023,arXiv,,http://arxiv.org/abs/2311.05938v1,"cat:cs.RO AND (all:""world model"" AND all:""data generation"")","cat:cs.RO AND (all:""world model"" AND all:""data generation"")"
arXiv,2303.15688v2,"Efficient Deep Learning of Robust, Adaptive Policies using Tube MPC-Guided Data Augmentation",Tong Zhao; Andrea Tagliabue; Jonathan P. How,2023,arXiv,,http://arxiv.org/abs/2303.15688v2,"cat:cs.RO AND (all:""data augmentation"" OR all:""synthetic demonstrations"")","cat:cs.RO AND (all:""data augmentation"" OR all:""synthetic demonstrations"")"
arXiv,2306.00286v2,Efficient Deep Learning of Robust Policies from MPC using Imitation and Tube-Guided Data Augmentation,Andrea Tagliabue; Jonathan P. How,2023,arXiv,,http://arxiv.org/abs/2306.00286v2,"cat:cs.RO AND (all:""data augmentation"" OR all:""synthetic demonstrations"")","cat:cs.RO AND (all:""data augmentation"" OR all:""synthetic demonstrations"")"
arXiv,2307.16186v2,ESP: Exploiting Symmetry Prior for Multi-Agent Reinforcement Learning,Xin Yu; Rongye Shi; Pu Feng; Yongkai Tian; Jie Luo; Wenjun Wu,2023,arXiv,,http://arxiv.org/abs/2307.16186v2,"cat:cs.RO AND (all:""data augmentation"" OR all:""synthetic demonstrations"")","cat:cs.RO AND (all:""data augmentation"" OR all:""synthetic demonstrations"")"
arXiv,2305.11996v2,EEG and EMG dataset for the detection of errors introduced by an active orthosis device,Niklas Kueper; Kartik Chari; Judith Bütefür; Julia Habenicht; Su Kyoung Kim; Tobias Rossol; Marc Tabie; Frank Kirchner; Elsa Andrea Kirchner,2023,arXiv,,http://arxiv.org/abs/2305.11996v2,"cat:cs.RO AND all:""data quality""","cat:cs.RO AND all:""data quality"""
arXiv,2310.17642v1,Drive Anywhere: Generalizable End-to-end Autonomous Driving with Multi-modal Foundation Models,Tsun-Hsuan Wang; Alaa Maalouf; Wei Xiao; Yutong Ban; Alexander Amini; Guy Rosman; Sertac Karaman; Daniela Rus,2023,arXiv,,http://arxiv.org/abs/2310.17642v1,"cat:cs.RO AND (all:""data augmentation"" OR all:""synthetic demonstrations"")","cat:cs.RO AND (all:""data augmentation"" OR all:""synthetic demonstrations"")"
arXiv,2307.06333v2,"Diagnosis, Feedback, Adaptation: A Human-in-the-Loop Framework for Test-Time Policy Adaptation",Andi Peng; Aviv Netanyahu; Mark Ho; Tianmin Shu; Andreea Bobu; Julie Shah; Pulkit Agrawal,2023,arXiv,,http://arxiv.org/abs/2307.06333v2,"cat:cs.RO AND (all:""data augmentation"" OR all:""synthetic demonstrations"")","cat:cs.RO AND (all:""data augmentation"" OR all:""synthetic demonstrations"")"
arXiv,2304.05238v2,Diagnosing and Augmenting Feature Representations in Correctional Inverse Reinforcement Learning,Inês Lourenço; Andreea Bobu; Cristian R. Rojas; Bo Wahlberg,2023,arXiv,,http://arxiv.org/abs/2304.05238v2,"cat:cs.RO AND (all:""data augmentation"" OR all:""synthetic demonstrations"")","cat:cs.RO AND (all:""data augmentation"" OR all:""synthetic demonstrations"")"
arXiv,2306.02437v1,Data Quality in Imitation Learning,Suneel Belkhale; Yuchen Cui; Dorsa Sadigh,2023,arXiv,,http://arxiv.org/abs/2306.02437v1,"cat:cs.RO AND all:""data curation""","cat:cs.RO AND all:""data curation"" || cat:cs.RO AND all:""data quality"""
arXiv,2303.12743v4,"DR.CPO: Diversified and Realistic 3D Augmentation via Iterative Construction, Random Placement, and HPR Occlusion",Jungwook Shin; Jaeill Kim; Kyungeun Lee; Hyunghun Cho; Wonjong Rhee,2023,arXiv,,http://arxiv.org/abs/2303.12743v4,"cat:cs.RO AND (all:""data augmentation"" OR all:""synthetic demonstrations"")","cat:cs.RO AND (all:""data augmentation"" OR all:""synthetic demonstrations"")"
arXiv,2310.12972v2,CCIL: Continuity-based Data Augmentation for Corrective Imitation Learning,Liyiming Ke; Yunchu Zhang; Abhay Deshpande; Siddhartha Srinivasa; Abhishek Gupta,2023,arXiv,,http://arxiv.org/abs/2310.12972v2,"cat:cs.RO AND (all:""data augmentation"" OR all:""synthetic demonstrations"")","cat:cs.RO AND (all:""data augmentation"" OR all:""synthetic demonstrations"")"
DBLP,1960909,BotanicGarden: A high-quality and large-scale robot navigation dataset in challenging natural environments,Yuanzhi Liu; Yujia Fu; Minghui Qin; Yufeng Xu; Baoxin Xu; Fengdong Chen; Bart Goossens; Hongwei Yu; Chun Liu 0003; Long Chen 0005; Wei Tao; Hui Zhao 0019,2023,CoRR,10.48550/ARXIV.2306.14137,https://doi.org/10.48550/arXiv.2306.14137,robot data quality,robot data quality
arXiv,2307.05933v1,BiRP: Learning Robot Generalized Bimanual Coordination using Relative Parameterization Method on Human Demonstration,Junjia Liu; Hengyi Sim; Chenzui Li; Fei Chen,2023,arXiv,,http://arxiv.org/abs/2307.05933v1,"cat:cs.RO AND (all:""data augmentation"" OR all:""synthetic demonstrations"")","cat:cs.RO AND (all:""data augmentation"" OR all:""synthetic demonstrations"")"
arXiv,2304.08893v1,Autonomous Systems: Autonomous Systems: Indoor Drone Navigation,Aswin Iyer; Santosh Narayan; Naren M; Manoj kumar Rajagopal,2023,arXiv,,http://arxiv.org/abs/2304.08893v1,"cat:cs.RO AND all:""autonomous data collection""","cat:cs.RO AND all:""autonomous data collection"""
arXiv,2304.00959v3,Autonomous Power Line Inspection with Drones via Perception-Aware MPC,Jiaxu Xing; Giovanni Cioffi; Javier Hidalgo-Carrió; Davide Scaramuzza,2023,arXiv,,http://arxiv.org/abs/2304.00959v3,"cat:cs.RO AND all:""data quality""","cat:cs.RO AND all:""data quality"""
DBLP,1765778,Automated Depth Dataset Generation with Integrated Quality Metrics for Robotic Manipulation,Albert Dalmases; Oriol Ruiz-Celada; Jan Rosell; Isiah Zaplana,2023,ETFA,10.1109/ETFA54631.2023.10275481,https://doi.org/10.1109/ETFA54631.2023.10275481,robot data quality,robot data quality
arXiv,2304.00584v1,An End-to-End Human Simulator for Task-Oriented Multimodal Human-Robot Collaboration,Afagh Mehri Shervedani; Siyu Li; Natawut Monaikul; Bahareh Abbasi; Barbara Di Eugenio; Milos Zefran,2023,arXiv,,http://arxiv.org/abs/2304.00584v1,"cat:cs.RO AND (all:""data augmentation"" OR all:""synthetic demonstrations"")","cat:cs.RO AND (all:""data augmentation"" OR all:""synthetic demonstrations"")"
arXiv,2310.20650v1,Addressing Limitations of State-Aware Imitation Learning for Autonomous Driving,Luca Cultrera; Federico Becattini; Lorenzo Seidenari; Pietro Pala; Alberto Del Bimbo,2023,arXiv,,http://arxiv.org/abs/2310.20650v1,"cat:cs.RO AND (all:""data augmentation"" OR all:""synthetic demonstrations"")","cat:cs.RO AND (all:""data augmentation"" OR all:""synthetic demonstrations"")"
arXiv,2303.12889v1,AVOID: Autonomous Vehicle Operation Incident Dataset Across the Globe,Ou Zheng; Mohamed Abdel-Aty; Zijin Wang; Shengxuan Ding; Dongdong Wang; Yuxuan Huang,2023,arXiv,,http://arxiv.org/abs/2303.12889v1,"cat:cs.RO AND all:""data quality""","cat:cs.RO AND all:""data quality"""
arXiv,2312.02208v1,A Data-efficient Framework for Robotics Large-scale LiDAR Scene Parsing,Kangcheng Liu,2023,arXiv,,http://arxiv.org/abs/2312.02208v1,"cat:cs.RO AND (all:""data augmentation"" OR all:""synthetic demonstrations"")","cat:cs.RO AND (all:""data augmentation"" OR all:""synthetic demonstrations"")"
arXiv,2301.09749v2,A Data-Efficient Visual-Audio Representation with Intuitive Fine-tuning for Voice-Controlled Robots,Peixin Chang; Shuijing Liu; Tianchen Ji; Neeloy Chakraborty; Kaiwen Hong; Katherine Driggs-Campbell,2023,arXiv,,http://arxiv.org/abs/2301.09749v2,"cat:cs.RO AND (all:""self-improvement"" OR all:""online post-training"")","cat:cs.RO AND (all:""self-improvement"" OR all:""online post-training"")"
arXiv,2306.04242v4,4D Millimeter-Wave Radar in Autonomous Driving: A Survey,Zeyu Han; Jiahao Wang; Zikun Xu; Shuocheng Yang; Lei He; Shaobing Xu; Jianqiang Wang; Keqiang Li,2023,arXiv,,http://arxiv.org/abs/2306.04242v4,"cat:cs.RO AND all:""data quality""","cat:cs.RO AND all:""data quality"""
arXiv,2302.00968v1,3D Coverage Path Planning for Efficient Construction Progress Monitoring,Katrin Becker; Martin Oehler; Oskar von Stryk,2023,arXiv,,http://arxiv.org/abs/2302.00968v1,"cat:cs.RO AND all:""data quality""","cat:cs.RO AND all:""data quality"""
arXiv,2209.06936v2,Vision-Based Uncertainty-Aware Motion Planning based on Probabilistic Semantic Segmentation,Ralf Römer; Armin Lederer; Samuel Tesfazgi; Sandra Hirche,2022,arXiv,,http://arxiv.org/abs/2209.06936v2,"cat:cs.RO AND (all:""data augmentation"" OR all:""synthetic demonstrations"")","cat:cs.RO AND (all:""data augmentation"" OR all:""synthetic demonstrations"")"
DBLP,2113128,UAV-Driven Sustainable and Quality-Aware Data Collection in Robotic Wireless Sensor Networks,Omer Melih Gul; Aydan M. Erkmen; Burak Kantarci,2022,IEEE Internet Things J.,10.1109/JIOT.2022.3195677,https://doi.org/10.1109/JIOT.2022.3195677,robot data quality,robot data quality
arXiv,2209.06890v2,Transferring Implicit Knowledge of Non-Visual Object Properties Across Heterogeneous Robot Morphologies,Gyan Tatiya; Jonathan Francis; Jivko Sinapov,2022,arXiv,,http://arxiv.org/abs/2209.06890v2,"cat:cs.RO AND (all:""data augmentation"" OR all:""synthetic demonstrations"")","cat:cs.RO AND (all:""data augmentation"" OR all:""synthetic demonstrations"")"
arXiv,2212.05275v1,Towards Scale Balanced 6-DoF Grasp Detection in Cluttered Scenes,Haoxiang Ma; Di Huang,2022,arXiv,,http://arxiv.org/abs/2212.05275v1,"cat:cs.RO AND (all:""data augmentation"" OR all:""synthetic demonstrations"")","cat:cs.RO AND (all:""data augmentation"" OR all:""synthetic demonstrations"")"
arXiv,2209.11945v1,Towards Bridging the Space Domain Gap for Satellite Pose Estimation using Event Sensing,Mohsi Jawaid; Ethan Elms; Yasir Latif; Tat-Jun Chin,2022,arXiv,,http://arxiv.org/abs/2209.11945v1,"cat:cs.RO AND (all:""data augmentation"" OR all:""synthetic demonstrations"")","cat:cs.RO AND (all:""data augmentation"" OR all:""synthetic demonstrations"")"
arXiv,2211.08634v1,Semantic keypoint extraction for scanned animals using multi-depth-camera systems,Raphael Falque; Teresa Vidal-Calleja; Alen Alempijevic,2022,arXiv,,http://arxiv.org/abs/2211.08634v1,"cat:cs.RO AND (all:""data augmentation"" OR all:""synthetic demonstrations"")","cat:cs.RO AND (all:""data augmentation"" OR all:""synthetic demonstrations"")"
arXiv,2210.16575v3,Self-Improving Safety Performance of Reinforcement Learning Based Driving with Black-Box Verification Algorithms,Resul Dagdanov; Halil Durmus; Nazim Kemal Ure,2022,arXiv,,http://arxiv.org/abs/2210.16575v3,"cat:cs.RO AND (all:""self-improvement"" OR all:""online post-training"")","cat:cs.RO AND (all:""self-improvement"" OR all:""online post-training"")"
arXiv,2211.05335v2,Scalable Modular Synthetic Data Generation for Advancing Aerial Autonomy,Mehrnaz Sabet; Praveen Palanisamy; Sakshi Mishra,2022,arXiv,,http://arxiv.org/abs/2211.05335v2,"cat:cs.RO AND (all:""data augmentation"" OR all:""synthetic demonstrations"")","cat:cs.RO AND (all:""data augmentation"" OR all:""synthetic demonstrations"")"
arXiv,2211.00194v1,SEIL: Simulation-augmented Equivariant Imitation Learning,Mingxi Jia; Dian Wang; Guanang Su; David Klee; Xupeng Zhu; Robin Walters; Robert Platt,2022,arXiv,,http://arxiv.org/abs/2211.00194v1,"cat:cs.RO AND (all:""data augmentation"" OR all:""synthetic demonstrations"")","cat:cs.RO AND (all:""data augmentation"" OR all:""synthetic demonstrations"")"
arXiv,2209.15256v1,S2P: State-conditioned Image Synthesis for Data Augmentation in Offline Reinforcement Learning,Daesol Cho; Dongseok Shim; H. Jin Kim,2022,arXiv,,http://arxiv.org/abs/2209.15256v1,"cat:cs.RO AND (all:""data augmentation"" OR all:""synthetic demonstrations"")","cat:cs.RO AND (all:""data augmentation"" OR all:""synthetic demonstrations"")"
arXiv,2209.02408v1,Robustness and invariance properties of image classifiers,Apostolos Modas,2022,arXiv,,http://arxiv.org/abs/2209.02408v1,"cat:cs.RO AND (all:""data augmentation"" OR all:""synthetic demonstrations"")","cat:cs.RO AND (all:""data augmentation"" OR all:""synthetic demonstrations"")"
arXiv,2211.07214v3,Robust Collaborative 3D Object Detection in Presence of Pose Errors,Yifan Lu; Quanhao Li; Baoan Liu; Mehrdad Dianati; Chen Feng; Siheng Chen; Yanfeng Wang,2022,arXiv,,http://arxiv.org/abs/2211.07214v3,"cat:cs.RO AND (all:""data augmentation"" OR all:""synthetic demonstrations"")","cat:cs.RO AND (all:""data augmentation"" OR all:""synthetic demonstrations"")"
arXiv,2210.10659v1,Review of the state of the art in autonomous artificial intelligence,Petar Radanliev; David De Roure,2022,arXiv,,http://arxiv.org/abs/2210.10659v1,"cat:cs.RO AND (all:""self-improvement"" OR all:""online post-training"")","cat:cs.RO AND (all:""self-improvement"" OR all:""online post-training"")"
arXiv,2210.11262v3,RMBench: Benchmarking Deep Reinforcement Learning for Robotic Manipulator Control,Yanfei Xiang; Xin Wang; Shu Hu; Bin Zhu; Xiaomeng Huang; Xi Wu; Siwei Lyu,2022,arXiv,,http://arxiv.org/abs/2210.11262v3,"cat:cs.RO AND (all:""data augmentation"" OR all:""synthetic demonstrations"")","cat:cs.RO AND (all:""data augmentation"" OR all:""synthetic demonstrations"")"
arXiv,2210.15504v1,Perception-aware Tag Placement Planning for Robust Localization of UAVs in Indoor Construction Environments,Navid Kayhani; Angela Schoellig; Brenda McCabe,2022,arXiv,,http://arxiv.org/abs/2210.15504v1,"cat:cs.RO AND all:""autonomous data collection""","cat:cs.RO AND all:""autonomous data collection"""
arXiv,2210.10127v1,"Output Feedback Tube MPC-Guided Data Augmentation for Robust, Efficient Sensorimotor Policy Learning",Andrea Tagliabue; Jonathan P. How,2022,arXiv,,http://arxiv.org/abs/2210.10127v1,"cat:cs.RO AND (all:""data augmentation"" OR all:""synthetic demonstrations"")","cat:cs.RO AND (all:""data augmentation"" OR all:""synthetic demonstrations"")"
arXiv,2208.07123v1,Online 3D Bin Packing Reinforcement Learning Solution with Buffer,Aaron Valero Puche; Sukhan Lee,2022,arXiv,,http://arxiv.org/abs/2208.07123v1,"cat:cs.RO AND (all:""data augmentation"" OR all:""synthetic demonstrations"")","cat:cs.RO AND (all:""data augmentation"" OR all:""synthetic demonstrations"")"
arXiv,2212.05749v2,On Pre-Training for Visuo-Motor Control: Revisiting a Learning-from-Scratch Baseline,Nicklas Hansen; Zhecheng Yuan; Yanjie Ze; Tongzhou Mu; Aravind Rajeswaran; Hao Su; Huazhe Xu; Xiaolong Wang,2022,arXiv,,http://arxiv.org/abs/2212.05749v2,"cat:cs.RO AND (all:""data augmentation"" OR all:""synthetic demonstrations"")","cat:cs.RO AND (all:""data augmentation"" OR all:""synthetic demonstrations"")"
arXiv,2208.13009v1,Object Goal Navigation using Data Regularized Q-Learning,Nandiraju Gireesh; D. A. Sasi Kiran; Snehasis Banerjee; Mohan Sridharan; Brojeshwar Bhowmick; Madhava Krishna,2022,arXiv,,http://arxiv.org/abs/2208.13009v1,"cat:cs.RO AND (all:""data augmentation"" OR all:""synthetic demonstrations"")","cat:cs.RO AND (all:""data augmentation"" OR all:""synthetic demonstrations"")"
arXiv,2210.11287v1,MoCoDA: Model-based Counterfactual Data Augmentation,Silviu Pitis; Elliot Creager; Ajay Mandlekar; Animesh Garg,2022,arXiv,,http://arxiv.org/abs/2210.11287v1,"cat:cs.RO AND (all:""data augmentation"" OR all:""synthetic demonstrations"")","cat:cs.RO AND (all:""data augmentation"" OR all:""synthetic demonstrations"")"
arXiv,2211.03020v2,Leveraging Haptic Feedback to Improve Data Quality and Quantity for Deep Imitation Learning Models,Catie Cuan; Allison Okamura; Mohi Khansari,2022,arXiv,,http://arxiv.org/abs/2211.03020v2,"cat:cs.RO AND all:""data quality""","cat:cs.RO AND all:""data quality"""
arXiv,2210.11435v2,Learning and Retrieval from Prior Data for Skill-based Imitation Learning,Soroush Nasiriany; Tian Gao; Ajay Mandlekar; Yuke Zhu,2022,arXiv,,http://arxiv.org/abs/2210.11435v2,"cat:cs.RO AND (all:""data augmentation"" OR all:""synthetic demonstrations"")","cat:cs.RO AND (all:""data augmentation"" OR all:""synthetic demonstrations"")"
arXiv,2209.05213v1,Learning Dense Visual Descriptors using Image Augmentations for Robot Manipulation Tasks,Christian Graf; David B. Adrian; Joshua Weil; Miroslav Gabriel; Philipp Schillinger; Markus Spies; Heiko Neumann; Andras Kupcsik,2022,arXiv,,http://arxiv.org/abs/2209.05213v1,"cat:cs.RO AND (all:""data augmentation"" OR all:""synthetic demonstrations"")","cat:cs.RO AND (all:""data augmentation"" OR all:""synthetic demonstrations"")"
DBLP,2422005,Handwriting and posture quality measures of children while interacting with a social robot in handwriting activities,Daniel Tozadore; Chenyang Wang; Barbara Bruno; Pierre Dillenbourg,2022,Zenodo,10.5281/ZENODO.10629060,https://doi.org/10.5281/zenodo.10629060,robot data quality,robot data quality
arXiv,2207.14299v2,Graph Inverse Reinforcement Learning from Diverse Videos,Sateesh Kumar; Jonathan Zamora; Nicklas Hansen; Rishabh Jangir; Xiaolong Wang,2022,arXiv,,http://arxiv.org/abs/2207.14299v2,"cat:cs.RO AND (all:""cross-embodiment"" OR all:""action alignment"")","cat:cs.RO AND (all:""cross-embodiment"" OR all:""action alignment"")"
arXiv,2210.09846v3,G-PECNet: Towards a Generalizable Pedestrian Trajectory Prediction System,Aryan Garg; Renu M. Rameshan,2022,arXiv,,http://arxiv.org/abs/2210.09846v3,"cat:cs.RO AND (all:""data augmentation"" OR all:""synthetic demonstrations"")","cat:cs.RO AND (all:""data augmentation"" OR all:""synthetic demonstrations"")"
DBLP,2435893,Enhancing Door Detection for Autonomous Mobile Robots with Environment-Specific Data Collection,Michele Antonazzi; Matteo Luperto; Nicola Basilico; N. Alberto Borghese,2022,CoRR,10.48550/ARXIV.2203.03959,https://doi.org/10.48550/arXiv.2203.03959,robot autonomous data collection,robot autonomous data collection
arXiv,2211.15920v2,Discrete Control in Real-World Driving Environments using Deep Reinforcement Learning,Avinash Amballa; Advaith P.; Pradip Sasmal; Sumohana Channappayya,2022,arXiv,,http://arxiv.org/abs/2211.15920v2,"cat:cs.RO AND (all:""data augmentation"" OR all:""synthetic demonstrations"")","cat:cs.RO AND (all:""data augmentation"" OR all:""synthetic demonstrations"")"
arXiv,2212.09902v1,Dexterous Manipulation from Images: Autonomous Real-World RL via Substep Guidance,Kelvin Xu; Zheyuan Hu; Ria Doshi; Aaron Rovinsky; Vikash Kumar; Abhishek Gupta; Sergey Levine,2022,arXiv,,http://arxiv.org/abs/2212.09902v1,"cat:cs.RO AND all:""autonomous data collection""","cat:cs.RO AND all:""autonomous data collection"""
arXiv,2209.14932v1,Contrastive Unsupervised Learning of World Model with Invariant Causal Features,Rudra P. K. Poudel; Harit Pandya; Roberto Cipolla,2022,arXiv,,http://arxiv.org/abs/2209.14932v1,"cat:cs.RO AND (all:""data augmentation"" OR all:""synthetic demonstrations"")","cat:cs.RO AND (all:""data augmentation"" OR all:""synthetic demonstrations"")"
DBLP,2350164,Conservative Filtering for Heterogeneous Decentralized Data Fusion in Dynamic Robotic Systems,Ofer Dagan; Nisar R. Ahmed,2022,IROS,10.1109/IROS47612.2022.9981414,https://doi.org/10.1109/IROS47612.2022.9981414,robot data filtering,robot data filtering
arXiv,2210.05896v1,Common Corruption Robustness of Point Cloud Detectors: Benchmark and Enhancement,Shuangzhi Li; Zhijie Wang; Felix Juefei-Xu; Qing Guo; Xingyu Li; Lei Ma,2022,arXiv,,http://arxiv.org/abs/2210.05896v1,"cat:cs.RO AND (all:""data augmentation"" OR all:""synthetic demonstrations"")","cat:cs.RO AND (all:""data augmentation"" OR all:""synthetic demonstrations"")"
arXiv,2207.03586v2,CausalAgents: A Robustness Benchmark for Motion Forecasting using Causal Relationships,Rebecca Roelofs; Liting Sun; Ben Caine; Khaled S. Refaat; Ben Sapp; Scott Ettinger; Wei Chai,2022,arXiv,,http://arxiv.org/abs/2207.03586v2,"cat:cs.RO AND (all:""data augmentation"" OR all:""synthetic demonstrations"")","cat:cs.RO AND (all:""data augmentation"" OR all:""synthetic demonstrations"")"
arXiv,2212.05711v2,CACTI: A Framework for Scalable Multi-Task Multi-Scene Visual Imitation Learning,Zhao Mandi; Homanga Bharadhwaj; Vincent Moens; Shuran Song; Aravind Rajeswaran; Vikash Kumar,2022,arXiv,,http://arxiv.org/abs/2212.05711v2,"cat:cs.RO AND (all:""data augmentation"" OR all:""synthetic demonstrations"")","cat:cs.RO AND (all:""data augmentation"" OR all:""synthetic demonstrations"")"
arXiv,2206.11610v2,1st Place Solutions for RxR-Habitat Vision-and-Language Navigation Competition (CVPR 2022),Dong An; Zun Wang; Yangguang Li; Yi Wang; Yicong Hong; Yan Huang; Liang Wang; Jing Shao,2022,arXiv,,http://arxiv.org/abs/2206.11610v2,"cat:cs.RO AND (all:""data augmentation"" OR all:""synthetic demonstrations"")","cat:cs.RO AND (all:""data augmentation"" OR all:""synthetic demonstrations"")"
arXiv,2106.03911v3,XIRL: Cross-embodiment Inverse Reinforcement Learning,Kevin Zakka; Andy Zeng; Pete Florence; Jonathan Tompson; Jeannette Bohg; Debidatta Dwibedi,2021,arXiv,,http://arxiv.org/abs/2106.03911v3,"cat:cs.RO AND (all:""cross-embodiment"" OR all:""action alignment"")","cat:cs.RO AND (all:""cross-embodiment"" OR all:""action alignment"")"
arXiv,2107.08325v1,Vision-Based Autonomous Car Racing Using Deep Imitative Reinforcement Learning,Peide Cai; Hengli Wang; Huaiyang Huang; Yuxuan Liu; Ming Liu,2021,arXiv,,http://arxiv.org/abs/2107.08325v1,"cat:cs.RO AND (all:""self-improvement"" OR all:""online post-training"")","cat:cs.RO AND (all:""self-improvement"" OR all:""online post-training"")"
arXiv,2105.01595v2,Self-Improving Semantic Perception for Indoor Localisation,Hermann Blum; Francesco Milano; René Zurbrügg; Roland Siegward; Cesar Cadena; Abel Gawel,2021,arXiv,,http://arxiv.org/abs/2105.01595v2,"cat:cs.RO AND (all:""self-improvement"" OR all:""online post-training"")","cat:cs.RO AND (all:""self-improvement"" OR all:""online post-training"")"
arXiv,2105.04112v2,ROBI: A Multi-View Dataset for Reflective Objects in Robotic Bin-Picking,Jun Yang; Yizhou Gao; Dong Li; Steven L. Waslander,2021,arXiv,,http://arxiv.org/abs/2105.04112v2,"cat:cs.RO AND all:""data quality""","cat:cs.RO AND all:""data quality"""
arXiv,2104.09705v3,Neural Tree Expansion for Multi-Robot Planning in Non-Cooperative Environments,Benjamin Riviere; Wolfgang Hoenig; Matthew Anderson; Soon-Jo Chung,2021,arXiv,,http://arxiv.org/abs/2104.09705v3,"cat:cs.RO AND (all:""self-improvement"" OR all:""online post-training"")","cat:cs.RO AND (all:""self-improvement"" OR all:""online post-training"")"
arXiv,2103.09016v2,Manipulator-Independent Representations for Visual Imitation,Yuxiang Zhou; Yusuf Aytar; Konstantinos Bousmalis,2021,arXiv,,http://arxiv.org/abs/2103.09016v2,"cat:cs.RO AND (all:""cross-embodiment"" OR all:""action alignment"")","cat:cs.RO AND (all:""cross-embodiment"" OR all:""action alignment"")"
DBLP,2546105,Enhancing a flexible robotic spraying platform for distant plant inspection via high-quality thermal imagery data,Dimitrios Loukatos; Charalampos Templalexis; Diamanto Lentzou; Georgios Xanthopoulos; Konstantinos G. Arvanitis,2021,Comput. Electron. Agric.,10.1016/J.COMPAG.2021.106462,https://doi.org/10.1016/j.compag.2021.106462,robot data quality,robot data quality
DBLP,2648433,Autonomous Data Collection With Timed Communication Constraints for Unmanned Underwater Vehicles,James McMahon; Erion Plaku,2021,IEEE Robotics Autom. Lett.,10.1109/LRA.2021.3060709,https://doi.org/10.1109/LRA.2021.3060709,robot autonomous data collection,robot autonomous data collection
DBLP,2649309,A perturbation signal based data-driven Gaussian process regression model for in-process part quality prediction in robotic countersinking operations,Mateo Leco; Visakan Kadirkamanathan,2021,Robotics Comput. Integr. Manuf.,10.1016/J.RCIM.2020.102105,https://doi.org/10.1016/j.rcim.2020.102105,robot data quality,robot data quality
DBLP,2664436,A Smart Capacitive Sensor Skin with Embedded Data Quality Indication for Enhanced Safety in Human-Robot Interaction,Christoph Scholl 0002; Andreas Tobola; Klaus Ludwig; Dario Zanca; Bjoern M. Eskofier,2021,Sensors,10.3390/S21217210,https://doi.org/10.3390/s21217210,robot data quality,robot data quality
DBLP,2647867,A Local Filtering Technique for Robot Skin Data,Alessandro Albini; Giorgio Cannata; Perla Maiolino,2021,IEEE Robotics Autom. Lett.,10.1109/LRA.2021.3098457,https://doi.org/10.1109/LRA.2021.3098457,robot data filtering,robot data filtering
arXiv,2109.11644v1,A Learned Stereo Depth System for Robotic Manipulation in Homes,Krishna Shankar; Mark Tjersland; Jeremy Ma; Kevin Stone; Max Bajracharya,2021,arXiv,,http://arxiv.org/abs/2109.11644v1,"cat:cs.RO AND all:""data mixing""","cat:cs.RO AND all:""data mixing"""
arXiv,2008.09679v1,Towards Resilient Autonomous Navigation of Drones,Angel Santamaria-Navarro; Rohan Thakker; David D. Fan; Benjamin Morrell; Ali-akbar Agha-mohammadi,2020,arXiv,,http://arxiv.org/abs/2008.09679v1,"cat:cs.RO AND all:""data quality""","cat:cs.RO AND all:""data quality"""
arXiv,2003.02636v1,Scalable Multi-Task Imitation Learning with Autonomous Improvement,Avi Singh; Eric Jang; Alexander Irpan; Daniel Kappler; Murtaza Dalal; Sergey Levine; Mohi Khansari; Chelsea Finn,2020,arXiv,,http://arxiv.org/abs/2003.02636v1,"cat:cs.RO AND all:""autonomous data collection""","cat:cs.RO AND all:""autonomous data collection"""
arXiv,2011.09004v1,Explaining Conditions for Reinforcement Learning Behaviors from Real and Imagined Data,Aastha Acharya; Rebecca Russell; Nisar R. Ahmed,2020,arXiv,,http://arxiv.org/abs/2011.09004v1,"cat:cs.RO AND (all:""world model"" AND all:""data generation"")","cat:cs.RO AND (all:""world model"" AND all:""data generation"")"
arXiv,2006.12896v1,Coverage Path Planning with Track Spacing Adaptation for Autonomous Underwater Vehicles,Veronika Yordanova; Bart Gips,2020,arXiv,,http://arxiv.org/abs/2006.12896v1,"cat:cs.RO AND all:""data quality""","cat:cs.RO AND all:""data quality"""
DBLP,3119674,Artificial Intelligence Applied to a Robotic Dairy Farm to Model Milk Productivity and Quality based on Cow Data and Daily Environmental Parameters,Sigfredo Fuentes; Claudia Gonzalez Viejo; Brendan Cullen; Eden Jane Tongson; Surinder S. Chauhan; Frank R. Dunshea,2020,Sensors,10.3390/S20102975,https://doi.org/10.3390/s20102975,robot data quality,robot data quality
arXiv,2007.14486v4,A Lifelong Learning Approach to Mobile Robot Navigation,Bo Liu; Xuesu Xiao; Peter Stone,2020,arXiv,,http://arxiv.org/abs/2007.14486v4,"cat:cs.RO AND (all:""self-improvement"" OR all:""online post-training"")","cat:cs.RO AND (all:""self-improvement"" OR all:""online post-training"")"
DBLP,3597997,Toward Supporting Food Journaling Using Air Quality Data Mining and a Social Robot,Federica Gerina; Barbara Pes; Diego Reforgiato Recupero; Daniele Riboni,2019,AmI,10.1007/978-3-030-34255-5_22,https://doi.org/10.1007/978-3-030-34255-5_22,robot data quality,robot data quality
arXiv,1905.06274v1,Reinforcement Learning for Robotics and Control with Active Uncertainty Reduction,Narendra Patwardhan; Zequn Wang,2019,arXiv,,http://arxiv.org/abs/1905.06274v1,"cat:cs.RO AND (all:""self-improvement"" OR all:""online post-training"")","cat:cs.RO AND (all:""self-improvement"" OR all:""online post-training"")"
arXiv,1905.10796v1,Online Deep Learning for Improved Trajectory Tracking of Unmanned Aerial Vehicles Using Expert Knowledge,Andriy Sarabakha; Erdal Kayacan,2019,arXiv,,http://arxiv.org/abs/1905.10796v1,"cat:cs.RO AND (all:""self-improvement"" OR all:""online post-training"")","cat:cs.RO AND (all:""self-improvement"" OR all:""online post-training"")"
arXiv,1903.03591v1,Learning to Identify Object Instances by Touch: Tactile Recognition via Multimodal Matching,Justin Lin; Roberto Calandra; Sergey Levine,2019,arXiv,,http://arxiv.org/abs/1903.03591v1,"cat:cs.RO AND all:""autonomous data collection""","cat:cs.RO AND all:""autonomous data collection"""
arXiv,1906.04055v2,Enabling Robust State Estimation through Measurement Error Covariance Adaptation,Ryan M. Watson; Jason N. Gross; Clark N. Taylor; Robert C. Leishman,2019,arXiv,,http://arxiv.org/abs/1906.04055v2,"cat:cs.RO AND all:""data quality""","cat:cs.RO AND all:""data quality"""
arXiv,1907.08981v1,Alice's Adventures in the Markovian World,Zhanzhan Zhao; Haoran Sun,2019,arXiv,,http://arxiv.org/abs/1907.08981v1,"cat:cs.RO AND (all:""cross-embodiment"" OR all:""action alignment"")","cat:cs.RO AND (all:""cross-embodiment"" OR all:""action alignment"")"
DBLP,3885861,The information quality framework for evaluating data science programs,Shirley Coleman; Ron S. Kenett,2018,Encycl. Semantic Comput. Robotic Intell.,10.1142/S2529737617300017,https://doi.org/10.1142/S2529737617300017,robot data quality,robot data quality
DBLP,4101325,Pose Estimation for Mobile Robots to Maximise Data Quality of Fixed-Focus Laser Diagnostics in Hazardous Environments,Andrew West; Simon Watson 0001; Barry Lennox,2018,IROS,10.1109/IROS.2018.8593367,https://doi.org/10.1109/IROS.2018.8593367,robot data quality,robot data quality
DBLP,3906743,Paris-Lille-3D: A large and high-quality ground-truth urban point cloud dataset for automatic segmentation and classification,Xavier Roynard; Jean-Emmanuel Deschaud; François Goulette,2018,Int. J. Robotics Res.,10.1177/0278364918767506,https://doi.org/10.1177/0278364918767506,robot data quality,robot data quality
arXiv,1807.11034v1,PSDF Fusion: Probabilistic Signed Distance Function for On-the-fly 3D Data Fusion and Scene Reconstruction,Wei Dong; Qiuyuan Wang; Xin Wang; Hongbin Zha,2018,arXiv,,http://arxiv.org/abs/1807.11034v1,"cat:cs.RO AND all:""data quality""","cat:cs.RO AND all:""data quality"""
DBLP,4081335,Human-Driven Feature Selection for a Robotic Agent Learning Classification Tasks from Demonstration,Kalesha Bullard; Sonia Chernova; Andrea Lockerd Thomaz,2018,ICRA,10.1109/ICRA.2018.8461012,https://doi.org/10.1109/ICRA.2018.8461012,robot demonstration selection,robot demonstration selection
DBLP,4081942,EndoSensorFusion: Particle Filtering-Based Multi-Sensory Data Fusion with Switching State-Space Model for Endoscopic Capsule Robots,Mehmet Turan; Yasin Almalioglu; Hunter Gilbert; Helder Araújo; A. Taylan Cemgil; Metin Sitti,2018,ICRA,10.1109/ICRA.2018.8460472,https://doi.org/10.1109/ICRA.2018.8460472,robot data filtering,robot data filtering
DBLP,3986327,Control of autonomous robot behavior using data filtering through adaptive resonance theory,Adam Barton; Eva Volná; Martin Kotyrba,2018,Vietnam. J. Comput. Sci.,10.1007/S40595-017-0103-7,https://doi.org/10.1007/s40595-017-0103-7,robot data filtering,robot data filtering
